,,,,,,,,Playing Time,Playing Time,Playing Time,Playing Time,Playing Time,Starts,Starts,Starts,Subs,Subs,Subs,Team Success,Team Success,Team Success,Team Success,Team Success,Team Success,,
Rk,Player,Nation,Pos,Squad,Comp,Age,Born,MP,Min,Mn/MP,Min%,90s,Starts,Mn/Start,Compl,Subs,Mn/Sub,unSub,PPM,onG,onGA,+/-,+/-90,On-Off,,
1,Brenden Aaronson,us USA,MFFW,Leeds United,eng Premier League,24,2000,37,2449,66,71.6,27.2,30,77,2,7,21,1,1.19,35,31,4,0.15,1.17,,
2,Jerome Abbey,eng ENG,MF,Wolves,eng Premier League,15,2009,1,17,17,0.5,0.2,0,,0,1,17,1,1,0,0,0,0,1.08,,
3,Zach Abbott,eng ENG,DF,Nottingham,eng Premier League,19,2006,3,164,55,4.8,1.8,2,60,0,1,45,13,1,2,4,-2,-1.1,-1.07,,
4,Keyliane Abdallah,fr FRA,FW,Marseille,fr Ligue 1,19,2006,0,,,,,0,,0,0,,1,,,,,,,,
5,Jones El-Abdellaoui,ma MAR,MFFW,Celta Vigo,es La Liga,19,2006,22,681,31,19.9,7.6,4,75,1,18,21,16,1.55,17,12,5,0.66,0.66,,
6,Himad Abdelli,dz ALG,MF,Marseille,fr Ligue 1,25,1999,8,138,17,4.5,1.5,1,58,0,7,11,2,1,2,8,-6,-3.91,-4.65,,
7,Himad Abdelli,dz ALG,MF,Angers,fr Ligue 1,25,1999,13,943,73,30.8,10.5,11,81,4,2,25,0,1.38,12,13,-1,-0.1,0.67,,
8,Mohamed Abdelmonem,eg EGY,DF,Nice,fr Ligue 1,26,1999,0,,,,,0,,0,0,,1,,,,,,,,
9,Ali Abdi,tn TUN,MFDF,Nice,fr Ligue 1,31,1993,22,1187,54,38.8,13.2,13,76,7,9,23,2,0.68,19,17,2,0.15,1.35,,
10,Salis Abdul Samed,gh GHA,MF,Nice,fr Ligue 1,25,2000,18,911,51,29.8,10.1,12,67,2,6,18,12,1.06,15,17,-2,-0.2,0.68,,
11,Saud Abdulhamid,sa KSA,MF,Lens,fr Ligue 1,26,1999,25,1352,54,44.2,15,14,83,8,11,18,6,1.84,35,17,18,1.2,0.51,,
12,Tay Abed,il ISR,MF,Levante,es La Liga,21,2004,7,93,13,2.7,1,0,,0,7,13,11,1.14,2,3,-1,-0.97,-0.62,,
13,Laurent Abergel,fr FRA,MF,Lorient,fr Ligue 1,32,1993,28,2318,83,75.8,25.8,27,85,19,1,22,0,1.39,40,41,-1,-0.04,0.2,,
14,Matthis Abline,fr FRA,FWMF,Nantes,fr Ligue 1,22,2003,32,2494,78,84,27.7,27,88,19,5,26,0,0.64,25,49,-24,-0.87,-1.06,,
15,Abner,br BRA,DFMF,Lyon,fr Ligue 1,25,2000,26,2150,83,70.3,23.9,25,86,17,1,3,2,1.81,35,25,10,0.42,0.12,,
16,Zakaria Aboukhlal,ma MAR,MF,Torino,it Serie A,25,2000,15,511,34,14.9,5.7,6,59,0,9,18,5,0.53,2,11,-9,-1.59,-1.28,,
17,Abdel Abqar,ma MAR,DF,Getafe,es La Liga,26,1999,23,1437,62,42,16,17,75,7,6,26,0,1.17,15,14,1,0.06,0.38,,
18,Tammy Abraham,eng ENG,FW,Aston Villa,eng Premier League,27,1997,12,286,24,8.4,3.2,2,75,1,10,14,2,1,4,8,-4,-1.26,-1.57,,
19,Vicent Abril,es ESP,GK,Valencia,es La Liga,20,2005,0,,,,,0,,0,0,,10,,,,,,,,
20,Francis Abu,gh GHA,MF,Toulouse,fr Ligue 1,24,2001,8,526,66,17.7,5.8,7,69,1,1,45,3,1.13,10,7,3,0.51,0.59,,
21,Giorgi Abuashvili,ge GEO,MFFW,Metz,fr Ligue 1,22,2003,23,698,30,22.8,7.8,6,64,0,17,19,9,0.52,8,20,-12,-1.55,-0.33,,
22,Mathieu Acapandié,mg MAD,DFMF,Nantes,fr Ligue 1,20,2004,6,261,44,8.8,2.9,2,84,1,4,23,1,0.71,3,7,-4,-1.38,-0.75,,
23,Francesco Acerbi,it ITA,DF,Inter,it Serie A,37,1988,18,1378,77,40.3,15.3,15,88,12,3,22,18,2.11,34,18,16,1.04,-0.63,,
24,Ragnar Ache,de GER,FW,Köln,de Bundesliga,27,1998,29,1718,59,56.1,19.1,18,78,3,11,29,0,1.03,27,38,-11,-0.58,-0.38,,
25,Joshua Acheampong,eng ENG,DF,Chelsea,eng Premier League,19,2006,17,666,39,19.5,7.4,8,71,1,9,11,18,1.18,10,13,-3,-0.41,-0.7,,
26,Wisdom Acquah,it ITA,FW,Torino,it Serie A,18,2007,0,,,,,0,,0,0,,4,,,,,,,,
27,Akor Adams,ng NGA,FW,Sevilla,es La Liga,25,2000,32,2064,65,60.4,22.9,21,85,14,11,25,1,1.13,32,40,-8,-0.35,0.05,,
28,Ché Adams,sct SCO,FW,Torino,it Serie A,29,1996,33,1893,57,55.4,21,19,76,4,14,32,2,1.18,26,30,-4,-0.19,0.69,,
29,Tyler Adams,us USA,MF,Bournemouth,eng Premier League,26,1999,25,1772,71,51.8,19.7,21,79,10,4,28,1,1.52,25,28,-3,-0.15,-0.53,,
30,Junior Adamu,at AUT,FW,Freiburg,de Bundesliga,24,2001,9,446,50,14.6,5,7,61,0,2,9,10,1.44,7,4,3,0.61,0.92,,
31,Tosin Adarabioyo,eng ENG,DF,Chelsea,eng Premier League,27,1997,16,795,50,23.2,8.8,8,80,6,8,19,12,1.44,16,14,2,0.23,0.09,,
32,Jayden Addai,nl NED,MF,Como,it Serie A,19,2005,12,686,57,20.1,7.6,7,75,2,5,32,6,1.25,11,6,5,0.66,-0.36,,
33,Wesley Adeh,de GER,MF,Werder Bremen,de Bundesliga,18,2007,0,,,,,0,,0,0,,3,,,,,,,,
34,Karim Adeyemi,de GER,MFFW,Dortmund,de Bundesliga,23,2002,28,1195,43,39.1,13.3,15,69,0,13,12,1,2.29,27,14,13,0.98,-0.13,,
35,Simon Adingra,ci CIV,MFFW,Sunderland,eng Premier League,23,2002,14,653,47,19.1,7.3,9,64,0,5,16,8,1.07,6,8,-2,-0.28,-0.15,,
36,Simon Adingra,ci CIV,MFFW,Monaco,fr Ligue 1,23,2002,14,855,61,27.9,9.5,10,75,2,4,27,0,1.93,19,15,4,0.42,0.34,,
37,Nathaniel Adjei,gh GHA,DF,Lorient,fr Ligue 1,22,2002,15,835,56,27.3,9.3,9,88,8,6,7,11,1.6,13,13,0,0,0.12,,
38,Jonas Adjetey,gh GHA,DF,Wolfsburg,de Bundesliga,21,2003,4,137,34,4.5,1.5,1,90,1,3,16,5,0.25,1,3,-2,-1.31,-0.64,,
39,Amine Adli,ma MAR,MF,Bournemouth,eng Premier League,25,2000,31,1094,35,32,12.2,10,73,2,21,17,6,1.48,18,17,1,0.08,-0.03,,
40,Adrián,es ESP,GK,Real Betis,es La Liga,38,1987,1,90,90,2.6,1,1,90,1,0,,34,3,2,1,1,1,0.73,,
41,Vasilije Adžić,me MNE,MF,Juventus,it Serie A,19,2006,10,171,17,5,1.9,1,57,0,9,13,25,1.6,2,3,-1,-0.53,-1.3,,
42,Michel Aebischer,ch SUI,MF,Pisa,it Serie A,28,1997,35,2892,83,84.6,32.1,33,85,25,2,45,1,0.51,23,49,-26,-0.81,2.43,,
43,David Affengruber,at AUT,DF,Elche,es La Liga,24,2001,36,2949,82,86.2,32.8,33,87,27,3,31,0,1.14,45,49,-4,-0.12,0.64,,
44,Dapo Afolayan,eng ENG,MF,St Pauli,de Bundesliga,27,1997,7,150,21,4.9,1.7,1,45,0,6,18,5,0.57,1,3,-2,-1.2,-0.3,,
45,Emmanuel Agbadou,ci CIV,DF,Wolves,eng Premier League,28,1997,14,1101,79,32.2,12.2,12,85,11,2,38,4,0.14,6,27,-21,-1.72,-0.94,,
46,Julen Agirrezabala,es ESP,GK,Valencia,es La Liga,24,2000,18,1620,90,47.4,18,18,90,18,0,,4,0.89,17,30,-13,-0.72,-0.92,,
47,Lucien Agoume,fr FRA,MF,Sevilla,es La Liga,23,2002,34,2686,79,78.5,29.8,31,84,20,3,26,1,1.18,39,48,-9,-0.3,0.31,,
48,Saad Agouzoul,ma MAR,DF,Auxerre,fr Ligue 1,27,1997,0,,,,,0,,0,0,,2,,,,,,,,
49,Felix Agu,ng NGA,DFMF,Werder Bremen,de Bundesliga,25,1999,11,744,68,24.3,8.3,9,76,4,2,30,3,0.91,11,19,-8,-0.97,-0.38,,
50,Diego Aguado,es ESP,DF,Real Madrid,es La Liga,18,2007,1,30,30,0.9,0.3,0,,0,1,30,4,3,2,1,1,3,1.91,,
51,Marc Aguado,es ESP,MF,Elche,es La Liga,25,2000,35,2500,71,73.1,27.8,30,80,9,5,21,0,1.03,32,38,-6,-0.22,-0.02,,
52,Pablo Agudín,es ESP,MF,Oviedo,es La Liga,17,2007,7,90,13,2.6,1,0,,0,7,13,18,0.43,0,3,-3,-3,-2.16,,
53,Nayef Aguerd,ma MAR,DF,Marseille,fr Ligue 1,29,1996,16,1396,87,45.6,15.5,16,87,13,0,,1,1.94,33,17,16,1.03,0.92,,
54,Nayef Aguerd,ma MAR,DF,West Ham,eng Premier League,29,1996,2,180,90,5.3,2,2,90,2,0,,0,0,1,8,-7,-3.5,-3.17,,
55,Ruben Aguilar,fr FRA,MF,Lens,fr Ligue 1,32,1993,26,1720,66,56.2,19.1,20,79,6,6,25,1,2.08,30,21,9,0.47,-1.01,,
56,Ibai Aguirre,es ESP,MF,Real Sociedad,es La Liga,18,2007,1,6,6,0.2,0.1,0,,0,1,6,8,3,0,0,0,0,0.05,,
57,Ruiz Agustina,es ESP,MF,Levante,es La Liga,22,2003,0,,,,,0,,0,0,,1,,,,,,,,
58,Enock Agyei,be BEL,FW,Burnley,eng Premier League,20,2005,0,,,,,0,,0,0,,1,,,,,,,,
59,Naouirou Ahamada,fr FRA,MF,Auxerre,fr Ligue 1,23,2002,15,682,45,22.3,7.6,8,73,2,7,14,2,1.33,10,7,3,0.4,0.89,,
60,Honest Ahanor,it ITA,DF,Atalanta,it Serie A,17,2008,22,1377,63,40.3,15.3,15,74,10,7,38,14,1.64,17,15,2,0.13,-0.44,,
61,Lucas Ahijado,es ESP,DF,Oviedo,es La Liga,30,1995,20,1098,55,32.1,12.2,11,83,7,9,21,11,0.5,8,24,-16,-1.31,-0.61,,
62,Erik Ahlstrand,se SWE,MF,St Pauli,de Bundesliga,23,2001,0,,,,,0,,0,0,,11,,,,,,,,
63,Joseph Aidoo,gh GHA,DF,Celta Vigo,es La Liga,29,1995,8,639,80,18.7,7.1,7,89,6,1,18,18,2.25,17,13,4,0.56,0.53,,
64,Romeo Aigbekaen,de GER,MF,St Pauli,de Bundesliga,21,2004,0,,,,,0,,0,0,,2,,,,,,,,
65,Ola Aina,ng NGA,DF,Nottingham,eng Premier League,28,1996,18,1588,88,46.4,17.6,18,88,15,0,,0,1.39,27,19,8,0.45,0.99,,
66,Abdelhamid Ait Boudlal,ma MAR,DF,Rennes,fr Ligue 1,19,2006,20,1403,70,45.8,15.6,17,80,14,3,13,5,1.85,33,28,5,0.32,0.1,,
67,Rayan Aït-Nouri,dz ALG,DF,Manchester City,eng Premier League,24,2001,17,974,57,28.5,10.8,12,77,7,5,11,9,1.94,23,9,14,1.29,0.26,,
68,Tosin Aiyegun,bj BEN,FWMF,Lorient,fr Ligue 1,27,1998,27,1073,40,35.1,11.9,11,68,1,16,20,3,1.04,13,16,-3,-0.25,-0.25,,
69,Junior Ajayi,ci CIV,FW,Hellas Verona,it Serie A,20,2004,1,1,1,0,0,0,,0,1,1,22,1,0,0,0,0,0.95,,
70,Kristoffer Ajer,no NOR,DF,Brentford,eng Premier League,27,1998,27,1810,67,52.9,20.1,20,83,13,7,20,9,1.37,29,32,-3,-0.15,-0.48,,
71,Ludovic Ajorque,fr FRA,FW,Brest,fr Ligue 1,31,1994,32,2820,88,92.2,31.3,32,88,28,0,,0,1.22,41,49,-8,-0.26,1.24,,
72,Ayoube Akabou,fr FRA,GK,Rennes,fr Ligue 1,18,2007,0,,,,,0,,0,0,,4,,,,,,,,
73,Izak Akakpo,tg TOG,DF,Lorient,fr Ligue 1,21,2004,0,,,,,0,,0,0,,3,,,,,,,,
74,Manuel Akanji,ch SUI,DFMF,Manchester City,eng Premier League,30,1995,0,,,,,0,,0,0,,2,,,,,,,,
75,Manuel Akanji,ch SUI,DF,Inter,it Serie A,30,1995,33,2821,85,82.5,31.3,31,90,30,2,21,2,2.39,73,26,47,1.5,0.45,,
76,Junior Ake,fr FRA,DF,Rennes,fr Ligue 1,18,2007,0,,,,,0,,0,0,,1,,,,,,,,
77,Nathan Aké,nl NED,DF,Manchester City,eng Premier League,30,1995,18,695,39,20.3,7.7,6,85,4,12,16,17,2.06,10,9,1,0.13,-1.22,,
78,Yusuf Akhamrich,eng ENG,MF,Tottenham,eng Premier League,19,2005,0,,,,,0,,0,0,,1,,,,,,,,
79,Ilias Akhomach,ma MAR,MF,Villarreal,es La Liga,21,2004,9,188,21,5.5,2.1,2,45,0,7,14,5,2.78,2,3,-1,-0.48,-1.23,,
80,Ilias Akhomach,ma MAR,MFFW,Rayo Vallecano,es La Liga,21,2004,11,709,64,20.7,7.9,7,79,1,4,39,1,1.27,14,11,3,0.38,0.58,,
81,Ebenezer Akinsanmiro,ng NGA,MF,Pisa,it Serie A,20,2004,24,1444,60,42.2,16,16,75,7,8,31,6,0.5,10,29,-19,-1.18,0,,
82,Maghnes Akliouche,fr FRA,MFFW,Monaco,fr Ligue 1,23,2002,31,2400,77,78.4,26.7,28,82,16,3,33,1,1.55,48,38,10,0.37,0.92,,
83,Clément Akpa,ci CIV,DF,Auxerre,fr Ligue 1,23,2001,26,1944,75,63.5,21.6,21,85,18,5,31,4,1,16,29,-13,-0.6,-0.84,,
84,Jean-Daniel Akpa-Akpro,ci CIV,MF,Hellas Verona,it Serie A,32,1992,22,1504,68,44,16.7,17,76,7,5,41,1,0.5,10,19,-9,-0.54,0.73,,
85,Kevin Akpoguma,ng NGA,DF,Hoffenheim,de Bundesliga,30,1995,8,61,8,2,0.7,1,16,0,7,6,19,1.38,0,4,-4,-5.9,-6.41,,
86,Al-Musrati,ly LBY,MF,Hellas Verona,it Serie A,29,1996,18,844,47,24.7,9.4,8,76,3,10,24,11,0.61,7,19,-12,-1.28,-0.44,,
87,David Alaba,at AUT,DF,Real Madrid,es La Liga,33,1992,11,424,39,12.4,4.7,5,70,2,6,13,18,2.27,7,5,2,0.42,-0.78,,
88,Adedamola Alabi,eng ENG,MF,Newcastle,eng Premier League,16,2009,0,,,,,0,,0,0,,2,,,,,,,,
89,Agustín Albarracín,uy URU,FW,Cagliari,it Serie A,19,2005,2,33,17,1,0.4,0,,0,2,17,14,0,0,1,-1,-2.73,-2.41,,
90,Mathis Albert,us USA,FW,Dortmund,de Bundesliga,16,2009,1,2,2,0.1,0,0,,0,1,2,4,3,0,0,0,0,-1.06,,
91,Raúl Albiol,es ESP,DF,Pisa,it Serie A,39,1985,8,500,63,14.6,5.6,5,73,2,3,45,20,0.88,4,11,-7,-1.26,-0.09,,
92,Carlos Alcaraz,ar ARG,MF,Everton,eng Premier League,22,2002,20,689,34,20.1,7.7,6,75,0,14,17,8,1.15,8,10,-2,-0.26,-0.23,,
93,Omar Alderete,py PAR,DF,Sunderland,eng Premier League,28,1996,33,2798,85,81.8,31.1,32,86,27,1,38,2,1.39,30,40,-10,-0.32,-0.9,,
94,Milan Aleksić,rs SRB,FW,Sunderland,eng Premier League,19,2005,0,,,,,0,,0,0,,2,,,,,,,,
95,Alexandre Alemão,br BRA,FW,Rayo Vallecano,es La Liga,27,1998,26,1136,44,33.2,12.6,11,73,0,15,22,5,1.42,14,12,2,0.16,0.36,,
96,Doğan Alemdar,tr TUR,GK,Rennes,fr Ligue 1,22,2002,0,,,,,0,,0,0,,3,,,,,,,,
97,Carles Aleñá,es ESP,MF,Alavés,es La Liga,27,1998,34,1989,59,58.2,22.1,23,73,4,11,27,3,1.06,23,35,-12,-0.54,-0.54,,
98,Ben Alexander Voll,de GER,GK,St Pauli,de Bundesliga,24,2000,0,,,,,0,,0,0,,33,,,,,,,,
99,Trent Alexander-Arnold,eng ENG,DF,Real Madrid,es La Liga,26,1998,21,1163,55,34,12.9,14,76,6,7,15,3,2.05,25,14,11,0.85,-0.38,,
100,Mykyta Alexandrov,ua UKR,MF,Getafe,es La Liga,20,2004,0,,,,,0,,0,0,,3,,,,,,,,
101,Christos Alexiou,gr GRE,DF,Inter,it Serie A,20,2005,0,,,,,0,,0,0,,4,,,,,,,,
102,Alfon,es ESP,MF,Villarreal,es La Liga,26,1999,10,333,33,9.7,3.7,3,64,0,7,20,4,1.7,4,4,0,0,-0.76,,
103,Alfon,es ESP,MF,Sevilla,es La Liga,26,1999,10,312,31,9.1,3.5,4,56,1,6,15,1,1.1,5,6,-1,-0.29,0.09,,
104,Mohamed Ali Cho,fr FRA,FWMF,Nice,fr Ligue 1,21,2004,24,1667,69,54.5,18.5,20,76,4,4,37,0,0.67,21,35,-14,-0.76,-0.17,,
105,Alisson,br BRA,GK,Liverpool,eng Premier League,32,1992,26,2340,90,68.4,26,26,90,26,0,,0,1.81,44,31,13,0.5,0.75,,
106,Eder Aller,es ESP,GK,Barcelona,es La Liga,18,2007,0,,,,,0,,0,0,,16,,,,,,,,
107,Jim Allevinah,ga GAB,MF,Angers,fr Ligue 1,30,1995,6,133,22,4.3,1.5,0,,0,6,22,1,1.33,1,1,0,0,0.58,,
108,Max Alleyne,eng ENG,DF,Manchester City,eng Premier League,20,2005,2,135,68,3.9,1.5,2,68,1,0,,5,0.5,1,1,0,0,-1.15,,
109,Thiago Almada,ar ARG,MFFW,Atlético Madrid,es La Liga,24,2001,27,1311,49,38.3,14.6,16,65,3,11,25,4,1.78,18,17,1,0.07,-0.66,,
110,Alex Almansa,es ESP,FW,Espanyol,es La Liga,21,2003,0,,,,,0,,0,0,,1,,,,,,,,
111,André Almeida,pt POR,MF,Valencia,es La Liga,25,2000,22,1017,46,29.7,11.3,11,75,3,11,17,15,1.23,14,14,0,0,0.34,,
112,Pontus Almqvist,se SWE,MF,Parma,it Serie A,26,1999,13,457,35,13.4,5.1,4,66,0,9,22,11,0.77,4,7,-3,-0.59,-0.14,,
113,Marcos Alonso,es ESP,DF,Celta Vigo,es La Liga,34,1990,32,2768,87,80.9,30.8,31,88,28,1,33,0,1.41,40,37,3,0.1,-0.18,,
114,Adrià Altimira,es ESP,DFMF,Villarreal,es La Liga,24,2001,1,9,9,0.3,0.1,0,,0,1,9,15,0,0,0,0,0,-0.69,,
115,Sergi Altimira,es ESP,MF,Real Betis,es La Liga,23,2001,24,1186,49,34.7,13.2,13,74,5,11,21,11,1.5,14,19,-5,-0.38,-1.02,,
116,Edu Altozano,es ESP,MF,Sevilla,es La Liga,18,2006,0,,,,,0,,0,0,,3,,,,,,,,
117,Agustín Álvarez,uy URU,FW,Sassuolo,it Serie A,24,2001,0,,,,,0,,0,0,,1,,,,,,,,
118,Carlos Álvarez,es ESP,MF,Levante,es La Liga,21,2003,30,1890,63,55.3,21,23,76,7,7,21,1,0.93,20,35,-15,-0.71,-0.77,,
119,Edson Álvarez,mx MEX,DFMF,West Ham,eng Premier League,27,1997,0,,,,,0,,0,0,,1,,,,,,,,
120,Hugo Álvarez,es ESP,FWMF,Celta Vigo,es La Liga,22,2003,28,1340,48,39.2,14.9,15,70,4,13,22,6,1.43,25,23,2,0.13,0,,
121,Julián Álvarez,ar ARG,FW,Atlético Madrid,es La Liga,25,2000,29,1895,65,55.4,21.1,22,74,6,7,38,3,1.97,35,20,15,0.71,0.54,,
122,Yeray Álvarez,es ESP,DF,Athletic Club,es La Liga,30,1995,7,513,73,15,5.7,6,78,4,1,45,2,1,7,9,-2,-0.35,0.05,,
123,Skelly Alvero,fr FRA,MF,Werder Bremen,de Bundesliga,23,2002,2,34,17,1.1,0.4,0,,0,2,17,15,2,2,0,2,5.29,6.04,,
124,Ayoube Amaimouni,ma MAR,MFFW,Frankfurt,de Bundesliga,20,2004,17,586,34,19.2,6.5,6,67,0,11,17,2,1,14,11,3,0.46,0.72,,
125,Jaydon Amauri Banel,nl NED,FWMF,Burnley,eng Premier League,20,2004,1,10,10,0.3,0.1,0,,0,1,10,1,0,0,0,0,0,0.98,,
126,Giuseppe Ambrosino,it ITA,FW,Napoli,it Serie A,21,2003,3,38,13,1.1,0.4,0,,0,3,13,17,2,1,0,1,2.37,1.81,,
127,Zeki Amdouni,ch SUI,FWMF,Burnley,eng Premier League,24,2000,4,73,18,2.1,0.8,0,,0,4,18,0,0.5,0,0,0,0,0.99,,
128,Aurèle Amenda,ch SUI,DF,Frankfurt,de Bundesliga,22,2003,24,1678,70,54.8,18.6,18,90,17,6,11,7,1.17,28,34,-6,-0.32,-0.45,,
129,Kelvin Amian,fr FRA,DF,Nantes,fr Ligue 1,27,1998,23,1961,85,66,21.8,22,89,21,1,1,2,0.65,21,40,-19,-0.87,-0.52,,
130,Michael Amir Murillo,pa PAN,DFMF,Marseille,fr Ligue 1,29,1996,16,989,62,32.3,11,11,80,7,5,21,2,2,26,13,13,1.18,0.97,,
131,Nadiem Amiri,de GER,MF,Mainz 05,de Bundesliga,28,1996,26,2083,80,68.1,23.1,24,85,13,2,28,0,1.08,32,33,-1,-0.04,0.69,,
132,Samuel Amissah,eng ENG,DF,Fulham,eng Premier League,18,2007,0,,,,,0,,0,0,,5,,,,,,,,
133,Samuel Amo-Ameyaw,eng ENG,MFDF,Strasbourg,fr Ligue 1,19,2006,25,1047,42,34.2,11.6,9,77,5,16,22,5,1.4,13,18,-5,-0.43,-1.15,,
134,Peter Amoran,se SWE,DF,Parma,it Serie A,21,2004,0,,,,,0,,0,0,,1,,,,,,,,
135,Amorim,br BRA,MF,Genoa,it Serie A,20,2005,11,552,50,16.1,6.1,6,75,0,5,20,4,1.09,5,8,-3,-0.49,-0.27,,
136,Mathis Amougou,fr FRA,MF,Strasbourg,fr Ligue 1,19,2006,12,409,34,13.4,4.5,4,63,0,8,20,15,1.42,5,8,-3,-0.66,-1.14,,
137,Mohamed Amoura,dz ALG,FWMF,Wolfsburg,de Bundesliga,25,2000,30,1919,64,62.7,21.3,23,78,8,7,18,0,0.97,32,32,0,0,1.89,,
138,Ethan Ampadu,wls WAL,MF,Leeds United,eng Premier League,24,2000,35,3119,89,91.2,34.7,35,89,31,0,,0,1.29,45,49,-4,-0.12,0.78,,
139,Sofyan Amrabat,ma MAR,MF,Real Betis,es La Liga,28,1996,17,1295,76,37.9,14.4,14,86,11,3,28,1,1.53,24,18,6,0.42,0.21,,
140,Joachim Andersen,dk DEN,DF,Fulham,eng Premier League,29,1996,33,2875,87,84.1,31.9,33,87,31,0,,1,1.36,41,44,-3,-0.09,0.07,,
141,Elliot Anderson,eng ENG,MF,Nottingham,eng Premier League,22,2002,38,3331,88,97.4,37,37,89,33,1,45,0,1.16,46,50,-4,-0.11,-1.12,,
142,Tomoya Ando,jp JPN,DF,St Pauli,de Bundesliga,26,1999,15,1260,84,41.2,14,14,88,12,1,27,2,0.6,12,29,-17,-1.21,-0.51,,
143,Nícolas Andrade,br BRA,GK,Pisa,it Serie A,37,1988,6,540,90,15.8,6,6,90,6,0,,32,0.5,4,14,-10,-1.67,-0.57,,
144,André,br BRA,MF,Wolves,eng Premier League,24,2001,35,2762,79,80.8,30.7,30,86,24,5,34,0,0.51,19,53,-34,-1.11,-0.15,,
145,Benjamin André,fr FRA,MF,Lille,fr Ligue 1,34,1990,27,2332,86,76.2,25.9,26,89,23,1,18,0,1.93,38,20,18,0.69,1.07,,
146,Aleksandar Andreev,bg BUL,GK,Girona,es La Liga,19,2006,0,,,,,0,,0,0,,10,,,,,,,,
147,Robert Andrich,de GER,DFMF,Leverkusen,de Bundesliga,30,1994,32,2546,80,83.2,28.3,29,86,24,3,16,1,1.81,58,43,15,0.53,-0.52,,
148,Manuel Ángel,es ESP,MF,Real Madrid,es La Liga,21,2004,4,96,24,2.8,1.1,1,58,0,3,13,3,1.75,3,3,0,0,-1.14,,
149,Miguel Ángel Rubio,es ESP,DF,Espanyol,es La Liga,27,1998,12,206,17,6,2.3,1,90,1,11,11,26,1.17,4,5,-1,-0.44,-0.13,,
150,Miguel Ángel Sierra,es ESP,FW,Sevilla,es La Liga,21,2004,4,62,16,1.8,0.7,0,,0,4,16,11,1,3,1,2,2.9,3.33,,
151,Angeliño,es ESP,MF,Roma,it Serie A,28,1997,7,416,59,12.2,4.6,5,77,0,2,15,20,2.57,4,1,3,0.65,-0.1,,
152,Mathys Angély,fr FRA,DF,Wolfsburg,de Bundesliga,18,2007,0,,,,,0,,0,0,,2,,,,,,,,
153,Lorenzo Anghelè,it ITA,FW,Juventus,it Serie A,20,2005,0,,,,,0,,0,0,,1,,,,,,,,
154,Samuele Angori,it ITA,MF,Pisa,it Serie A,21,2003,35,2599,74,76,28.9,30,81,19,5,35,3,0.37,19,52,-33,-1.14,0.17,,
155,Frank Anguissa,cm CMR,MF,Napoli,it Serie A,29,1995,18,1258,70,36.8,14,14,81,11,4,31,4,2,18,14,4,0.29,-0.46,,
156,Nilson Angulo,ec ECU,MF,Sunderland,eng Premier League,22,2003,8,404,51,11.8,4.5,5,74,0,3,11,0,1.38,4,6,-2,-0.45,-0.33,,
157,Faustino Anjorin,eng ENG,MF,Torino,it Serie A,23,2001,15,289,19,8.5,3.2,1,58,0,14,17,13,1,6,7,-1,-0.31,0.21,,
158,Andre Annous,eng ENG,FW,Arsenal,eng Premier League,17,2007,0,,,,,0,,0,0,,2,,,,,,,,
159,Ilyas Ansah,de GER,MFFW,Union Berlin,de Bundesliga,20,2004,33,1892,57,61.8,21,23,73,3,10,22,1,1.18,28,31,-3,-0.14,0.7,,
160,Aaron Anselmino,ar ARG,DF,Dortmund,de Bundesliga,20,2005,6,368,61,12,4.1,4,86,3,2,12,2,2.67,8,2,6,1.47,0.46,,
161,Aaron Anselmino,ar ARG,DF,Strasbourg,fr Ligue 1,20,2005,3,16,5,0.5,0.2,0,,0,3,5,0,2.33,0,1,-1,-5.63,-5.98,,
162,Andrés Antañón,es ESP,FW,Celta Vigo,es La Liga,18,2007,2,63,32,1.8,0.7,1,45,0,1,18,7,1.5,0,2,-2,-2.86,-3.04,,
163,Jaidon Anthony,eng ENG,MF,Burnley,eng Premier League,25,1999,37,2722,74,79.6,30.2,32,82,13,5,17,1,0.59,30,59,-29,-0.96,0.07,,
164,Waldemar Anton,de GER,DF,Dortmund,de Bundesliga,29,1996,32,2880,90,94.1,32,32,90,32,0,,0,2.16,67,33,34,1.06,0.06,,
165,Kyllian Antonio,fr FRA,DF,Lens,fr Ligue 1,17,2008,4,190,48,6.2,2.1,2,64,1,2,31,5,2.25,4,1,3,1.42,0.54,,
166,Antoniu,es ESP,MF,Espanyol,es La Liga,22,2002,13,289,22,8.5,3.2,3,51,0,10,14,22,1.23,3,5,-2,-0.62,-0.34,,
167,Antony,br BRA,MFFW,Real Betis,es La Liga,25,2000,32,2447,76,71.5,27.2,30,80,13,2,27,0,1.53,45,36,9,0.33,0.15,,
168,Youssef El-Arabi,ma MAR,FW,Nantes,fr Ligue 1,38,1987,25,941,38,31.7,10.5,11,69,1,14,13,9,0.56,12,14,-2,-0.19,0.74,,
169,Mauro Arambarri,uy URU,MF,Getafe,es La Liga,29,1995,37,3249,88,95,36.1,37,88,31,0,,0,1.38,32,37,-5,-0.14,0.39,,
170,Jon Aramburu,ve VEN,DF,Real Sociedad,es La Liga,23,2002,35,2773,79,81.1,30.8,31,86,22,4,28,0,1.26,45,49,-4,-0.13,-0.41,,
171,Juan Arango,ve VEN,MF,Girona,es La Liga,19,2006,2,18,9,0.5,0.2,0,,0,2,9,6,0.5,1,0,1,5,5.45,,
172,Julian Araujo,mx MEX,DF,Bournemouth,eng Premier League,23,2001,0,,,,,0,,0,0,,8,,,,,,,,
173,Ronald Araújo,uy URU,DF,Barcelona,es La Liga,26,1999,24,1071,45,31.3,11.9,11,76,7,13,18,8,2.5,31,15,16,1.34,-0.3,,
174,Ángel Arcos,es ESP,FW,Celta Vigo,es La Liga,19,2006,0,,,,,0,,0,0,,1,,,,,,,,
175,Carlens Arcus,ht HAI,DF,Angers,fr Ligue 1,29,1996,26,2040,78,66.7,22.7,24,84,17,2,16,2,1.15,19,27,-8,-0.35,0.62,,
176,Antonio Arena,it ITA,FW,Roma,it Serie A,16,2009,2,23,12,0.7,0.3,0,,0,2,12,7,3,0,0,0,0,-0.74,,
177,Alphonse Areola,fr FRA,GK,West Ham,eng Premier League,32,1993,20,1800,90,52.6,20,20,90,20,0,,18,0.85,25,37,-12,-0.6,-0.21,,
178,Jesús Areso,es ESP,DF,Athletic Club,es La Liga,26,1999,26,1506,58,44,16.7,14,83,7,12,29,11,1.12,18,23,-5,-0.3,0.17,,
179,Jeremy Arévalo,ec ECU,FW,Stuttgart,de Bundesliga,20,2005,7,38,5,1.2,0.4,0,,0,7,5,2,2,2,1,1,2.37,1.74,,
180,Paul Argney,fr FRA,GK,Le Havre,fr Ligue 1,19,2006,1,90,90,2.9,1,1,90,1,0,,3,3,2,1,1,1,1.39,,
181,Iñigo Arguibide,es ESP,DF,Osasuna,es La Liga,20,2005,6,187,31,5.5,2.1,2,68,0,4,13,21,1.67,6,1,5,2.41,2.71,,
182,Jhon Arias,co COL,FWMF,Wolves,eng Premier League,27,1997,23,1124,49,32.9,12.5,14,71,2,9,15,1,0.35,11,21,-10,-0.8,0.41,,
183,Juan Arizala,co COL,MF,Udinese,it Serie A,19,2005,10,191,19,5.6,2.1,1,59,0,9,15,6,1.2,4,2,2,0.94,1.08,,
184,Adam Armstrong,eng ENG,FWMF,Wolves,eng Premier League,28,1997,14,1140,81,33.3,12.7,14,81,7,0,,0,0.86,9,20,-11,-0.87,0.32,,
185,Harrison Armstrong,eng ENG,MF,Everton,eng Premier League,18,2007,13,529,41,15.5,5.9,6,73,1,7,13,7,1.23,4,11,-7,-1.19,-1.32,,
186,Pol Arnau,es ESP,DF,Girona,es La Liga,20,2004,0,,,,,0,,0,0,,2,,,,,,,,
187,Maximilian Arnold,de GER,MF,Wolfsburg,de Bundesliga,31,1994,25,1859,74,60.8,20.7,20,90,20,5,12,2,0.92,31,41,-10,-0.48,0.56,,
188,Tolu Arokodare,ng NGA,FW,Wolves,eng Premier League,24,2000,33,1419,43,41.5,15.8,13,82,7,20,18,2,0.61,16,28,-12,-0.76,0.54,,
189,Love Arrhov,se SWE,MF,Frankfurt,de Bundesliga,17,2008,5,65,13,2.1,0.7,1,45,0,4,5,7,2.2,0,2,-2,-2.77,-2.71,,
190,Kervin Arriaga,hn HON,MF,Levante,es La Liga,27,1998,27,1532,57,44.8,17,16,80,10,11,22,4,1.19,23,29,-6,-0.35,0.03,,
191,Kepa Arrizabalaga,es ESP,GK,Arsenal,eng Premier League,30,1994,1,90,90,2.6,1,1,90,1,0,,37,3,2,1,1,1,-0.16,,
192,Ricard Artero,es ESP,MF,Girona,es La Liga,22,2003,0,,,,,0,,0,0,,7,,,,,,,,
193,Arthur,br BRA,MF,Leverkusen,de Bundesliga,22,2003,20,1136,57,37.1,12.6,13,73,7,7,26,3,1.8,25,18,7,0.55,-0.1,,
194,Benjamin Arthur,eng ENG,DF,Brentford,eng Premier League,19,2005,0,,,,,0,,0,0,,2,,,,,,,,
195,Takuma Asano,jp JPN,MFFW,Mallorca,es La Liga,30,1994,20,664,33,19.4,7.4,8,60,0,12,15,9,1.2,7,11,-4,-0.54,-0.35,,
196,Raúl Asencio,es ESP,DF,Real Madrid,es La Liga,22,2003,23,1708,74,49.9,19,18,85,14,5,34,10,2.22,37,17,20,1.05,-0.1,,
197,Fisnik Asllani,xk KVX,FWMF,Hoffenheim,de Bundesliga,22,2002,33,2335,71,76.3,25.9,31,74,4,2,24,1,1.76,50,41,9,0.35,-0.15,,
198,Kristjan Asllani,al ALB,MF,Torino,it Serie A,23,2002,15,1129,75,33,12.5,13,82,5,2,29,4,1.27,13,20,-7,-0.56,-0.09,,
199,Joel Asoro,se SWE,FW,Metz,fr Ligue 1,26,1999,8,227,28,7.4,2.5,2,61,0,6,18,3,0.88,2,5,-3,-1.19,0.11,,
200,Iago Aspas,es ESP,FWMF,Celta Vigo,es La Liga,37,1987,32,1140,36,33.3,12.7,11,69,1,21,18,4,1.36,22,12,10,0.79,0.99,,
201,Yaser Asprilla,co COL,FWMF,Girona,es La Liga,21,2003,15,611,41,17.9,6.8,6,70,2,9,22,5,0.93,5,14,-9,-1.33,-1.1,,
202,Lorenz Assignon,tg TOG,DFMF,Stuttgart,de Bundesliga,25,2000,24,1094,46,35.8,12.2,12,80,4,12,11,6,2,28,13,15,1.23,0.91,,
203,Bastian Assomo,de GER,DF,Bayern Munich,de Bundesliga,15,2010,0,,,,,0,,0,0,,1,,,,,,,,
204,Dehmaine Assoumani,fr FRA,MF,Nantes,fr Ligue 1,20,2005,27,1276,47,43,14.2,14,74,2,13,19,1,0.7,14,19,-5,-0.35,0.6,,
205,Gianluca Astaldi,it ITA,GK,Parma,it Serie A,19,2006,0,,,,,0,,0,0,,1,,,,,,,,
206,Lander Astiazaran,es ESP,MF,Real Sociedad,es La Liga,19,2006,1,1,1,0,0,0,,0,1,1,0,1,0,1,-1,-90,-89.97,,
207,Otavio Ataide,br BRA,DF,Paris FC,fr Ligue 1,23,2002,23,1901,83,62.1,21.1,21,88,17,2,26,6,1.39,27,31,-4,-0.19,-0.27,,
208,Zachary Athekame,ch SUI,MFDF,Milan,it Serie A,20,2004,27,833,31,24.4,9.3,7,64,1,20,19,8,1.7,17,11,6,0.65,0.23,,
209,Arthur Atta,fr FRA,MF,Udinese,it Serie A,22,2003,32,2557,80,74.8,28.4,29,85,19,3,31,0,1.34,31,36,-5,-0.18,-0.38,,
210,Noah Atubolu,de GER,GK,Freiburg,de Bundesliga,23,2002,34,3060,90,100,34,34,90,34,0,,0,1.38,51,57,-6,-0.18,,,
211,Pierre-Emerick Aubameyang,ga GAB,FW,Marseille,fr Ligue 1,36,1989,30,2039,68,66.6,22.7,23,79,8,7,31,3,1.67,43,26,17,0.75,0.66,,
212,Emil Audero,id IDN,GK,Cremonese,it Serie A,28,1997,34,3060,90,89.5,34,34,90,34,0,,2,0.91,28,50,-22,-0.65,0.1,,
213,Carlos Augusto,br BRA,MFDF,Inter,it Serie A,26,1999,34,1763,52,51.5,19.6,18,81,12,16,19,2,2.29,41,19,22,1.12,-0.61,,
214,Yann Aurel Bisseck,de GER,DF,Inter,it Serie A,24,2000,23,1922,84,56.2,21.4,21,89,19,2,24,12,2.3,50,19,31,1.45,0.07,,
215,Brandon Austin,eng ENG,GK,Tottenham,eng Premier League,26,1999,0,,,,,0,,0,0,,10,,,,,,,,
216,Leon Avdullahu,xk KVX,MF,Hoffenheim,de Bundesliga,21,2004,33,2834,86,92.6,31.5,32,88,27,1,30,0,1.85,63,44,19,0.6,2.99,,
217,Ezequiel Ávila,ar ARG,FW,Real Betis,es La Liga,31,1994,16,380,24,11.1,4.2,3,76,1,13,12,18,1.53,8,5,3,0.71,0.47,,
218,Arthur Avom,cm CMR,MF,Lorient,fr Ligue 1,20,2004,31,2119,68,69.2,23.5,22,87,17,9,23,1,1.29,30,31,-1,-0.04,0.15,,
219,Chidozie Awaziem,ng NGA,DF,Nantes,fr Ligue 1,28,1997,26,2231,86,75.1,24.8,25,89,23,1,12,5,0.7,22,40,-18,-0.73,-0.12,,
220,Taiwo Awoniyi,ng NGA,FW,Nottingham,eng Premier League,27,1997,17,494,29,14.4,5.5,3,69,1,14,21,8,1.18,9,4,5,0.91,1.16,,
221,Yasin Ayari,se SWE,MF,Brighton,eng Premier League,21,2003,29,1929,67,56.4,21.4,20,86,15,9,22,2,1.55,32,24,8,0.37,0.49,,
222,Neil El Aynaoui,ma MAR,MF,Roma,it Serie A,24,2001,25,999,40,29.2,11.1,8,69,3,17,26,5,2.04,18,11,7,0.63,-0.15,,
223,Ilyas Azizi,fr FRA,FW,Toulouse,fr Ligue 1,17,2008,3,29,10,1,0.3,0,,0,3,10,4,1.33,2,1,1,3.1,3.1,,
224,Adam Aznou,ma MAR,DF,Everton,eng Premier League,19,2006,0,,,,,0,,0,0,,22,,,,,,,,
225,Ivan Azón,es ESP,FW,Como,it Serie A,22,2002,0,,,,,0,,0,0,,1,,,,,,,,
226,César Azpilicueta,es ESP,DF,Sevilla,es La Liga,35,1989,17,1213,71,35.5,13.5,17,71,10,0,,4,1.24,18,16,2,0.15,0.8,,
227,Oussama El Azzouzi,ma MAR,MFDF,Auxerre,fr Ligue 1,24,2001,11,807,73,26.4,9,10,79,2,1,19,0,0.64,9,11,-2,-0.22,0.1,,
228,Ousmane Ba,sn SEN,GK,Metz,fr Ligue 1,23,2002,0,,,,,0,,0,0,,15,,,,,,,,
229,Papa Ba,es ESP,FW,Girona,es La Liga,20,2004,0,,,,,0,,0,0,,16,,,,,,,,
230,Mio Backhaus,de GER,GK,Werder Bremen,de Bundesliga,21,2004,32,2880,90,94.1,32,32,90,32,0,,0,0.91,36,56,-20,-0.62,0.87,,
231,Loïc Bade,fr FRA,DF,Leverkusen,de Bundesliga,25,2000,23,1653,72,54,18.4,19,83,15,4,21,4,1.83,37,24,13,0.71,0.2,,
232,Benoît Badiashile,fr FRA,DF,Chelsea,eng Premier League,24,2001,8,471,59,13.8,5.2,6,69,3,2,29,11,1.63,7,10,-3,-0.57,-0.85,,
233,Álex Baena,es ESP,MFFW,Atlético Madrid,es La Liga,24,2001,27,1560,58,45.6,17.3,21,68,4,6,24,3,1.67,27,20,7,0.4,-0.13,,
234,Nana Baffoh,it ITA,MF,Sassuolo,it Serie A,16,2009,0,,,,,0,,0,0,,1,,,,,,,,
235,Muhammed Bah,gm GAM,MF,Roma,it Serie A,18,2007,0,,,,,0,,0,0,,3,,,,,,,,
236,Thierno Bah,gn GUI,MF,Le Havre,fr Ligue 1,18,2007,0,,,,,0,,0,0,,1,,,,,,,,
237,Samson Baidoo,at AUT,DF,Lens,fr Ligue 1,21,2004,23,1827,79,59.7,20.3,20,87,18,3,30,1,2.22,38,14,24,1.18,0.67,,
238,Leon Bailey,jm JAM,MF,Aston Villa,eng Premier League,27,1997,13,459,35,13.4,5.1,3,71,1,10,25,3,1.15,8,9,-1,-0.2,-0.44,,
239,Leon Bailey,jm JAM,FW,Roma,it Serie A,27,1997,7,186,27,5.4,2.1,1,49,0,6,23,1,1.29,1,1,0,0,-0.78,,
240,Eric Bailly,ci CIV,DF,Oviedo,es La Liga,31,1994,15,1234,82,36.1,13.7,15,82,13,0,,16,0.93,13,22,-9,-0.66,0.37,,
241,Theo Bair,ca CAN,FW,Auxerre,fr Ligue 1,25,1999,2,10,5,0.3,0.1,0,,0,2,5,1,1.5,0,0,0,0,0.3,,
242,Stefan Bajic,fr FRA,GK,Strasbourg,fr Ligue 1,23,2001,0,,,,,0,,0,0,,11,,,,,,,,
243,Cédric Bakambu,cd COD,FW,Real Betis,es La Liga,34,1991,18,569,32,16.6,6.3,5,66,0,13,18,13,1.22,9,10,-1,-0.16,-0.54,,
244,Johan Bakayoko,be BEL,FWMF,RB Leipzig,de Bundesliga,22,2003,20,777,39,25.4,8.6,8,72,0,12,17,9,1.8,15,9,6,0.69,0.18,,
245,Gaëtan Bakhouche,fr FRA,DF,Toulouse,fr Ligue 1,20,2005,0,,,,,0,,0,0,,13,,,,,,,,
246,Mitchel Bakker,nl NED,DFMF,Atalanta,it Serie A,25,2000,1,9,9,0.3,0.1,0,,0,1,9,14,0,0,0,0,0,-0.4,,
247,Darryl Bakola,fr FRA,MF,Marseille,fr Ligue 1,17,2007,8,75,9,2.5,0.8,0,,0,8,9,6,1.88,4,4,0,0,-0.54,,
248,Darryl Bakola,fr FRA,MF,Sassuolo,it Serie A,17,2007,6,128,21,3.7,1.4,1,68,0,5,12,4,0.67,3,3,0,0,0.11,,
249,Ridle Baku,de GER,DF,RB Leipzig,de Bundesliga,27,1998,32,2504,78,81.8,27.8,28,86,14,4,26,0,1.94,50,36,14,0.5,-0.31,,
250,Dilane Bakwa,fr FRA,FWMF,Strasbourg,fr Ligue 1,22,2002,3,107,36,3.5,1.2,0,,0,3,36,0,2,4,2,2,1.68,1.41,,
251,Dilane Bakwa,fr FRA,MF,Nottingham,eng Premier League,22,2002,14,553,40,16.2,6.1,6,64,0,8,21,7,0.79,8,10,-2,-0.33,-0.29,,
252,Luís Balbo,ve VEN,DF,Fiorentina,it Serie A,19,2006,6,212,35,6.2,2.4,1,74,0,5,28,11,2,3,2,1,0.42,0.71,,
253,Ellery Balcombe,eng ENG,GK,Brentford,eng Premier League,25,1999,0,,,,,0,,0,0,,1,,,,,,,,
254,Tommaso Baldanzi,it ITA,MF,Genoa,it Serie A,22,2003,8,399,50,11.7,4.4,5,62,0,3,30,1,1.25,5,5,0,0,0.3,,
255,Tommaso Baldanzi,it ITA,FWMF,Roma,it Serie A,22,2003,10,386,39,11.3,4.3,3,56,0,7,31,6,1.2,5,3,2,0.47,-0.3,,
256,Alejandro Balde,es ESP,DF,Barcelona,es La Liga,21,2003,28,1869,67,54.6,20.8,21,78,8,7,33,3,2.29,49,24,25,1.2,-0.77,,
257,Fabio Baldé,pt POR,FWMF,Hamburger SV,de Bundesliga,20,2005,16,448,28,14.6,5,3,72,0,13,18,4,1.35,6,15,-9,-1.81,-1.64,,
258,Sohan Baldoni,fr FRA,FW,Lorient,fr Ligue 1,21,2003,0,,,,,0,,0,0,,1,,,,,,,,
259,Carlos Baleba,cm CMR,MF,Brighton,eng Premier League,21,2004,31,1652,53,48.3,18.4,23,66,3,8,16,1,1.39,20,20,0,0,-0.31,,
260,Leonardo Balerdi,ar ARG,DF,Marseille,fr Ligue 1,26,1999,26,2001,77,65.4,22.2,21,89,19,5,26,1,1.73,46,33,13,0.58,0.16,,
261,Daniel Ballard,nir NIR,DF,Sunderland,eng Premier League,25,1999,29,2149,74,62.8,23.9,24,82,20,5,35,0,1.21,29,34,-5,-0.21,-0.14,,
262,Carlos Ballestero,es ESP,DF,Alavés,es La Liga,21,2004,1,1,1,0,0,0,,0,1,1,8,1,0,1,-1,-90,-89.71,,
263,Daniel Ballesteros,es ESP,FW,Elche,es La Liga,22,2003,0,,,,,0,,0,0,,1,,,,,,,,
264,Iván Balliu,al ALB,DF,Rayo Vallecano,es La Liga,33,1992,14,582,42,17,6.5,6,74,2,8,17,21,1.43,8,7,1,0.15,0.28,,
265,Fodé Ballo-Touré,sn SEN,DFMF,Metz,fr Ligue 1,28,1997,13,836,64,27.3,9.3,11,73,2,2,16,8,0.08,5,22,-17,-1.83,-0.74,,
266,Botond Balogh,hu HUN,DF,Parma,it Serie A,23,2002,0,,,,,0,,0,0,,1,,,,,,,,
267,Folarin Balogun,us USA,FW,Monaco,fr Ligue 1,24,2001,30,2230,74,72.9,24.8,26,79,8,4,41,1,1.6,43,36,7,0.28,0.39,,
268,Abdoulaye Bamba,ci CIV,DF,Angers,fr Ligue 1,35,1990,6,255,43,8.3,2.8,3,80,1,3,5,21,1,3,6,-3,-1.06,-0.55,,
269,Aladji Bamba,fr FRA,MF,Monaco,fr Ligue 1,19,2006,18,816,45,26.7,9.1,10,60,1,8,28,8,2.17,18,17,1,0.11,-0.09,,
270,Mohamed Bamba,ci CIV,FW,Lorient,fr Ligue 1,23,2001,18,682,38,22.3,7.6,7,64,0,11,21,10,1.06,11,16,-5,-0.66,-0.74,,
271,Lameck Banda,zm ZAM,MFFW,Lecce,it Serie A,24,2001,32,1752,55,51.2,19.5,21,68,2,11,29,3,1.09,20,22,-2,-0.1,0.98,,
272,Noahkai Banks,us USA,DF,Augsburg,de Bundesliga,18,2006,23,1725,75,56.4,19.2,20,83,14,3,21,9,1.09,22,31,-9,-0.47,0,,
273,Scott Banks,sct SCO,MF,St Pauli,de Bundesliga,23,2001,0,,,,,0,,0,0,,1,,,,,,,,
274,Ezechiel Banzuzi,nl NED,MF,RB Leipzig,de Bundesliga,20,2005,24,597,25,19.5,6.6,2,65,0,22,21,4,2.04,6,10,-4,-0.6,-1.44,,
275,Luca Barani,it ITA,DF,Sassuolo,it Serie A,19,2006,0,,,,,0,,0,0,,3,,,,,,,,
276,Tommaso Barbieri,it ITA,MF,Cremonese,it Serie A,22,2002,29,1707,59,49.9,19,18,82,10,11,21,5,0.86,19,25,-6,-0.32,0.68,,
277,Valentín Barco,ar ARG,MF,Strasbourg,fr Ligue 1,21,2004,27,2168,80,70.8,24.1,24,86,18,3,36,0,1.81,45,33,12,0.5,0.6,,
278,Bradley Barcola,fr FRA,FW,PSG,fr Ligue 1,22,2002,29,1743,60,57,19.4,21,72,6,8,30,2,2.31,41,15,26,1.34,0.04,,
279,Melvin Bard,fr FRA,DFMF,Nice,fr Ligue 1,24,2000,29,2394,83,78.2,26.6,26,88,23,3,39,0,0.9,25,51,-26,-0.98,-1.38,,
280,Roony Bardghji,se SWE,MFFW,Barcelona,es La Liga,19,2005,21,648,31,18.9,7.2,7,59,0,14,17,14,2.29,17,8,9,1.25,-0.37,,
281,Nicolò Barella,it ITA,MF,Inter,it Serie A,28,1997,34,2517,74,73.6,28,31,78,11,3,29,1,2.26,61,25,36,1.29,-0.51,,
282,Lilian Baret,fr FRA,MF,Lille,fr Ligue 1,19,2006,0,,,,,0,,0,0,,3,,,,,,,,
283,Téo Barisic,hr CRO,DF,Lyon,fr Ligue 1,20,2004,0,,,,,0,,0,0,,7,,,,,,,,
284,Kike Barja,es ESP,MF,Osasuna,es La Liga,28,1997,27,446,17,13,5,2,56,0,25,13,11,0.81,16,7,9,1.82,2.27,,
285,Ross Barkley,eng ENG,MF,Aston Villa,eng Premier League,31,1993,21,857,41,25.1,9.5,7,77,0,14,23,1,1.76,18,15,3,0.32,0.17,,
286,Ashley Barnes,eng ENG,FWMF,Burnley,eng Premier League,35,1989,7,46,7,1.3,0.5,0,,0,7,7,10,0.75,2,4,-2,-3.91,-2.98,,
287,Harvey Barnes,eng ENG,FWMF,Newcastle,eng Premier League,27,1997,37,1966,53,57.5,21.8,19,79,7,18,26,1,1.24,35,31,4,0.18,0.55,,
288,Ander Barrenetxea,es ESP,MF,Real Sociedad,es La Liga,23,2001,30,1763,59,51.5,19.6,22,69,5,8,30,0,1.27,29,27,2,0.1,0.32,,
289,Pablo Barrios,es ESP,MF,Atlético Madrid,es La Liga,22,2003,23,1661,72,48.6,18.5,20,78,13,3,34,0,1.96,30,16,14,0.76,0.55,,
290,Mahamoud Barry,ml MLI,FW,Villarreal,es La Liga,19,2006,0,,,,,0,,0,0,,1,,,,,,,,
291,Thierno Barry,fr FRA,FW,Everton,eng Premier League,22,2002,38,1914,50,56,21.3,21,76,3,17,19,0,1.29,24,34,-10,-0.47,-0.89,,
292,Davide Bartesaghi,it ITA,MFDF,Milan,it Serie A,19,2005,31,2441,79,71.4,27.1,27,86,20,4,30,7,1.77,34,27,7,0.26,-0.75,,
293,Jannis Bärtl,de GER,GK,Bayern Munich,de Bundesliga,19,2006,0,,,,,0,,0,0,,2,,,,,,,,
294,Marc Bartra,es ESP,DF,Real Betis,es La Liga,34,1991,25,1978,79,57.8,22,21,86,19,4,45,5,1.56,29,29,0,0,-0.69,,
295,Federico Baschirotto,it ITA,DF,Cremonese,it Serie A,28,1996,29,2540,88,74.3,28.2,29,88,28,0,,1,0.86,21,38,-17,-0.6,0.22,,
296,Toma Bašić,hr CRO,MF,Lazio,it Serie A,28,1996,23,1735,75,50.7,19.3,23,75,10,0,,3,1.52,22,20,2,0.1,0.16,,
297,Calvin Bassey,ng NGA,DF,Fulham,eng Premier League,25,1999,30,2534,84,74.1,28.2,28,90,28,2,7,2,1.27,36,40,-4,-0.14,-0.14,,
298,Alessandro Bastoni,it ITA,DF,Inter,it Serie A,26,1999,28,2239,80,65.5,24.9,28,80,16,0,,7,2.39,62,21,41,1.65,0.66,,
299,Augusto Batalla,ar ARG,GK,Rayo Vallecano,es La Liga,29,1996,34,3060,90,89.5,34,34,90,34,0,,2,1.31,36,37,-1,-0.03,0.47,,
300,Callum Bates,eng ENG,MF,Everton,eng Premier League,19,2005,0,,,,,0,,0,0,,1,,,,,,,,
301,Michy Batshuayi,be BEL,FW,Frankfurt,de Bundesliga,31,1993,6,139,23,4.5,1.5,1,45,0,5,19,5,0.83,3,5,-2,-1.29,-1.23,,
302,Martin Baturina,hr CRO,MFFW,Como,it Serie A,22,2003,29,1569,54,45.9,17.4,17,77,5,12,22,8,1.76,34,17,17,0.98,0.05,,
303,Daniel Batz,de GER,GK,Mainz 05,de Bundesliga,34,1991,21,1890,90,61.8,21,21,90,21,0,,4,1.62,32,27,5,0.24,1.32,,
304,Elias Baum,de GER,DF,Frankfurt,de Bundesliga,19,2005,5,75,15,2.5,0.8,0,,0,5,15,9,0.8,1,1,0,0,0.12,,
305,Oliver Baumann,de GER,GK,Hoffenheim,de Bundesliga,35,1990,34,3060,90,100,34,34,90,34,0,,0,1.79,65,52,13,0.38,,,
306,Christoph Baumgartner,at AUT,MF,RB Leipzig,de Bundesliga,25,1999,33,2780,84,90.8,30.9,32,86,18,1,22,0,1.97,63,37,26,0.84,3.09,,
307,Rafael Bauza,es ESP,MF,Espanyol,es La Liga,20,2005,0,,,,,0,,0,0,,2,,,,,,,,
308,Altay Bayındır,tr TUR,GK,Manchester Utd,eng Premier League,27,1998,6,540,90,15.8,6,6,90,6,0,,32,1.17,7,11,-4,-0.67,-1.39,,
309,Vakoun Bayo,ci CIV,FW,Udinese,it Serie A,28,1997,15,453,30,13.2,5,4,63,0,11,18,14,1.07,8,11,-3,-0.6,-0.6,,
310,Yanis Beau Djellel,fr FRA,FW,Le Havre,fr Ligue 1,20,2005,0,,,,,0,,0,0,,2,,,,,,,,
311,Ihlas Bebou,tg TOG,FWMF,Hoffenheim,de Bundesliga,31,1994,16,190,12,6.2,2.1,0,,0,16,12,10,1.69,4,3,1,0.47,0.1,,
312,Samu Becerra,es ESP,MF,Rayo Vallecano,es La Liga,19,2006,3,12,4,0.4,0.1,0,,0,3,4,15,0.33,0,0,0,0,0.08,,
313,Adrian Beck,de GER,MF,Heidenheim,de Bundesliga,28,1997,24,868,36,28.4,9.6,9,66,1,15,18,7,0.71,7,21,-14,-1.45,-0.75,,
314,Sheraldo Becker,sr SUR,FWMF,Osasuna,es La Liga,30,1995,9,158,18,4.6,1.8,0,,0,9,18,9,0.56,1,4,-3,-1.71,-1.63,,
315,Sheraldo Becker,sr SUR,FW,Mainz 05,de Bundesliga,30,1995,14,946,68,30.9,10.5,11,77,1,3,35,0,1.57,16,8,8,0.76,1.48,,
316,Yoann Becker,fr FRA,DF,Strasbourg,fr Ligue 1,16,2009,0,,,,,0,,0,0,,2,,,,,,,,
317,Donny van de Beek,nl NED,MF,Girona,es La Liga,28,1997,2,41,21,1.2,0.5,1,32,0,1,9,3,1,1,1,0,0,0.43,,
318,Tjaš Begić,si SVN,MF,Parma,it Serie A,22,2003,1,1,1,0,0,0,,0,1,1,15,0,0,0,0,0,0.47,,
319,Hannes Behrens,de GER,DFMF,Heidenheim,de Bundesliga,20,2005,16,1318,82,43.1,14.6,15,87,13,1,14,0,0.81,23,29,-6,-0.41,0.88,,
320,Maximilian Beier,de GER,MFFW,Dortmund,de Bundesliga,22,2002,32,2026,63,66.2,22.5,24,77,4,8,23,1,2.16,48,18,30,1.33,0.81,,
321,Luken Beitia,es ESP,DF,Real Sociedad,es La Liga,21,2004,2,95,48,2.8,1.1,1,90,1,1,5,9,1,1,2,-1,-0.95,-0.92,,
322,Ismael Bekhoucha,ma MAR,DF,Getafe,es La Liga,20,2004,4,122,31,3.6,1.4,1,90,1,3,11,8,2.25,3,1,2,1.48,1.69,,
323,Reda Belahyane,ma MAR,MF,Lazio,it Serie A,21,2004,13,609,47,17.8,6.8,5,81,4,8,26,24,1.23,5,10,-5,-0.74,-0.93,,
324,Rayane Belaid,es ESP,MFFW,Atlético Madrid,es La Liga,20,2005,2,132,66,3.9,1.5,2,66,0,0,,5,1.5,1,2,-1,-0.68,-1.2,,
325,Kilian Belazzoug,dz ALG,GK,Rennes,fr Ligue 1,19,2006,0,,,,,0,,0,0,,5,,,,,,,,
326,Rafik Belghali,dz ALG,MF,Hellas Verona,it Serie A,23,2002,26,1920,74,56.1,21.3,22,82,12,4,29,1,0.58,15,28,-13,-0.61,0.77,,
327,Haris Belkebla,dz ALG,MF,Angers,fr Ligue 1,31,1994,33,2875,87,94,31.9,33,87,28,0,,0,1,28,47,-19,-0.59,-0.59,,
328,Yassin Belkhdim,fr FRA,MF,Angers,fr Ligue 1,23,2002,27,2135,79,69.8,23.7,26,81,11,1,30,0,1.22,17,32,-15,-0.63,-0.24,,
329,Stefan Bell,de GER,DF,Mainz 05,de Bundesliga,33,1991,18,1039,58,34,11.5,13,71,6,5,24,5,1.06,18,21,-3,-0.26,0.01,,
330,Armel Bella Kotchap,de GER,DF,Hellas Verona,it Serie A,23,2001,19,1347,71,39.4,15,14,83,10,5,36,5,0.58,13,27,-14,-0.94,0.02,,
331,Raoul Bellanova,it ITA,MF,Atalanta,it Serie A,25,2000,24,1377,57,40.3,15.3,15,75,9,9,29,4,1.38,19,26,-7,-0.46,-1.43,,
332,Jean-Ricner Bellegarde,ht HAI,MFFW,Wolves,eng Premier League,27,1998,26,1248,48,36.5,13.9,15,68,1,11,21,2,0.46,10,30,-20,-1.44,-0.57,,
333,Héctor Bellerín,es ESP,DF,Real Betis,es La Liga,30,1995,27,1822,67,53.3,20.2,20,83,14,7,24,3,1.56,33,27,6,0.3,0.01,,
334,Jobe Bellingham,eng ENG,MF,Dortmund,de Bundesliga,19,2005,32,1786,56,58.4,19.8,20,80,11,12,15,0,2.16,44,20,24,1.21,0.36,,
335,Jude Bellingham,eng ENG,MF,Real Madrid,es La Liga,22,2003,28,1916,68,56,21.3,22,81,14,6,21,0,2.21,42,19,23,1.08,-0.06,,
336,Jeanuël Belocian,fr FRA,DF,Wolfsburg,de Bundesliga,20,2005,14,1254,90,41,13.9,14,90,13,0,,0,0.71,17,26,-9,-0.65,0.1,,
337,Jeanuël Belocian,fr FRA,DF,Leverkusen,de Bundesliga,20,2005,8,292,37,9.5,3.2,3,73,1,5,14,8,2.25,3,8,-5,-1.54,-2.39,,
338,Andrea Belotti,it ITA,FW,Cagliari,it Serie A,31,1993,8,221,28,6.5,2.5,3,63,0,5,7,3,1.88,3,4,-1,-0.41,-0.07,,
339,Fran Beltrán,es ESP,MF,Girona,es La Liga,26,1999,17,1012,60,29.6,11.2,11,77,3,6,27,1,1,9,10,-1,-0.09,0.47,,
340,Fran Beltrán,es ESP,MF,Celta Vigo,es La Liga,26,1999,10,528,53,15.4,5.9,7,71,2,3,10,9,1.4,4,6,-2,-0.34,-0.56,,
341,Lucas Beltrán,ar ARG,FW,Valencia,es La Liga,24,2001,27,1365,51,39.9,15.2,16,69,2,11,23,0,1.07,17,21,-4,-0.26,-0.04,,
342,Eliesse Ben Seghir,ma MAR,MF,Leverkusen,de Bundesliga,20,2005,10,252,25,8.2,2.8,2,65,0,8,15,9,1.7,4,3,1,0.36,-0.28,,
343,Eliesse Ben Seghir,ma MAR,MF,Monaco,fr Ligue 1,20,2005,2,45,23,1.5,0.5,0,,0,2,23,0,1.5,1,2,-1,-2,-2.21,,
344,Dean Benamar,eng ENG,DF,Crystal Palace,eng Premier League,17,2008,0,,,,,0,,0,0,,4,,,,,,,,
345,Carlos Benavídez,uy URU,DF,Alavés,es La Liga,27,1998,13,324,25,9.5,3.6,3,55,1,10,16,14,1.62,5,6,-1,-0.28,0.04,,
346,Trevor Benedict,de GER,FW,Wolfsburg,de Bundesliga,18,2007,0,,,,,0,,0,0,,1,,,,,,,,
347,Adrian Benedyczak,pl POL,FW,Parma,it Serie A,24,2000,14,490,35,14.3,5.4,5,68,0,9,17,7,1.21,6,7,-1,-0.18,0.34,,
348,Yassine Benhattab,fr FRA,MFFW,Nantes,fr Ligue 1,22,2002,10,477,48,16.1,5.3,5,67,0,5,28,4,0.6,3,9,-6,-1.13,-0.52,,
349,Walter Benítez,ar ARG,GK,Crystal Palace,eng Premier League,32,1993,1,90,90,2.6,1,1,90,1,0,,35,1,0,0,0,0,0.27,,
350,Iker Benito,es ESP,MF,Osasuna,es La Liga,22,2002,6,159,27,4.6,1.8,1,71,0,5,18,7,0.67,2,2,0,0,0.17,,
351,Jorge Benito,es ESP,GK,Getafe,es La Liga,19,2006,0,,,,,0,,0,0,,3,,,,,,,,
352,Precious Benjamin,ng NGA,FW,Hoffenheim,de Bundesliga,18,2006,0,,,,,0,,0,0,,1,,,,,,,,
353,Elias Benkara,dz ALG,DF,Dortmund,de Bundesliga,18,2007,0,,,,,0,,0,0,,1,,,,,,,,
354,Mohamed Benoit Dao,fr FRA,FW,Paris FC,fr Ligue 1,18,2007,1,2,2,0.1,0,0,,0,1,2,0,0,0,0,0,0,0.09,,
355,Ramy Bensebaini,dz ALG,DF,Dortmund,de Bundesliga,30,1995,21,1530,73,50,17,15,89,14,6,32,4,2.05,35,13,22,1.29,0.47,,
356,Nabil Bentaleb,dz ALG,MF,Lille,fr Ligue 1,30,1994,26,1287,50,42.1,14.3,13,82,9,13,17,1,2,30,19,11,0.77,0.57,,
357,Rodrigo Bentancur,uy URU,MF,Tottenham,eng Premier League,28,1997,26,1883,72,55.1,20.9,23,79,11,3,21,1,1.35,28,25,3,0.14,0.85,,
358,Daniel Bentley,eng ENG,GK,Wolves,eng Premier League,32,1993,3,270,90,7.9,3,3,90,3,0,,6,0.33,1,7,-6,-2,-1,,
359,Luka Bentt,be BEL,MF,Brentford,eng Premier League,17,2007,0,,,,,0,,0,0,,8,,,,,,,,
360,Lucas Beraldo,br BRA,DFMF,PSG,fr Ligue 1,21,2003,20,1567,78,51.2,17.4,18,84,14,2,25,13,2.3,38,15,23,1.32,-0.01,,
361,Domenico Berardi,it ITA,FW,Sassuolo,it Serie A,30,1994,26,1958,75,57.3,21.8,24,79,9,2,30,0,1.27,30,30,0,0,0.25,,
362,Yuri Berchiche,es ESP,DF,Athletic Club,es La Liga,35,1990,32,2705,85,79.1,30.1,31,86,27,1,45,2,1.38,36,40,-4,-0.13,1.25,,
363,Thomas Berenbruch,it ITA,MF,Inter,it Serie A,20,2005,0,,,,,0,,0,0,,1,,,,,,,,
364,Álex Berenguer,es ESP,MF,Athletic Club,es La Liga,30,1995,31,2154,69,63,23.9,25,78,10,6,32,1,0.97,24,31,-7,-0.29,0.28,,
365,Sander Berge,no NOR,MF,Fulham,eng Premier League,27,1998,35,2905,83,84.9,32.3,34,85,25,1,17,2,1.46,43,45,-2,-0.06,0.29,,
366,Lucas Bergström,fi FIN,GK,Mallorca,es La Liga,22,2002,5,450,90,13.2,5,5,90,5,0,,22,1,4,7,-3,-0.6,-0.39,,
367,Lucas Bergvall,se SWE,MF,Tottenham,eng Premier League,19,2006,23,965,42,28.2,10.7,11,66,0,12,20,5,1.17,14,18,-4,-0.37,-0.19,,
368,Medon Berisha,al ALB,MF,Lecce,it Serie A,21,2003,13,871,67,25.5,9.7,12,70,1,1,28,2,1.23,7,10,-3,-0.31,0.36,,
369,Anthony Bermont,fr FRA,FW,Lens,fr Ligue 1,20,2005,10,104,10,3.4,1.2,0,,0,10,10,12,1.5,4,0,4,3.46,2.64,,
370,Adrian Bernabe,es ESP,MF,Parma,it Serie A,24,2001,32,2470,77,72.2,27.4,31,79,6,1,32,0,1.28,20,33,-13,-0.47,0,,
371,Marc Bernal,es ESP,MF,Barcelona,es La Liga,18,2007,22,790,36,23.1,8.8,9,65,0,13,15,10,2.59,21,10,11,1.25,-0.39,,
372,Gabin Bernardeau,fr FRA,MF,Nice,fr Ligue 1,19,2006,4,95,24,3.1,1.1,1,63,0,3,11,9,1.25,1,1,0,0,0.7,,
373,Federico Bernardeschi,it ITA,MFFW,Bologna,it Serie A,31,1994,29,1217,42,35.6,13.5,12,72,0,17,21,2,1.66,17,10,7,0.52,0.68,,
374,Bernardo,br BRA,DF,Hoffenheim,de Bundesliga,30,1995,29,2312,80,75.6,25.7,26,86,17,3,28,1,1.76,45,35,10,0.39,0.03,,
375,Lorenzo Bernasconi,it ITA,MF,Atalanta,it Serie A,21,2003,23,1572,68,46,17.5,17,83,13,6,26,10,1.91,22,9,13,0.74,0.65,,
376,Antoine Bernede,fr FRA,MF,Hellas Verona,it Serie A,26,1999,32,2301,72,67.3,25.6,29,76,10,3,29,1,0.56,18,38,-20,-0.78,0.5,,
377,Nicolò Bertola,it ITA,DFMF,Udinese,it Serie A,22,2003,28,1763,63,51.5,19.6,18,82,11,10,28,5,1.46,24,25,-1,-0.05,0.06,,
378,Jan-Niklas Beste,de GER,MF,Freiburg,de Bundesliga,26,1999,28,1704,61,55.7,18.9,20,77,6,8,21,1,1.54,33,25,8,0.42,1.35,,
379,Beto,gw GNB,FW,Everton,eng Premier League,27,1998,37,1568,42,45.8,17.4,17,71,1,20,18,0,1.32,25,19,6,0.34,0.78,,
380,Brando Bettazzi,it ITA,MF,Pisa,it Serie A,17,2007,1,14,14,0.4,0.2,0,,0,1,14,8,0,0,0,0,0,1.19,,
381,Marcus Bettinelli,eng ENG,GK,Manchester City,eng Premier League,33,1992,0,,,,,0,,0,0,,2,,,,,,,,
382,Sam Beukema,nl NED,DF,Napoli,it Serie A,26,1998,24,1681,70,49.2,18.7,18,86,15,6,23,11,2.04,29,19,10,0.54,-0.09,,
383,Kelyann Bezahaf,fr FRA,DF,Marseille,fr Ligue 1,19,2006,0,,,,,0,,0,0,,2,,,,,,,,
384,Côme Bianay Balcot,fr FRA,DF,Torino,it Serie A,20,2005,0,,,,,0,,0,0,,1,,,,,,,,
385,Matteo Bianchetti,it ITA,DF,Cremonese,it Serie A,32,1993,27,2192,81,64.1,24.4,25,84,16,2,50,8,1.15,28,37,-9,-0.37,0.8,,
386,Mika Biereth,dk DEN,FW,Monaco,fr Ligue 1,22,2003,32,1074,34,35.1,11.9,12,67,1,20,13,2,1.56,19,23,-4,-0.34,-0.79,,
387,Pedro Bigas,es ESP,DF,Elche,es La Liga,34,1990,28,2063,74,60.3,22.9,25,81,15,3,15,6,1.29,30,30,0,0,0.53,,
388,Justin Bijlow,nl NED,GK,Genoa,it Serie A,27,1998,16,1395,87,40.8,15.5,16,87,15,0,,1,1.31,19,20,-1,-0.06,0.34,,
389,Jaka Bijol,si SVN,DF,Leeds United,eng Premier League,26,1999,25,1890,76,55.3,21,21,85,16,4,25,9,1.28,29,26,3,0.14,0.73,,
390,Philip Billing,dk DEN,MF,Bournemouth,eng Premier League,29,1996,0,,,,,0,,0,0,,1,,,,,,,,
391,Cristiano Biraghi,it ITA,MFDF,Torino,it Serie A,32,1992,14,517,37,15.1,5.7,5,81,3,9,13,19,1.5,1,11,-10,-1.74,-1.46,,
392,Veljko Birmančević,rs SRB,FW,Getafe,es La Liga,27,1998,6,142,24,4.2,1.6,1,45,0,5,19,10,0.5,1,2,-1,-0.63,-0.5,,
393,Tom Bischof,de GER,DFMF,Bayern Munich,de Bundesliga,20,2005,26,1302,50,42.5,14.5,14,83,10,12,11,3,2.65,53,13,40,2.76,0.41,,
394,Yves Bissouma,ml MLI,MF,Tottenham,eng Premier League,28,1996,11,603,55,17.6,6.7,7,68,1,4,32,4,0.82,6,17,-11,-1.64,-1.71,,
395,Leonardo Bittencourt,de GER,MF,Werder Bremen,de Bundesliga,31,1993,17,615,36,20.1,6.8,5,78,0,12,19,7,1.18,14,16,-2,-0.29,0.48,,
396,Emmanuel Biumla,fr FRA,DF,Angers,fr Ligue 1,20,2005,9,387,43,12.6,4.3,3,69,1,6,30,14,0.67,0,9,-9,-2.09,-1.76,,
397,Marco Bizot,nl NED,GK,Aston Villa,eng Premier League,34,1991,7,585,84,17.1,6.5,6,90,6,1,45,30,1.71,10,10,0,0,-0.22,,
398,Darling Bladi,fr FRA,FW,Real Betis,es La Liga,21,2004,0,,,,,0,,0,0,,2,,,,,,,,
399,Antonio Blanco,es ESP,MF,Alavés,es La Liga,25,2000,36,3110,86,90.9,34.6,36,86,28,0,,1,1.08,36,52,-16,-0.46,-1.62,,
400,Rubén Blanco,es ESP,GK,Girona,es La Liga,30,1995,0,,,,,0,,0,0,,15,,,,,,,,
401,Ludovic Blas,fr FRA,MFFW,Rennes,fr Ligue 1,27,1997,32,1546,48,50.5,17.2,15,77,2,17,23,1,1.78,27,30,-3,-0.17,-0.89,,
402,Janis Blaswich,de GER,GK,Leverkusen,de Bundesliga,34,1991,11,931,85,30.4,10.3,10,90,10,1,31,21,1.73,17,9,8,0.77,0.22,,
403,Aimar Blazquez,es ESP,FW,Valencia,es La Liga,19,2006,0,,,,,0,,0,0,,3,,,,,,,,
404,Daniele Bleve,it ITA,GK,Lecce,it Serie A,17,2008,0,,,,,0,,0,0,,4,,,,,,,,
405,Daley Blind,nl NED,DF,Girona,es La Liga,35,1990,31,2606,84,76.2,29,30,86,25,1,27,3,1.13,30,45,-15,-0.52,-0.41,,
406,Adam Boayar,ma MAR,MF,Elche,es La Liga,19,2005,7,104,15,3,1.2,0,,0,7,15,16,0.57,4,5,-1,-0.87,-0.68,,
407,Oscar Bobb,no NOR,MFFW,Manchester City,eng Premier League,22,2003,9,468,52,13.7,5.2,5,78,2,4,20,4,1.67,10,5,5,0.96,-0.17,,
408,Oscar Bobb,no NOR,MF,Fulham,eng Premier League,22,2003,14,571,41,16.7,6.3,6,64,0,8,23,0,1.29,7,7,0,0,0.13,,
409,Ben Bobzien,de GER,FWMF,Mainz 05,de Bundesliga,22,2003,1,9,9,0.3,0.1,0,,0,1,9,12,1,1,0,1,10,10.29,,
410,Arnaud Bodart,be BEL,GK,Lille,fr Ligue 1,27,1998,3,226,75,7.4,2.5,2,90,2,1,46,31,1,2,3,-1,-0.4,-0.91,,
411,Sacha Boey,fr FRA,DF,Bayern Munich,de Bundesliga,24,2000,9,463,51,15.1,5.1,5,78,1,4,18,4,3,14,3,11,2.14,-0.46,,
412,Jeremie Boga,ci CIV,MFFW,Nice,fr Ligue 1,28,1997,14,646,46,21.1,7.2,7,74,1,7,18,0,1.21,11,14,-3,-0.42,0.33,,
413,Jeremie Boga,ci CIV,MFFW,Juventus,it Serie A,28,1997,15,679,45,19.9,7.5,6,81,1,9,21,0,1.6,15,6,9,1.19,0.6,,
414,Lamare Bogarde,nl NED,MFDF,Aston Villa,eng Premier League,21,2004,28,1053,38,30.8,11.7,11,79,4,17,11,10,1.61,16,17,-1,-0.09,-0.39,,
415,Jayden Bogle,eng ENG,MFDF,Leeds United,eng Premier League,25,2000,34,2793,82,81.7,31,32,86,18,2,27,0,1.24,38,44,-6,-0.19,-0.05,,
416,Dmytro Bohdanov,ua UKR,MF,Union Berlin,de Bundesliga,18,2007,2,6,3,0.2,0.1,0,,0,2,3,6,1.5,1,0,1,15,15.44,,
417,Adama Boiro,es ESP,DF,Athletic Club,es La Liga,23,2002,14,815,58,23.8,9.1,8,83,6,6,26,24,0.86,8,20,-12,-1.33,-1.22,,
418,Morgan Bokelé Mputu,cm CMR,MF,Metz,fr Ligue 1,21,2004,10,227,23,7.4,2.5,1,80,0,9,16,7,0.5,4,7,-3,-1.19,0.11,,
419,Hugo Bolin,se SWE,MFFW,Gladbach,de Bundesliga,22,2003,13,550,42,18,6.1,5,70,0,8,25,1,1.23,9,8,1,0.16,0.59,,
420,Daniel Boloca,ro ROU,MF,Sassuolo,it Serie A,26,1998,2,135,68,3.9,1.5,2,68,1,0,,5,0,0,4,-4,-2.67,-2.67,,
421,David Boly,fr FRA,DF,PSG,fr Ligue 1,16,2009,0,,,,,0,,0,0,,6,,,,,,,,
422,Willy Boly,ci CIV,DF,Nottingham,eng Premier League,34,1991,0,,,,,0,,0,0,,8,,,,,,,,
423,Moïse Bombito,ca CAN,DF,Nice,fr Ligue 1,25,2000,2,145,73,4.7,1.6,2,73,1,0,,1,1,3,3,0,0,0.71,,
424,Piergiorgio Bonanno,it ITA,MF,Fiorentina,it Serie A,18,2007,0,,,,,0,,0,0,,2,,,,,,,,
425,Javier Boñar,es ESP,DF,Atlético Madrid,es La Liga,20,2005,4,299,75,8.7,3.3,3,90,2,1,30,6,0.75,5,5,0,0,-0.52,,
426,Federico Bonazzoli,it ITA,FW,Cremonese,it Serie A,28,1997,35,2510,72,73.4,27.9,31,78,12,4,24,2,0.83,23,45,-22,-0.79,-0.49,,
427,Warren Bondo,fr FRA,MF,Cremonese,it Serie A,21,2003,27,1762,65,51.5,19.6,22,73,8,5,33,3,0.85,16,30,-14,-0.72,-0.12,,
428,Lucas Bonelli,fr FRA,GK,Nantes,fr Ligue 1,22,2003,0,,,,,0,,0,0,,1,,,,,,,,
429,Giovanni Bonfanti,it ITA,DFMF,Pisa,it Serie A,22,2003,9,494,55,14.4,5.5,6,66,1,3,32,9,0.56,3,11,-8,-1.46,-0.32,,
430,Giovanni Bonfanti,it ITA,DF,Atalanta,it Serie A,22,2003,0,,,,,0,,0,0,,2,,,,,,,,
431,Victor Boniface,ng NGA,FW,Werder Bremen,de Bundesliga,24,2000,11,333,30,10.9,3.7,2,74,0,9,21,1,1.36,5,8,-3,-0.81,-0.15,,
432,Rahim Bonkano,ne NIG,DF,Oviedo,es La Liga,23,2002,27,1713,63,50.1,19,18,86,14,9,19,9,0.78,9,32,-23,-1.21,-0.63,,
433,Ange-Yoan Bonny,ci CIV,FW,Inter,it Serie A,21,2003,33,1142,35,33.4,12.7,10,67,1,23,21,2,2.18,35,11,24,1.89,0.71,,
434,Lorenzo Bonsignori Goggi,it ITA,MF,Como,it Serie A,18,2007,0,,,,,0,,0,0,,2,,,,,,,,
435,Thiago Borbas,uy URU,FW,Oviedo,es La Liga,23,2002,12,179,15,5.2,2,0,,0,12,15,5,0.75,2,5,-3,-1.51,-0.65,,
436,Sebastiaan Bornauw,be BEL,DF,Leeds United,eng Premier League,26,1999,12,429,36,12.5,4.8,5,78,0,7,6,18,1.5,4,5,-1,-0.21,-0.03,,
437,Gennaro Borrelli,it ITA,FW,Cagliari,it Serie A,25,2000,27,1275,47,37.3,14.2,13,73,3,14,23,2,1.26,17,25,-8,-0.56,-0.35,,
438,Olivier Boscagli,fr FRA,DF,Brighton,eng Premier League,27,1997,12,802,67,23.5,8.9,9,85,7,3,13,26,1.08,11,10,1,0.11,-0.06,,
439,Sebastián Boselli,uy URU,DF,Getafe,es La Liga,21,2003,11,380,35,11.1,4.2,4,79,3,7,9,6,2,4,2,2,0.47,0.71,,
440,Jean-Baptiste Bosey,fr FRA,FW,Strasbourg,fr Ligue 1,17,2008,1,1,1,0,0,0,,0,1,1,3,1,0,0,0,0,-0.32,,
441,Sven Botman,nl NED,DF,Newcastle,eng Premier League,25,2000,25,1835,73,53.7,20.4,21,84,17,4,15,5,1.36,25,27,-2,-0.1,-0.1,,
442,Ayyoub Bouaddi,ma MAR,MF,Lille,fr Ligue 1,17,2007,30,2321,77,75.8,25.8,28,82,16,2,14,2,1.63,29,26,3,0.12,-1.35,,
443,Badredine Bouanani,dz ALG,MF,Nice,fr Ligue 1,20,2004,2,93,47,3,1,1,75,0,1,18,0,1.5,1,0,1,0.97,1.7,,
444,Badredine Bouanani,dz ALG,MF,Stuttgart,de Bundesliga,20,2004,14,463,33,15.1,5.1,5,72,1,9,11,15,1.79,13,5,8,1.56,1.07,,
445,Enguerrand Bouard,fr FRA,FW,Nice,fr Ligue 1,18,2007,0,,,,,0,,0,0,,2,,,,,,,,
446,Kaïl Boudache,fr FRA,MFFW,Nice,fr Ligue 1,19,2006,13,531,41,17.4,5.9,3,59,0,10,35,2,0.77,5,9,-4,-0.68,0,,
447,Hicham Boudaoui,dz ALG,MF,Nice,fr Ligue 1,25,1999,25,1694,68,55.4,18.8,18,84,12,7,27,1,0.92,20,33,-13,-0.69,-0.03,,
448,Sofiane Boufal,ma MAR,MFFW,Le Havre,fr Ligue 1,31,1993,17,1019,60,33.3,11.3,13,73,0,4,18,0,1,10,16,-6,-0.53,-0.27,,
449,Ismaïl Bouneb,fr FRA,MF,Le Havre,fr Ligue 1,19,2006,0,,,,,0,,0,0,,1,,,,,,,,
450,Justin Bourgault,fr FRA,FW,Brest,fr Ligue 1,19,2005,1,16,16,0.5,0.2,0,,0,1,16,9,0,0,2,-2,-11.25,-10.95,,
451,Saad Boussadia,fr FRA,MF,Lille,fr Ligue 1,17,2008,0,,,,,0,,0,0,,4,,,,,,,,
452,Leonardo Bovo,it ITA,MF,Inter,it Serie A,20,2005,0,,,,,0,,0,0,,4,,,,,,,,
453,Jarrod Bowen,eng ENG,MFFW,West Ham,eng Premier League,28,1996,38,3403,90,99.5,37.8,38,90,32,0,,0,1.03,45,63,-18,-0.48,4.82,,
454,Kieron Bowie,sct SCO,FW,Hellas Verona,it Serie A,22,2002,14,1200,86,35.1,13.3,14,86,10,0,,0,0.5,7,18,-11,-0.82,0.19,,
455,Lucas Boyé,ar ARG,FW,Alavés,es La Liga,29,1996,29,1958,68,57.3,21.8,22,80,15,7,27,0,1.21,25,32,-7,-0.32,-0.01,,
456,Enzo Boyomo,cm CMR,DF,Osasuna,es La Liga,23,2001,30,2542,85,74.3,28.2,29,87,25,1,18,2,1.07,32,39,-7,-0.25,-0.35,,
457,Rosen Bozhinov,bg BUL,DF,Pisa,it Serie A,20,2005,9,610,68,17.8,6.8,8,76,4,1,1,8,0.22,4,10,-6,-0.89,0.36,,
458,Domagoj Bradarić,hr CRO,MF,Hellas Verona,it Serie A,25,1999,29,1966,68,57.5,21.8,23,80,12,6,23,5,0.45,17,39,-22,-1.01,-0.14,,
459,Conor Bradley,nir NIR,DF,Liverpool,eng Premier League,22,2003,15,929,62,27.2,10.3,12,70,3,3,29,1,1.47,11,13,-2,-0.19,-0.63,,
460,Bilal Brahimi,dz ALG,FWMF,Nice,fr Ligue 1,25,2000,1,1,1,0,0,0,,0,1,1,1,0,0,0,0,0,0.68,,
461,Julian Brandt,de GER,MFFW,Dortmund,de Bundesliga,29,1996,29,1606,55,52.5,17.8,17,83,5,12,17,3,2.14,42,18,24,1.34,0.6,,
462,Jarrad Branthwaite,eng ENG,DF,Everton,eng Premier League,23,2002,10,680,68,19.9,7.6,7,88,4,3,21,0,1.5,10,9,1,0.13,0.26,,
463,Riccardo Braschi,it ITA,FW,Fiorentina,it Serie A,18,2006,2,105,53,3.1,1.2,1,60,0,1,45,11,0.5,0,1,-1,-0.86,-0.64,,
464,Lilian Brassier,fr FRA,DF,Rennes,fr Ligue 1,25,1999,27,2250,83,73.5,25,25,87,22,2,36,5,1.78,47,35,12,0.48,0.81,,
465,Iker Bravo,es ESP,FW,Udinese,it Serie A,20,2005,8,206,26,6,2.3,3,55,0,5,8,7,1.38,2,2,0,0,0.08,,
466,Fabian Bredlow,de GER,GK,Stuttgart,de Bundesliga,30,1995,0,,,,,0,,0,0,,31,,,,,,,,
467,Josip Brekalo,hr CRO,MFFW,Oviedo,es La Liga,27,1998,14,486,35,14.2,5.4,6,58,0,8,18,3,0.71,1,14,-13,-2.41,-1.76,,
468,Gleison Bremer,br BRA,DF,Juventus,it Serie A,28,1997,26,2171,84,63.5,24.1,25,86,20,1,15,1,2.12,45,19,26,1.08,1.01,,
469,Marco Brescianini,it ITA,MF,Fiorentina,it Serie A,25,2000,17,862,51,25.2,9.6,10,75,4,7,16,1,1.47,15,13,2,0.21,0.6,,
470,Marco Brescianini,it ITA,MF,Atalanta,it Serie A,25,2000,9,182,20,5.3,2,0,,0,9,20,10,1.56,5,1,4,1.98,1.67,,
471,Abel Bretones,es ESP,MFDF,Osasuna,es La Liga,24,2000,28,1624,58,47.5,18,17,88,12,11,12,7,1.18,24,27,-3,-0.17,-0.02,,
472,George Brierley,eng ENG,MF,Burnley,eng Premier League,17,2007,0,,,,,0,,0,0,,1,,,,,,,,
473,Millan Brignone,fr FRA,MF,Nice,fr Ligue 1,18,2007,0,,,,,0,,0,0,,1,,,,,,,,
474,Sascha Britschgi,ch SUI,MFDF,Parma,it Serie A,18,2006,29,2095,72,61.3,23.3,22,86,16,7,30,6,1.31,18,27,-9,-0.39,0.22,,
475,Brian Brobbey,nl NED,FW,Sunderland,eng Premier League,23,2002,31,1927,62,56.3,21.4,22,78,6,9,22,2,1.29,20,30,-10,-0.47,-0.71,,
476,Benjamin Broggio,eng ENG,MF,Aston Villa,eng Premier League,18,2007,0,,,,,0,,0,0,,1,,,,,,,,
477,Marius Broholm,no NOR,MF,Lille,fr Ligue 1,20,2004,11,279,25,9.1,3.1,3,53,0,8,15,6,1,8,7,1,0.32,-0.13,,
478,Armando Broja,al ALB,FW,Burnley,eng Premier League,23,2001,24,860,36,25.1,9.6,8,79,2,16,14,5,0.25,11,27,-16,-1.67,-0.94,,
479,Alfie Brooks,rs SRB,GK,Wolves,eng Premier League,21,2003,0,,,,,0,,0,0,,1,,,,,,,,
480,David Brooks,wls WAL,MF,Bournemouth,eng Premier League,28,1997,31,1204,39,35.2,13.4,13,67,0,18,19,2,1.52,21,20,1,0.07,-0.05,,
481,Nathaniel Brown,de GER,MFDF,Frankfurt,de Bundesliga,22,2003,33,2656,80,86.8,29.5,29,86,23,4,41,0,1.33,52,55,-3,-0.1,0.12,,
482,Brugui,es ESP,MFFW,Levante,es La Liga,28,1996,19,1005,53,29.4,11.2,10,74,2,9,29,1,0.95,12,20,-8,-0.72,-0.49,,
483,Paris Brunner,de GER,FW,Monaco,fr Ligue 1,19,2006,7,132,19,4.3,1.5,1,45,0,6,15,10,1.71,3,3,0,0,-0.18,,
484,Jacob Bruun Larsen,dk DEN,MFFW,Burnley,eng Premier League,26,1998,28,1030,37,30.1,11.4,10,67,0,18,20,4,0.61,12,29,-17,-1.49,-0.73,,
485,Tajon Buchanan,ca CAN,MF,Villarreal,es La Liga,26,1999,34,1819,54,53.2,20.2,21,72,5,13,24,2,1.76,35,18,17,0.84,0.34,,
486,Ante Budimir,hr CRO,FW,Osasuna,es La Liga,34,1991,37,2938,79,85.9,32.6,35,83,18,2,22,0,1.14,34,38,-4,-0.12,0.25,,
487,Emi Buendía,ar ARG,MF,Aston Villa,eng Premier League,28,1996,36,1755,49,51.3,19.5,21,68,3,15,22,1,1.78,21,24,-3,-0.15,-0.69,,
488,Hugo Bueno,es ESP,MFDF,Wolves,eng Premier League,22,2002,35,2366,68,69.2,26.3,26,84,17,9,20,0,0.57,20,44,-24,-0.91,0.54,,
489,Manu Bueno,es ESP,MF,Sevilla,es La Liga,21,2004,8,272,34,8,3,2,67,0,6,23,22,1.88,5,2,3,0.99,1.48,,
490,Santiago Bueno,uy URU,DF,Wolves,eng Premier League,26,1998,29,2553,88,74.6,28.4,28,90,27,1,35,8,0.66,23,47,-24,-0.85,0.92,,
491,Louis Buffon,cz CZE,FW,Pisa,it Serie A,17,2007,4,32,8,0.9,0.4,0,,0,4,8,16,0,0,1,-1,-2.81,-1.64,,
492,Endika Buján,es ESP,FW,Athletic Club,es La Liga,22,2003,0,,,,,0,,0,0,,2,,,,,,,,
493,Adam Buksa,pl POL,FW,Udinese,it Serie A,29,1996,25,922,37,27,10.2,6,75,1,19,25,2,1.24,11,14,-3,-0.29,-0.29,,
494,Andrija Bulatović,me MNE,MF,Lens,fr Ligue 1,18,2006,19,762,40,24.9,8.5,6,89,4,13,17,13,2.05,21,8,13,1.54,0.83,,
495,Marius Bülter,de GER,FWMF,Köln,de Bundesliga,32,1993,32,1597,50,52.2,17.7,18,74,7,14,19,0,0.91,30,29,1,0.06,0.98,,
496,Facundo Buonanotte,ar ARG,MF,Leeds United,eng Premier League,20,2004,3,39,13,1.1,0.4,0,,0,3,13,5,0.33,0,3,-3,-6.92,-6.82,,
497,Facundo Buonanotte,ar ARG,MF,Chelsea,eng Premier League,20,2004,1,45,45,1.3,0.5,1,45,0,0,,4,1,0,1,-1,-2,-2.19,,
498,Alessandro Buongiorno,it ITA,DF,Napoli,it Serie A,26,1999,33,2521,76,73.7,28,28,86,22,5,21,2,2,42,29,13,0.46,-0.44,,
499,Livan Burcu,tr TUR,MFFW,Union Berlin,de Bundesliga,20,2004,18,651,36,21.3,7.2,6,68,0,12,20,7,0.94,11,12,-1,-0.14,0.35,,
500,Jan Bürger,de GER,MFDF,Wolfsburg,de Bundesliga,18,2007,7,247,35,8.1,2.7,2,59,0,5,26,8,0.57,3,6,-3,-1.09,-0.42,,
501,Wouter Burger,nl NED,MF,Hoffenheim,de Bundesliga,24,2001,30,2430,81,79.4,27,30,81,18,0,,0,1.9,52,35,17,0.63,1.2,,
502,Jonathan Burkardt,de GER,FW,Frankfurt,de Bundesliga,25,2000,22,1336,61,43.7,14.8,15,80,4,7,20,0,1.36,34,16,18,1.21,2.36,,
503,Oliver Burke,sct SCO,FWMF,Union Berlin,de Bundesliga,28,1997,29,1664,57,54.4,18.5,21,74,4,8,14,4,1,23,32,-9,-0.49,-0.16,,
504,Vincent Burlet,be BEL,DF,Lille,fr Ligue 1,19,2005,1,19,19,0.6,0.2,0,,0,1,19,2,1,0,1,-1,-4.74,-5.21,,
505,Dan Burn,eng ENG,DF,Newcastle,eng Premier League,33,1992,29,2199,76,64.3,24.4,25,86,21,4,13,2,1.21,32,34,-2,-0.08,-0.08,,
506,Bradley Burrowes,eng ENG,MF,Aston Villa,eng Premier League,17,2008,1,17,17,0.5,0.2,0,,0,1,17,3,0,0,1,-1,-5.29,-5.51,,
507,Marnon Busch,de GER,DFMF,Heidenheim,de Bundesliga,30,1994,29,1915,66,62.6,21.3,20,85,13,9,25,2,0.76,26,43,-17,-0.8,0.3,,
508,Pablo Busto,es ESP,DF,Real Betis,es La Liga,19,2005,0,,,,,0,,0,0,,1,,,,,,,,
509,Aurélio Buta,pt POR,DF,Frankfurt,de Bundesliga,28,1997,4,144,36,4.7,1.6,1,90,1,3,18,8,1.75,0,8,-8,-5,-5.12,,
510,Jean Butez,fr FRA,GK,Como,it Serie A,30,1995,38,3420,90,100,38,38,90,38,0,,0,1.87,65,29,36,0.95,,,
511,Jun'ai Byfield,eng ENG,DF,Tottenham,eng Premier League,16,2008,1,1,1,0,0,0,,0,1,1,5,1,0,0,0,0,0.24,,
512,Sam Byram,eng ENG,DFMF,Leeds United,eng Premier League,31,1993,2,9,5,0.3,0.1,0,,0,2,5,16,1.5,1,1,0,0,0.18,,
513,William Bøving,dk DEN,MF,Mainz 05,de Bundesliga,22,2003,9,223,25,7.3,2.5,2,77,1,7,10,18,0.67,4,6,-2,-0.81,-0.59,,
514,Pau Cabanes,es ESP,FW,Villarreal,es La Liga,20,2005,1,16,16,0.5,0.2,0,,0,1,16,2,3,0,0,0,0,-0.69,,
515,Rémy Cabella,fr FRA,MFFW,Nantes,fr Ligue 1,35,1990,11,572,52,19.3,6.4,6,82,4,5,16,4,0.67,8,14,-6,-0.94,-0.31,,
516,Jorge Cabello,es ESP,DF,Levante,es La Liga,21,2004,5,362,72,10.6,4,4,79,2,1,45,10,0,3,9,-6,-1.49,-1.26,,
517,Pape Cabral,fr FRA,MF,Monaco,fr Ligue 1,18,2007,4,77,19,2.5,0.9,0,,0,4,19,7,1.5,3,2,1,1.17,1.02,,
518,Leandro Cabrera,uy URU,DF,Espanyol,es La Liga,34,1991,37,3330,90,97.4,37,37,90,37,0,,0,1.22,43,55,-12,-0.32,-0.32,,
519,Anthony Caci,fr FRA,MF,Mainz 05,de Bundesliga,28,1997,10,519,52,17,5.8,6,76,1,4,16,0,1.1,6,7,-1,-0.17,0.11,,
520,Noah Cadiou,gp GLP,MF,Lorient,fr Ligue 1,26,1998,28,1879,67,61.4,20.9,20,86,17,8,20,4,1.43,31,33,-2,-0.1,-0.02,,
521,Mathieu Cafaro,fr FRA,FW,Paris FC,fr Ligue 1,28,1997,10,152,15,5,1.7,1,59,0,9,10,12,0.9,4,3,1,0.59,0.72,,
522,Moisés Caicedo,ec ECU,MF,Chelsea,eng Premier League,23,2001,33,2795,85,81.7,31.1,32,86,26,1,45,1,1.33,51,46,5,0.16,0.02,,
523,Tom Cairney,sct SCO,MF,Fulham,eng Premier League,34,1991,24,775,32,22.7,8.6,6,71,0,18,20,12,1.46,13,10,3,0.35,0.59,,
524,Arturo Calabresi,it ITA,DF,Pisa,it Serie A,29,1996,26,1514,58,44.3,16.8,17,74,3,9,28,11,0.62,15,30,-15,-0.89,0.52,,
525,Riccardo Calafiori,it ITA,DF,Arsenal,eng Premier League,23,2002,26,1699,65,49.7,18.9,22,75,7,4,14,2,2.38,32,8,24,1.27,0.23,,
526,Miguel Calatayud,es ESP,DF,Mallorca,es La Liga,19,2006,2,43,22,1.3,0.5,0,,0,2,22,2,0.5,0,1,-1,-2.09,-1.85,,
527,Calebe,br BRA,MF,Alavés,es La Liga,25,2000,19,752,40,22,8.4,13,52,0,6,13,18,1.21,8,8,0,0,0.4,,
528,Fernando Calero,es ESP,DF,Espanyol,es La Liga,29,1995,28,2148,77,62.8,23.9,24,85,18,4,26,6,1.29,20,33,-13,-0.54,-0.62,,
529,Duje Ćaleta-Car,hr CRO,DF,Real Sociedad,es La Liga,28,1996,27,2150,80,62.9,23.9,24,86,21,3,27,9,1.3,35,33,2,0.08,0.37,,
530,Hakan Çalhanoğlu,tr TUR,MF,Inter,it Serie A,31,1994,22,1639,75,47.9,18.2,20,79,7,2,35,5,2.27,43,16,27,1.48,0.12,,
531,Alessandro Calligaris,it ITA,GK,Inter,it Serie A,20,2005,0,,,,,0,,0,0,,8,,,,,,,,
532,Dominic Calvert-Lewin,eng ENG,FW,Leeds United,eng Premier League,28,1997,35,2721,78,79.6,30.2,30,87,17,5,25,0,1.23,42,34,8,0.26,2.2,,
533,Dani Calvo,es ESP,DF,Oviedo,es La Liga,31,1994,20,1611,81,47.1,17.9,17,90,17,3,27,17,0.95,9,24,-15,-0.84,0.11,,
534,Abdoulaye Camara,fr FRA,MF,Udinese,it Serie A,16,2008,1,12,12,0.4,0.1,0,,0,1,12,28,0,0,0,0,0,0.08,,
535,Adama Camara,fr FRA,MFDF,Paris FC,fr Ligue 1,28,1996,29,2159,74,70.6,24,26,80,9,3,24,4,1.38,27,34,-7,-0.29,-0.69,,
536,Amady Camara,ml MLI,FW,Nantes,fr Ligue 1,20,2005,10,171,17,5.8,1.9,1,45,0,9,14,7,0.6,4,5,-1,-0.53,0.18,,
537,Dawda Camara,mr MTN,FW,Girona,es La Liga,22,2002,2,72,36,2.1,0.8,1,45,0,1,27,0,0,0,4,-4,-5,-4.68,,
538,Fodé Camara,fr FRA,DF,Marseille,fr Ligue 1,18,2007,0,,,,,0,,0,0,,1,,,,,,,,
539,Gibert Cámara,es ESP,DF,Girona,es La Liga,18,2007,0,,,,,0,,0,0,,16,,,,,,,,
540,Henry Camara,gn GUI,FW,Atalanta,it Serie A,19,2006,0,,,,,0,,0,0,,1,,,,,,,,
541,Lamine Camara,sn SEN,MF,Monaco,fr Ligue 1,21,2004,24,1847,77,60.4,20.5,22,82,15,2,17,0,1.88,40,27,13,0.63,1.15,,
542,Mahdi Camara,fr FRA,MF,Rennes,fr Ligue 1,27,1998,32,2653,83,86.7,29.5,31,85,23,1,27,0,1.72,54,41,13,0.44,1.33,,
543,Ousmane Camara,ml MLI,DF,Angers,fr Ligue 1,22,2003,32,2718,85,88.8,30.2,31,87,29,1,18,1,1.13,28,38,-10,-0.33,2.04,,
544,Francesco Camarda,it ITA,FW,Lecce,it Serie A,17,2008,21,687,33,20.1,7.6,7,62,0,14,18,2,1,5,10,-5,-0.66,-0.1,,
545,Eduardo Camavinga,fr FRA,MF,Real Madrid,es La Liga,22,2002,29,1528,53,44.7,17,16,77,7,13,23,2,2.24,34,16,18,1.06,-0.08,,
546,Nicolò Cambiaghi,it ITA,MFFW,Bologna,it Serie A,24,2000,28,1518,54,44.4,16.9,17,74,5,11,24,3,1.36,20,19,1,0.06,-0.04,,
547,Andrea Cambiaso,it ITA,MFDF,Juventus,it Serie A,25,2000,36,2769,77,81,30.8,35,78,8,1,45,0,1.75,45,26,19,0.62,-0.49,,
548,Axel Camblan,fr FRA,FW,Brest,fr Ligue 1,21,2003,1,12,12,0.4,0.1,0,,0,1,12,2,0,0,0,0,0,0.35,,
549,Sergio Camello,es ESP,FWMF,Rayo Vallecano,es La Liga,24,2001,22,823,37,24.1,9.1,8,69,1,14,19,10,1,10,14,-4,-0.44,-0.47,,
550,Cole Campbell,us USA,FW,Hoffenheim,de Bundesliga,19,2006,5,79,16,2.6,0.9,0,,0,5,16,6,1.2,0,3,-3,-3.42,-3.9,,
551,Cole Campbell,us USA,FW,Dortmund,de Bundesliga,19,2006,1,17,17,0.6,0.2,0,,0,1,17,4,3,0,0,0,0,-1.06,,
552,Elijah Campbell,eng ENG,DF,Everton,eng Premier League,20,2004,0,,,,,0,,0,0,,11,,,,,,,,
553,Emre Can,de GER,DF,Dortmund,de Bundesliga,31,1994,9,621,69,20.3,6.9,7,80,4,2,30,3,1.78,16,8,8,1.16,0.13,,
554,Matteo Cancellieri,it ITA,FW,Lazio,it Serie A,23,2002,30,1725,58,50.4,19.2,21,72,7,9,24,1,1.37,24,22,2,0.1,0.16,,
555,João Cancelo,pt POR,DF,Barcelona,es La Liga,31,1994,16,954,60,27.9,10.6,11,79,7,5,18,3,2.44,27,6,21,1.98,0.59,,
556,Fali Candé,gw GNB,DF,Sassuolo,it Serie A,27,1998,12,509,42,14.9,5.7,5,72,1,7,22,6,0.92,9,6,3,0.53,0.75,,
557,Simone Canestrelli,it ITA,DF,Pisa,it Serie A,24,2000,37,3201,87,93.6,35.6,36,88,34,1,21,1,0.49,25,65,-40,-1.12,0.93,,
558,Jaydee Canvot,fr FRA,MFDF,Toulouse,fr Ligue 1,19,2006,2,180,90,6.1,2,2,90,2,0,,0,3,3,0,3,1.5,1.56,,
559,Jaydee Canvot,fr FRA,DF,Crystal Palace,eng Premier League,19,2006,20,1336,67,39.1,14.8,14,87,12,6,19,14,1.4,13,23,-10,-0.67,-0.67,,
560,Nicolás Capaldo,ar ARG,DFMF,Hamburger SV,de Bundesliga,26,1998,26,2001,77,65.4,22.2,24,82,12,2,14,1,1.04,27,34,-7,-0.31,0.28,,
561,Pierrick Capelle,fr FRA,MF,Angers,fr Ligue 1,38,1987,16,651,41,21.3,7.2,6,72,0,10,22,17,0.81,6,10,-4,-0.55,0.01,,
562,Elia Caprile,it ITA,GK,Cagliari,it Serie A,23,2001,38,3420,90,100,38,38,90,38,0,,0,1.13,40,53,-13,-0.34,,,
563,Maxence Caqueret,fr FRA,MF,Como,it Serie A,25,2000,30,1485,50,43.4,16.5,17,67,1,13,27,8,1.9,31,10,21,1.27,0.58,,
564,Antonio Caracciolo,it ITA,DF,Pisa,it Serie A,35,1990,35,3073,88,89.9,34.1,34,90,31,1,29,1,0.49,21,60,-39,-1.14,0.41,,
565,Filippo Carbone,it ITA,MF,Genoa,it Serie A,18,2006,1,8,8,0.2,0.1,0,,0,1,8,0,0,0,0,0,0,0.26,,
566,Tomás Carbonell,es ESP,MF,Real Sociedad,es La Liga,20,2005,0,,,,,0,,0,0,,1,,,,,,,,
567,Franco Carboni,it ITA,MF,Parma,it Serie A,22,2003,7,114,16,3.3,1.3,1,70,0,6,7,9,1.14,3,3,0,0,0.49,,
568,Valentin Carboni,ar ARG,MF,Genoa,it Serie A,20,2005,12,359,30,10.5,4,3,66,0,9,18,6,0.67,2,4,-2,-0.5,-0.27,,
569,Dani Cárdenas,es ESP,GK,Rayo Vallecano,es La Liga,28,1997,4,360,90,10.5,4,4,90,4,0,,31,1.75,6,7,-1,-0.25,-0.19,,
570,Álex Cardero,es ESP,MF,Oviedo,es La Liga,21,2003,0,,,,,0,,0,0,,1,,,,,,,,
571,Alessandro Cardinali,it ITA,FW,Parma,it Serie A,19,2006,1,45,45,1.3,0.5,0,,0,1,45,7,3,1,0,1,2,2.51,,
572,Rio Cardines,tt TRI,MF,Crystal Palace,eng Premier League,19,2006,1,90,90,2.6,1,1,90,1,0,,12,0,1,2,-1,-1,-0.76,,
573,Sergi Cardona,es ESP,DF,Villarreal,es La Liga,26,1999,31,1970,64,57.6,21.9,20,87,16,11,21,7,1.94,34,26,8,0.37,-0.75,,
574,Fábio Cardoso,pt POR,DF,Sevilla,es La Liga,31,1994,4,295,74,8.6,3.3,4,74,1,0,,24,1.5,6,5,1,0.31,0.74,,
575,Johnny Cardoso,us USA,MF,Atlético Madrid,es La Liga,23,2001,15,887,59,25.9,9.9,12,66,3,3,31,9,1.47,15,13,2,0.2,-0.37,,
576,Tiago Cardoso,lu LUX,GK,Gladbach,de Bundesliga,19,2006,0,,,,,0,,0,0,,6,,,,,,,,
577,Maycon Cardozo,br BRA,MF,Bayern Munich,de Bundesliga,16,2008,2,34,17,1.1,0.4,0,,0,2,17,2,3,1,1,0,0,-2.56,,
578,Igor Carioca,br BRA,DF,Lorient,fr Ligue 1,28,1996,17,1213,71,39.6,13.5,13,89,11,4,15,12,1.53,23,24,-1,-0.07,0.02,,
579,Patrik Carlgren,se SWE,GK,Nantes,fr Ligue 1,33,1992,3,182,61,6.1,2,2,90,2,1,2,31,1.33,4,1,3,1.48,2.32,,
580,Diego Carlos,br BRA,DF,Como,it Serie A,32,1993,27,1949,72,57,21.7,21,83,16,6,35,8,2,33,15,18,0.83,-0.27,,
581,Juan Carlos,es ESP,GK,Girona,es La Liga,37,1988,0,,,,,0,,0,0,,2,,,,,,,,
582,Kevin Carlos,es ESP,FW,Nice,fr Ligue 1,24,2001,23,880,38,28.8,9.8,9,66,2,14,20,6,0.91,13,16,-3,-0.31,0.52,,
583,David Carmo,ao ANG,DF,Oviedo,es La Liga,26,1999,22,1786,81,52.2,19.8,20,87,17,2,25,10,0.59,14,35,-21,-1.06,-0.34,,
584,Carmona,es ESP,DFMF,Sevilla,es La Liga,23,2002,35,2565,73,75,28.5,29,82,21,6,33,1,1.11,32,47,-15,-0.53,-0.63,,
585,Marco Carnesecchi,it ITA,GK,Atalanta,it Serie A,25,2000,37,3330,90,97.4,37,37,90,37,0,,1,1.57,50,35,15,0.41,0.41,,
586,Sergio Carreira,es ESP,MF,Celta Vigo,es La Liga,24,2000,34,2694,79,78.8,29.9,29,89,26,5,23,3,1.47,42,40,2,0.07,-0.31,,
587,Gorka Carrera,es ESP,FW,Real Sociedad,es La Liga,20,2005,3,62,21,1.8,0.7,0,,0,3,21,1,0.67,3,2,1,1.45,1.53,,
588,Álvaro Carreras,es ESP,DF,Real Madrid,es La Liga,22,2003,28,2332,83,68.2,25.9,26,90,23,2,3,5,2.25,56,23,33,1.27,0.53,,
589,Theodore Carroll,eng ENG,MF,Aston Villa,eng Premier League,18,2007,0,,,,,0,,0,0,,1,,,,,,,,
590,Dani Carvajal,es ESP,DF,Real Madrid,es La Liga,33,1992,17,977,57,28.6,10.9,10,79,4,7,26,9,2.35,20,10,10,0.92,-0.26,,
591,Fabio Carvalho,pt POR,MF,Brentford,eng Premier League,22,2002,6,102,17,3,1.1,1,90,1,5,2,4,0.17,2,4,-2,-1.76,-1.9,,
592,Cesare Casadei,it ITA,MF,Torino,it Serie A,22,2003,33,1997,61,58.4,22.2,19,84,15,14,28,4,1.18,28,36,-8,-0.36,0.34,,
593,Marc Casado,es ESP,MF,Barcelona,es La Liga,21,2003,24,989,41,28.9,11,10,76,5,14,16,14,2.63,25,10,15,1.37,-0.26,,
594,Nicolò Casale,it ITA,DF,Bologna,it Serie A,27,1998,12,678,57,19.8,7.5,8,72,5,4,25,15,1.25,10,13,-3,-0.4,-0.6,,
595,Casemiro,br BRA,MF,Manchester Utd,eng Premier League,33,1992,34,2571,76,75.2,28.6,33,78,13,1,11,0,1.97,55,31,24,0.84,1.37,,
596,Gabriele Casentini,it ITA,GK,Parma,it Serie A,18,2007,0,,,,,0,,0,0,,7,,,,,,,,
597,Ben Casey,eng ENG,FW,Crystal Palace,eng Premier League,17,2007,0,,,,,0,,0,0,,2,,,,,,,,
598,Matty Cash,pl POL,DF,Aston Villa,eng Premier League,27,1997,35,3014,86,88.1,33.5,34,87,26,1,45,0,1.77,51,38,13,0.39,1.72,,
599,Josué Casimir,ht HAI,MFFW,Auxerre,fr Ligue 1,23,2001,31,1522,49,49.7,16.9,16,76,4,15,21,1,0.97,13,25,-12,-0.71,-0.83,,
600,Riccardo Cassano,it ITA,MF,Como,it Serie A,16,2009,0,,,,,0,,0,0,,2,,,,,,,,
601,Cristian Cásseres Jr.,ve VEN,MF,Toulouse,fr Ligue 1,25,2000,30,2495,83,84,27.7,28,87,22,2,32,0,1.26,35,38,-3,-0.11,-0.87,,
602,Marco Cassin,it ITA,GK,Cremonese,it Serie A,17,2008,0,,,,,0,,0,0,,1,,,,,,,,
603,Timothy Castagne,be BEL,DFMF,Fulham,eng Premier League,29,1995,30,1845,62,53.9,20.5,20,86,16,10,12,8,1.2,25,32,-7,-0.34,-0.51,,
604,Michele Castagnetti,it ITA,MF,Cremonese,it Serie A,35,1989,0,,,,,0,,0,0,,1,,,,,,,,
605,Mirko Castagnini,it ITA,GK,Hellas Verona,it Serie A,18,2007,0,,,,,0,,0,0,,4,,,,,,,,
606,Francesco Castaldo,it ITA,FW,Bologna,it Serie A,18,2007,0,,,,,0,,0,0,,4,,,,,,,,
607,Lluc Castell,es ESP,FW,Espanyol,es La Liga,18,2006,1,19,19,0.6,0.2,0,,0,1,19,6,1,0,0,0,0,0.32,,
608,Valentín Castellanos,ar ARG,FW,Lazio,it Serie A,26,1998,11,692,63,20.2,7.7,8,77,3,3,25,0,1.18,11,7,4,0.52,0.62,,
609,Valentín Castellanos,ar ARG,FW,West Ham,eng Premier League,26,1998,18,1384,77,40.5,15.4,17,78,3,1,65,0,1.39,21,16,5,0.33,1.39,,
610,Alex Castiello,it ITA,FW,Milan,it Serie A,18,2007,0,,,,,0,,0,0,,5,,,,,,,,
611,Castrin,es ESP,DF,Sevilla,es La Liga,22,2003,19,1277,67,37.3,14.2,13,86,11,6,27,13,1.21,20,16,4,0.28,1.04,,
612,Jonny Castro,es ESP,DF,Alavés,es La Liga,31,1994,34,2994,88,87.5,33.3,34,88,30,0,,3,1.06,39,52,-13,-0.39,-0.6,,
613,Santiago Castro,ar ARG,FW,Bologna,it Serie A,20,2004,35,2359,67,69,26.2,26,80,11,9,31,3,1.43,34,34,0,0,-0.25,,
614,Alessio Castro-Montes,be BEL,MFDF,Köln,de Bundesliga,28,1997,14,672,48,22,7.5,7,74,2,7,22,9,1,15,15,0,0,0.53,,
615,Jens Castrop,kr KOR,MF,Gladbach,de Bundesliga,22,2003,26,1584,61,51.8,17.6,20,74,4,6,17,1,1,21,31,-10,-0.57,-0.51,,
616,Danilo Cataldi,it ITA,MF,Lazio,it Serie A,30,1994,27,1985,74,58,22.1,24,77,13,3,42,3,1.37,24,26,-2,-0.09,-0.28,,
617,Catena,es ESP,DF,Osasuna,es La Liga,30,1994,35,3071,88,89.8,34.1,35,88,32,0,,0,1.09,37,45,-8,-0.23,-0.75,,
618,Nikola Čavlina,hr CRO,GK,Como,it Serie A,23,2002,0,,,,,0,,0,0,,32,,,,,,,,
619,Nicolò Cavuoti,it ITA,MF,Cagliari,it Serie A,22,2003,4,44,11,1.3,0.5,0,,0,4,11,17,1.25,0,1,-1,-2.05,-1.73,,
620,Santi Cazorla,es ESP,MF,Oviedo,es La Liga,40,1984,28,940,34,27.5,10.4,6,73,1,22,23,4,0.68,4,16,-12,-1.15,-0.35,,
621,Dani Ceballos,es ESP,MF,Real Madrid,es La Liga,28,1996,16,486,30,14.2,5.4,4,67,0,12,18,11,2.56,14,6,8,1.48,0.44,,
622,Federico Ceccherini,it ITA,DF,Cremonese,it Serie A,33,1992,9,476,53,13.9,5.3,6,67,1,3,25,26,0.67,1,13,-12,-2.27,-1.87,,
623,Abdoulie Ceesay,gm GAM,FW,St Pauli,de Bundesliga,21,2004,20,336,17,11,3.7,0,,0,20,17,11,0.35,7,9,-2,-0.54,0.42,,
624,Alin Čelik,si SVN,DF,Genoa,it Serie A,18,2007,0,,,,,0,,0,0,,4,,,,,,,,
625,Nidal Čelik,ba BIH,DF,Lens,fr Ligue 1,19,2006,8,616,77,20.1,6.8,8,77,5,0,,4,1.63,20,9,11,1.61,0.87,,
626,Zeki Çelik,tr TUR,MFDF,Roma,it Serie A,28,1997,34,2723,80,79.6,30.3,32,84,21,2,11,1,1.79,50,27,23,0.76,0.11,,
627,Fabien Centonze,fr FRA,MFDF,Nantes,fr Ligue 1,29,1996,15,736,49,24.8,8.2,9,77,5,6,8,2,0.8,7,13,-6,-0.73,-0.05,,
628,Lucas Cepeda,cl CHI,MF,Elche,es La Liga,22,2002,10,402,40,11.8,4.5,4,76,1,6,16,7,1.1,5,8,-3,-0.67,-0.52,,
629,Václav Černý,cz CZE,FWMF,Wolfsburg,de Bundesliga,27,1997,2,47,24,1.5,0.5,0,,0,2,24,0,2,0,1,-1,-1.91,-1.23,,
630,Alberto Cerri,it ITA,FW,Como,it Serie A,29,1996,0,,,,,0,,0,0,,19,,,,,,,,
631,Dani Cervera,es ESP,MF,Levante,es La Liga,22,2003,0,,,,,0,,0,0,,1,,,,,,,,
632,Franco Cervi,ar ARG,FWMF,Celta Vigo,es La Liga,31,1994,0,,,,,0,,0,0,,10,,,,,,,,
633,Jorge Cestero,es ESP,MF,Real Madrid,es La Liga,19,2006,2,13,7,0.4,0.1,0,,0,2,7,8,3,0,0,0,0,-1.11,,
634,Julian Chabot,de GER,DF,Stuttgart,de Bundesliga,27,1998,27,2294,85,75,25.5,26,88,23,1,16,5,1.81,55,37,18,0.71,0.24,,
635,El Chadaille Bitshiabu,fr FRA,DF,RB Leipzig,de Bundesliga,20,2005,11,655,60,21.4,7.3,8,79,5,3,9,19,1.73,13,11,2,0.27,-0.36,,
636,Rhys Chadwick-Chaplin,eng ENG,MF,Leeds United,eng Premier League,18,2007,0,,,,,0,,0,0,,3,,,,,,,,
637,Fares Chaïbi,dz ALG,MF,Frankfurt,de Bundesliga,22,2002,28,1792,64,58.6,19.9,21,77,8,7,26,2,1.36,40,38,2,0.1,0.53,,
638,Ilyas Chaira,ma MAR,MFFW,Oviedo,es La Liga,24,2001,36,2447,68,71.5,27.2,30,76,10,6,30,0,0.81,22,39,-17,-0.63,0.95,,
639,Trevoh Chalobah,eng ENG,DF,Chelsea,eng Premier League,26,1999,34,2783,82,81.4,30.9,31,88,29,3,18,1,1.41,52,37,15,0.49,1.76,,
640,Fallou Cham,gm GAM,MF,Hellas Verona,it Serie A,19,2006,6,228,38,6.7,2.5,3,62,0,3,14,30,0.5,1,6,-5,-1.97,-1.1,,
641,Samuel Chambers,eng ENG,MF,Leeds United,eng Premier League,17,2007,0,,,,,0,,0,0,,1,,,,,,,,
642,Timothy Chandler,us USA,DFMF,Frankfurt,de Bundesliga,35,1990,1,11,11,0.4,0.1,0,,0,1,11,5,1,1,0,1,8.18,8.33,,
643,Brendan Chardonnet,fr FRA,DF,Brest,fr Ligue 1,30,1994,29,2546,88,83.2,28.3,29,88,27,0,,2,1.34,39,43,-4,-0.14,1.26,,
644,Charlys,br BRA,MF,Hellas Verona,it Serie A,21,2004,0,,,,,0,,0,0,,1,,,,,,,,
645,Raúl Chasco,es ESP,DF,Osasuna,es La Liga,21,2003,0,,,,,0,,0,0,,4,,,,,,,,
646,Pep Chavarría,es ESP,DF,Rayo Vallecano,es La Liga,27,1998,33,2682,81,78.4,29.8,29,89,26,4,23,4,1.24,31,34,-3,-0.1,-0.1,,
647,Arthur Chaves,br BRA,DF,Hoffenheim,de Bundesliga,24,2001,4,240,60,7.8,2.7,2,90,2,2,30,7,1.75,4,4,0,0,-0.41,,
648,Arthur Chaves,br BRA,DF,Augsburg,de Bundesliga,24,2001,11,829,75,27.1,9.2,9,84,7,2,35,3,1.36,13,15,-2,-0.22,0.35,,
649,Felipe Chávez,pe PER,MF,Bayern Munich,de Bundesliga,18,2007,2,14,7,0.5,0.2,0,,0,2,7,3,1.5,1,0,1,6.43,3.92,,
650,Felipe Chávez,pe PER,MF,Köln,de Bundesliga,18,2007,7,102,15,3.3,1.1,0,,0,7,15,6,0.57,3,3,0,0,0.43,,
651,Jhoanner Chávez,ec ECU,DFMF,Lens,fr Ligue 1,23,2002,0,,,,,0,,0,0,,3,,,,,,,,
652,Walid Cheddira,ma MAR,FW,Napoli,it Serie A,27,1998,0,,,,,0,,0,0,,2,,,,,,,,
653,Walid Cheddira,ma MAR,FW,Sassuolo,it Serie A,27,1998,16,221,14,6.5,2.5,1,62,0,15,11,3,1.38,2,4,-2,-0.81,-0.76,,
654,Walid Cheddira,ma MAR,FW,Lecce,it Serie A,27,1998,17,1000,59,29.2,11.1,11,75,2,6,29,0,1.24,9,16,-7,-0.63,-0.07,,
655,Cheli,es ESP,MF,Oviedo,es La Liga,20,2005,0,,,,,0,,0,0,,2,,,,,,,,
656,Chema,es ESP,MF,Stuttgart,de Bundesliga,20,2005,25,1310,52,42.8,14.6,14,85,8,11,10,9,1.88,32,24,8,0.55,-0.17,,
657,Samir Chergui,dz ALG,DF,Paris FC,fr Ligue 1,26,1999,15,1154,77,37.7,12.8,13,87,11,2,12,3,1.33,21,23,-2,-0.16,-0.11,,
658,Sidiki Cherif,fr FRA,FWMF,Angers,fr Ligue 1,18,2006,19,1157,61,37.8,12.9,14,70,2,5,36,0,1.21,13,16,-3,-0.23,0.52,,
659,Rayan Cherki,fr FRA,MF,Manchester City,eng Premier League,21,2003,33,1786,54,52.2,19.8,19,77,5,14,23,1,2.06,40,19,21,1.06,-0.1,,
660,Youssef Chermiti,pt POR,FW,Everton,eng Premier League,21,2004,0,,,,,0,,0,0,,2,,,,,,,,
661,Lucas Chevalier,fr FRA,GK,PSG,fr Ligue 1,23,2001,17,1530,90,50,17,17,90,17,0,,12,2.29,33,13,20,1.18,-0.29,,
662,Fabio Chiarodia,it ITA,DF,Gladbach,de Bundesliga,20,2005,15,674,45,22,7.5,8,72,1,7,14,6,0.8,2,13,-11,-1.47,-1.47,,
663,Federico Chiesa,it ITA,MF,Liverpool,eng Premier League,27,1997,26,339,13,9.9,3.8,1,60,0,25,11,10,1.38,15,9,6,1.59,1.48,,
664,Ben Chilwell,eng ENG,DFMF,Strasbourg,fr Ligue 1,28,1996,20,1598,80,52.2,17.8,19,83,13,1,29,4,1.45,27,24,3,0.17,-0.32,,
665,Tawanda Chirewa,zw ZIM,MF,Wolves,eng Premier League,21,2003,2,27,14,0.8,0.3,0,,0,2,14,5,1.5,0,0,0,0,1.09,,
666,Ogbonna Chizurum,ng NGA,FW,Strasbourg,fr Ligue 1,18,2007,0,,,,,0,,0,0,,1,,,,,,,,
667,Joris Chotard,fr FRA,MF,Brest,fr Ligue 1,23,2001,33,2773,84,90.6,30.8,31,88,25,2,18,0,1.15,39,47,-8,-0.26,0.99,,
668,Andreas Christensen,dk DEN,DF,Barcelona,es La Liga,29,1996,13,409,31,12,4.5,3,90,3,10,14,5,2.38,11,9,2,0.44,-1.26,,
669,Oliver Christensen,dk DEN,GK,Fiorentina,it Serie A,26,1999,1,86,86,2.5,1,1,86,0,0,,19,1,1,1,0,0,0.24,,
670,Ryan Christie,sct SCO,MF,Bournemouth,eng Premier League,30,1995,26,994,38,29.1,11,9,65,0,17,24,1,1.77,16,14,2,0.18,0.11,,
671,Carney Chukwuemeka,at AUT,MFFW,Dortmund,de Bundesliga,21,2003,28,919,33,30,10.2,8,73,1,20,17,3,2.32,21,7,14,1.37,0.45,,
672,Samuel Chukwueze,ng NGA,FWMF,Milan,it Serie A,26,1999,1,26,26,0.8,0.3,0,,0,1,26,1,0,0,0,0,0,-0.48,,
673,Samuel Chukwueze,ng NGA,MF,Fulham,eng Premier League,26,1999,23,1079,47,31.5,12,10,75,2,13,26,1,1.17,18,21,-3,-0.25,-0.21,,
674,Víctor Chust,es ESP,DF,Elche,es La Liga,25,2000,31,2166,70,63.3,24.1,22,88,16,9,26,3,1.16,30,35,-5,-0.21,0.01,,
675,Salvatore Cianciulli,it ITA,MF,Fiorentina,it Serie A,16,2008,0,,,,,0,,0,0,,1,,,,,,,,
676,Alessandro Ciardi,it ITA,MF,Parma,it Serie A,18,2007,0,,,,,0,,0,0,,2,,,,,,,,
677,Simone Cinquegrano,it ITA,FW,Inter,it Serie A,21,2004,0,,,,,0,,0,0,,4,,,,,,,,
678,Giuseppe Ciocci,it ITA,GK,Cagliari,it Serie A,23,2002,0,,,,,0,,0,0,,36,,,,,,,,
679,Alessandro Circati,au AUS,DF,Parma,it Serie A,21,2003,31,2664,86,77.9,29.6,31,86,28,0,,1,1.1,21,34,-13,-0.44,0.16,,
680,Dennis Cirkin,lv LVA,DF,Sunderland,eng Premier League,23,2002,8,323,40,9.4,3.6,3,79,2,5,17,11,0.88,2,2,0,0,0.17,,
681,Pathé Ciss,sn SEN,MFDF,Rayo Vallecano,es La Liga,31,1994,29,1999,69,58.5,22.2,20,88,17,9,26,0,1.31,25,24,1,0.05,0.3,,
682,Amadou Cissé,gn GUI,DF,Strasbourg,fr Ligue 1,19,2006,1,90,90,2.9,1,1,90,1,0,,4,0,0,3,-3,-3,-3.42,,
683,Djaoui Cissé,fr FRA,MF,Rennes,fr Ligue 1,21,2004,24,981,41,32.1,10.9,12,60,0,12,22,9,1.75,18,14,4,0.37,0.15,,
684,Mamoudou Cissokho,fr FRA,FW,Auxerre,fr Ligue 1,17,2007,2,2,1,0.1,0,0,,0,2,1,8,3,0,0,0,0,0.29,,
685,Alexis Claude-Maurice,fr FRA,MFFW,Augsburg,de Bundesliga,27,1998,29,2097,72,68.5,23.3,25,80,11,4,22,1,1.28,29,43,-14,-0.6,-0.41,,
686,Jonathan Clauss,fr FRA,MFDF,Nice,fr Ligue 1,32,1992,30,2530,84,82.7,28.1,28,88,25,2,38,0,0.83,28,54,-26,-0.92,-1.43,,
687,Nathaniel Clyne,eng ENG,MFDF,Crystal Palace,eng Premier League,34,1991,10,594,59,17.4,6.6,7,72,1,3,30,24,1,6,12,-6,-0.91,-0.78,,
688,Matteo Cocchi,it ITA,DF,Inter,it Serie A,18,2007,1,17,17,0.5,0.2,0,,0,1,17,20,1,1,0,1,5.29,3.89,,
689,Saúl Coco,gq EQG,DF,Torino,it Serie A,26,1999,35,3088,88,90.3,34.3,35,88,33,0,,1,1.2,39,55,-16,-0.47,0.35,,
690,Andrea Cogoni,it ITA,DF,Cagliari,it Serie A,19,2006,0,,,,,0,,0,0,,3,,,,,,,,
691,Séamus Coleman,ie IRL,DF,Everton,eng Premier League,36,1988,5,21,4,0.6,0.2,1,9,0,4,3,19,1.8,0,1,-1,-4.29,-4.23,,
692,Maxime Colin,fr FRA,DF,Metz,fr Ligue 1,33,1991,22,1692,77,55.3,18.8,18,86,14,4,34,10,0.59,22,39,-17,-0.9,0.87,,
693,Nathan Collins,ie IRL,DF,Brentford,eng Premier League,24,2001,35,2975,85,87,33.1,32,90,32,3,32,3,1.31,46,44,2,0.06,-0.14,,
694,Nnamdi Collins,de GER,DF,Frankfurt,de Bundesliga,21,2004,23,1500,65,49,16.7,16,85,12,7,20,3,1.57,38,32,6,0.36,0.94,,
695,Michele Collocolo,it ITA,MF,Cremonese,it Serie A,25,1999,8,362,45,10.6,4,5,61,3,3,18,4,1.5,6,7,-1,-0.25,0.46,,
696,Santiago Colombatto,ar ARG,MF,Oviedo,es La Liga,28,1997,32,2064,65,60.4,22.9,23,81,8,9,22,4,0.75,12,34,-22,-0.96,-0.16,,
697,Lorenzo Colombo,it ITA,FW,Genoa,it Serie A,23,2002,38,2326,61,68,25.8,30,72,2,8,22,0,1.08,27,32,-5,-0.19,0.22,,
698,Levi Colwill,eng ENG,DF,Chelsea,eng Premier League,22,2003,3,225,75,6.6,2.5,2,90,2,1,45,0,0.33,3,4,-1,-0.4,-0.6,,
699,Eray Cömert,ch SUI,DF,Valencia,es La Liga,27,1998,17,1337,79,39.1,14.9,15,86,11,2,24,15,1.35,20,21,-1,-0.07,0.28,,
700,Santi Comesaña,es ESP,MF,Villarreal,es La Liga,28,1996,34,2407,71,70.4,26.7,28,81,14,6,25,1,1.91,55,29,26,0.97,0.97,,
701,Pietro Comi,it ITA,DF,Atalanta,it Serie A,20,2005,0,,,,,0,,0,0,,1,,,,,,,,
702,Pietro Comuzzo,it ITA,DF,Fiorentina,it Serie A,20,2005,27,1696,63,49.6,18.8,18,84,11,9,20,11,1,21,28,-7,-0.37,-0.27,,
703,Francisco Conceição,pt POR,MFFW,Juventus,it Serie A,22,2002,31,2078,67,60.8,23.1,27,73,2,4,25,2,1.68,30,18,12,0.52,-0.49,,
704,Bernardo Conde,fr FRA,DF,Parma,it Serie A,18,2006,0,,,,,0,,0,0,,4,,,,,,,,
705,Diego Conde,es ESP,GK,Villarreal,es La Liga,26,1998,0,,,,,0,,0,0,,11,,,,,,,,
706,Christian Conteh,de GER,MFFW,Heidenheim,de Bundesliga,25,1999,9,404,45,13.2,4.5,4,70,1,5,25,1,0.89,5,9,-4,-0.89,0.02,,
707,Sirlord Conteh,de GER,MFFW,Heidenheim,de Bundesliga,29,1996,15,625,42,20.4,6.9,3,80,1,12,32,1,0.4,11,16,-5,-0.72,0.24,,
708,Nikita Contini,it ITA,GK,Napoli,it Serie A,29,1996,1,11,11,0.3,0.1,0,,0,1,11,31,3,0,0,0,0,-0.58,,
709,Lewis Cook,eng ENG,MFDF,Bournemouth,eng Premier League,28,1997,18,874,49,25.6,9.7,8,90,8,10,15,1,1.39,15,18,-3,-0.31,-0.56,,
710,Copete,es ESP,DF,Valencia,es La Liga,25,1999,21,1759,84,51.4,19.5,19,88,15,2,47,3,0.9,17,32,-15,-0.77,-1.09,,
711,Diego Coppola,it ITA,DF,Paris FC,fr Ligue 1,21,2003,13,1170,90,38.2,13,13,90,13,0,,2,1.69,21,16,5,0.38,0.77,,
712,Diego Coppola,it ITA,DF,Brighton,eng Premier League,21,2003,5,194,39,5.7,2.2,2,88,1,3,6,17,1.6,1,3,-2,-0.93,-1.15,,
713,Francesco Coppola,it ITA,DF,Pisa,it Serie A,20,2005,7,458,65,13.4,5.1,5,90,5,2,4,19,0.29,3,15,-12,-2.36,-1.36,,
714,Francis Coquelin,fr FRA,MF,Nantes,fr Ligue 1,34,1991,16,655,41,22.1,7.3,8,64,0,8,18,1,1,5,6,-1,-0.14,0.72,,
715,Tommaso Corazza,it ITA,MF,Bologna,it Serie A,21,2004,0,,,,,0,,0,0,,2,,,,,,,,
716,Thomas Cordier,fr FRA,MF,PSG,fr Ligue 1,19,2006,0,,,,,0,,0,0,,2,,,,,,,,
717,Derek Cornelius,ca CAN,DFFW,Marseille,fr Ligue 1,27,1997,2,58,29,1.9,0.6,0,,0,2,29,1,1.5,1,1,0,0,-0.54,,
718,Maxwel Cornet,ci CIV,MF,Genoa,it Serie A,28,1996,8,118,15,3.5,1.3,1,52,0,7,9,11,0.5,2,5,-3,-2.29,-2.1,,
719,Iván Corralejo,es ESP,MF,Real Betis,es La Liga,18,2007,1,15,15,0.4,0.2,0,,0,1,15,2,0,1,0,1,6,5.74,,
720,Félix Correia,pt POR,MF,Lille,fr Ligue 1,24,2001,34,2053,60,67.1,22.8,26,73,2,8,18,0,1.79,36,22,14,0.61,0.52,,
721,Thierry Correia,pt POR,DFMF,Valencia,es La Liga,26,1999,24,1392,58,40.7,15.5,17,73,8,7,20,3,0.96,13,24,-11,-0.71,-0.8,,
722,Alvaro Cortes,es ESP,DF,Barcelona,es La Liga,20,2005,1,90,90,2.6,1,1,90,1,0,,6,0,0,1,-1,-1,-2.62,,
723,Paco Cortés,es ESP,MFFW,Levante,es La Liga,17,2007,12,472,39,13.8,5.2,4,73,0,8,23,10,1.08,5,6,-1,-0.19,0.21,,
724,Edoardo Corvi,it ITA,GK,Parma,it Serie A,24,2001,17,1530,90,44.7,17,17,90,17,0,,21,1.65,14,18,-4,-0.24,0.43,,
725,Isaac Cossier,fr FRA,DF,Lille,fr Ligue 1,18,2006,0,,,,,0,,0,0,,1,,,,,,,,
726,Álex Costa,es ESP,FW,Sevilla,es La Liga,22,2003,0,,,,,0,,0,0,,3,,,,,,,,
727,Coba da Costa,es ESP,MF,Getafe,es La Liga,23,2002,14,348,25,10.2,3.9,2,56,0,12,20,7,0.86,2,3,-1,-0.26,-0.11,,
728,Danny da Costa,de GER,DFMF,Mainz 05,de Bundesliga,32,1993,34,2695,79,88.1,29.9,30,86,25,4,29,0,1.18,34,49,-15,-0.5,-1.98,,
729,Logan Costa,cv CPV,DF,Villarreal,es La Liga,24,2001,2,30,15,0.9,0.3,0,,0,2,15,4,1.5,0,0,0,0,-0.69,,
730,Samu Costa,pt POR,MF,Mallorca,es La Liga,24,2000,34,2697,79,78.9,30,31,84,18,3,31,0,1.12,32,42,-10,-0.33,-0.33,,
731,David Costas,es ESP,DF,Oviedo,es La Liga,30,1995,25,2066,83,60.4,23,22,89,21,3,33,5,0.92,13,35,-22,-0.96,-0.16,,
732,Grégoire Coudert,fr FRA,GK,Brest,fr Ligue 1,26,1999,25,2192,88,71.6,24.4,24,90,24,1,32,9,1.28,34,40,-6,-0.25,0.38,,
733,Vladimír Coufal,cz CZE,DFMF,Hoffenheim,de Bundesliga,32,1992,34,3012,89,98.4,33.5,34,89,28,0,,0,1.79,64,50,14,0.42,2.29,,
734,Abdoul Coulibaly,de GER,DF,Werder Bremen,de Bundesliga,18,2007,27,2120,79,69.3,23.6,24,85,19,3,29,2,0.93,24,43,-19,-0.81,-0.42,,
735,Djibril Coulibaly,fr FRA,MF,Nice,fr Ligue 1,16,2008,2,13,7,0.4,0.1,0,,0,2,7,8,2,1,0,1,6.92,7.63,,
736,Lassana Coulibaly,ml MLI,MF,Lecce,it Serie A,29,1996,33,2689,81,78.6,29.9,31,86,21,2,18,1,1.12,23,34,-11,-0.37,0.99,,
737,Lasso Coulibaly,ci CIV,MF,Auxerre,fr Ligue 1,22,2002,17,321,19,10.5,3.6,1,42,0,16,17,4,0.88,4,5,-1,-0.28,0.02,,
738,Mamadou Coulibaly,fr FRA,MF,Monaco,fr Ligue 1,21,2004,25,1381,55,45.1,15.3,15,75,5,10,25,4,1.6,27,30,-3,-0.2,-0.68,,
739,Samba Coulibaly,fr FRA,DF,PSG,fr Ligue 1,17,2008,0,,,,,0,,0,0,,1,,,,,,,,
740,Soumaïla Coulibaly,fr FRA,DF,Strasbourg,fr Ligue 1,21,2003,0,,,,,0,,0,0,,1,,,,,,,,
741,Soumaïla Coulibaly,fr FRA,DF,Brest,fr Ligue 1,21,2003,16,1338,84,43.7,14.9,15,88,13,1,15,4,0.88,17,28,-11,-0.74,-0.69,,
742,Woyo Coulibaly,ml MLI,DF,Sassuolo,it Serie A,26,1999,20,1054,53,30.8,11.7,9,81,6,11,29,10,1.55,18,16,2,0.17,0.4,,
743,Marius Courcoul,fr FRA,MF,Angers,fr Ligue 1,18,2007,18,374,21,12.2,4.2,3,65,0,15,12,9,1.11,7,8,-1,-0.24,0.36,,
744,Thibaut Courtois,be BEL,GK,Real Madrid,es La Liga,33,1992,32,2880,90,84.2,32,32,90,32,0,,0,2.34,67,28,39,1.22,0.72,,
745,Yan Couto,br BRA,MF,Dortmund,de Bundesliga,23,2002,19,997,52,32.6,11.1,11,80,5,8,14,13,2.26,25,14,11,0.99,-0.1,,
746,Patrice Čović,hr CRO,MF,Werder Bremen,de Bundesliga,18,2007,15,351,23,11.5,3.9,2,66,0,13,17,19,0.8,4,10,-6,-1.54,-0.97,,
747,Nicolas Cozza,fr FRA,DF,Nantes,fr Ligue 1,26,1999,29,2301,79,77.5,25.6,25,88,20,4,23,4,0.73,19,36,-17,-0.66,0.14,,
748,Ben Cremaschi,us USA,MF,Parma,it Serie A,20,2005,8,132,17,3.9,1.5,2,50,1,6,5,17,0.88,1,3,-2,-1.36,-0.93,,
749,Alfie Cresswell,eng ENG,MF,Leeds United,eng Premier League,18,2007,0,,,,,0,,0,0,,2,,,,,,,,
750,Charlie Cresswell,eng ENG,DF,Toulouse,fr Ligue 1,22,2002,29,2533,87,85.3,28.1,28,89,27,1,32,0,1.31,41,35,6,0.21,1.24,,
751,Bryan Cristante,it ITA,MF,Roma,it Serie A,30,1995,37,3094,84,90.5,34.4,36,85,27,1,45,0,1.89,55,26,29,0.84,1.12,,
752,Cristian,es ESP,GK,Valencia,es La Liga,27,1998,0,,,0,0,0,,0,0,,26,3,1,0,1,,,,
753,Juan Cruz Armada,es ESP,DF,Osasuna,es La Liga,33,1992,15,649,43,19,7.2,7,74,2,8,17,18,1.19,11,9,2,0.28,0.54,,
754,Juan Cuadrado,co COL,MF,Pisa,it Serie A,37,1988,19,506,27,14.8,5.6,2,55,0,17,23,4,0.47,3,9,-6,-1.07,0.14,,
755,Pau Cubarsí,es ESP,DF,Barcelona,es La Liga,18,2007,31,2703,87,79,30,31,87,25,0,,7,2.52,76,29,47,1.56,0.06,,
756,Miguel Cubo,es ESP,FW,Atlético Madrid,es La Liga,17,2008,2,50,25,1.5,0.6,0,,0,2,25,4,1.5,2,0,2,3.6,3.17,,
757,Cucho,co COL,FW,Real Betis,es La Liga,26,1999,32,2580,81,75.4,28.7,30,83,14,2,45,0,1.5,45,35,10,0.35,0.24,,
758,Marc Cucurella,es ESP,DF,Chelsea,eng Premier League,27,1998,34,2707,80,79.2,30.1,31,84,26,3,34,0,1.44,46,37,9,0.3,0.68,,
759,Iván Cuéllar,es ESP,GK,Mallorca,es La Liga,41,1984,0,,,,,0,,0,0,,31,,,,,,,,
760,Hugo Cuenca,py PAR,MF,Genoa,it Serie A,20,2005,0,,,,,0,,0,0,,19,,,,,,,,
761,Jorge Cuenca,es ESP,DF,Fulham,eng Premier League,25,1999,15,938,63,27.4,10.4,11,84,7,4,4,16,1.8,9,11,-2,-0.19,-0.12,,
762,Montrell Culbreath,de GER,MFDF,Leverkusen,de Bundesliga,17,2007,12,736,61,24.1,8.2,9,76,2,3,19,4,1.83,19,13,6,0.73,0.15,,
763,Josh Cullen,ie IRL,MF,Burnley,eng Premier League,29,1996,18,1514,84,44.3,16.8,18,84,12,0,,0,0.67,18,29,-11,-0.65,0.57,,
764,Pablo Cuñat,es ESP,GK,Levante,es La Liga,23,2002,2,180,90,5.3,2,2,90,2,0,,36,0,3,5,-2,-1,-0.67,,
765,Jair Cunha,br BRA,DF,Nottingham,eng Premier League,20,2005,9,517,57,15.1,5.7,6,71,3,3,30,14,1.33,14,7,7,1.22,1.53,,
766,Matheus Cunha,br BRA,MFFW,Manchester Utd,eng Premier League,26,1999,33,2494,76,72.9,27.7,29,83,16,4,24,1,1.88,48,35,13,0.47,-0.11,,
767,Patrick Cutrone,it ITA,FW,Como,it Serie A,27,1998,0,,,,,0,,0,0,,1,,,,,,,,
768,Patrick Cutrone,it ITA,FW,Parma,it Serie A,27,1998,15,888,59,26,9.9,11,76,1,4,14,5,0.8,6,11,-5,-0.51,-0.04,,
769,Lucas Da Cunha,fr FRA,MF,Como,it Serie A,24,2001,36,2739,76,80.1,30.4,31,83,18,5,36,2,1.86,52,24,28,0.92,-0.14,,
770,Matthias Da Silva,pt POR,GK,Lyon,fr Ligue 1,17,2007,0,,,,,0,,0,0,,2,,,,,,,,
771,Malcom Dacosta,ec ECU,MF,Bournemouth,eng Premier League,17,2008,0,,,,,0,,0,0,,6,,,,,,,,
772,Adam Daghim,dk DEN,MFFW,Wolfsburg,de Bundesliga,19,2005,27,1364,51,44.6,15.2,12,83,5,15,24,1,0.67,18,33,-15,-0.99,-0.51,,
773,Finn Dahmen,de GER,GK,Augsburg,de Bundesliga,27,1998,34,3060,90,100,34,34,90,34,0,,0,1.26,45,61,-16,-0.47,,,
774,Mahmoud Dahoud,de GER,MFFW,Frankfurt,de Bundesliga,29,1996,15,716,48,23.4,8,8,68,1,7,25,7,1.2,17,15,2,0.25,0.48,,
775,David Daiber,pt POR,FW,Bayern Munich,de Bundesliga,18,2007,2,29,15,0.9,0.3,0,,0,2,15,6,3,2,1,1,3.1,0.58,,
776,Ameen Al-Dakhil,be BEL,DF,Stuttgart,de Bundesliga,23,2002,8,380,48,12.4,4.2,3,90,3,5,22,13,2,6,8,-2,-0.47,-1.28,,
777,Thijs Dallinga,nl NED,FW,Bologna,it Serie A,24,2000,23,811,35,23.7,9,9,65,1,14,16,10,1.43,14,10,4,0.44,0.48,,
778,Diogo Dalot,pt POR,DFMF,Manchester Utd,eng Premier League,26,1999,34,2614,77,76.4,29,29,86,22,5,27,1,1.88,58,40,18,0.62,0.51,,
779,Muhammed Damar,de GER,MFFW,Hoffenheim,de Bundesliga,21,2004,15,277,18,9.1,3.1,2,67,0,13,11,17,1.6,1,6,-5,-1.62,-2.21,,
780,Damián,es ESP,MF,Getafe,es La Liga,22,2003,3,151,50,4.4,1.7,2,71,1,1,9,2,2,3,2,1,0.6,0.79,,
781,Mikkel Damsgaard,dk DEN,MF,Brentford,eng Premier League,25,2000,33,2054,62,60.1,22.8,24,78,9,9,21,2,1.42,37,32,5,0.22,0.35,,
782,Arnaut Danjuma,nl NED,MFFW,Valencia,es La Liga,28,1997,30,1628,54,47.6,18.1,18,75,7,12,23,6,1,19,28,-9,-0.5,-0.5,,
783,Kévin Danois,fr FRA,MF,Auxerre,fr Ligue 1,21,2004,33,2830,86,92.5,31.4,32,88,22,1,22,1,1.03,33,39,-6,-0.19,1.37,,
784,Kevin Danso,at AUT,DF,Tottenham,eng Premier League,26,1998,24,1494,62,43.7,16.6,17,85,14,7,8,10,1.38,20,26,-6,-0.36,-0.22,,
785,Dante,br BRA,DF,Nice,fr Ligue 1,41,1983,12,849,71,27.7,9.4,9,80,4,3,43,4,1.33,12,13,-1,-0.11,0.79,,
786,Bence Dárdai,hu HUN,MF,Wolfsburg,de Bundesliga,19,2006,1,35,35,1.1,0.4,0,,0,1,35,8,3,0,0,0,0,0.71,,
787,Aiman Dardari,lu LUX,MF,Augsburg,de Bundesliga,20,2005,3,34,11,1.1,0.4,0,,0,3,11,2,0.33,0,0,0,0,0.48,,
788,Sergi Darder,es ESP,MF,Mallorca,es La Liga,31,1993,38,2680,71,78.4,29.8,30,82,13,8,27,0,1.11,37,43,-6,-0.2,0.28,,
789,Karl Darlow,wls WAL,GK,Leeds United,eng Premier League,34,1990,22,1980,90,57.9,22,22,90,22,0,,15,1.32,26,27,-1,-0.05,0.33,,
790,Matteo Darmian,it ITA,MFDF,Inter,it Serie A,35,1989,6,248,41,7.3,2.8,2,71,0,4,27,19,1.83,5,5,0,0,-1.53,,
791,Noah Darvich,de GER,MF,Stuttgart,de Bundesliga,18,2006,0,,,,,0,,0,0,,1,,,,,,,,
792,Josh Dasilva,eng ENG,MF,Brentford,eng Premier League,26,1998,2,3,2,0.1,0,0,,0,2,2,3,2,0,0,0,0,-0.08,,
793,David Datro Fofana,ci CIV,FW,Strasbourg,fr Ligue 1,22,2002,5,171,34,5.6,1.9,3,51,0,2,9,4,1.2,2,2,0,0,-0.34,,
794,Juan David Cabal,co COL,MF,Juventus,it Serie A,24,2001,12,296,25,8.7,3.3,2,45,0,10,21,11,2,8,5,3,0.91,0.22,,
795,Jonathan David,ca CAN,FW,Juventus,it Serie A,25,2000,35,1781,51,52.1,19.8,20,73,4,15,21,3,1.91,32,14,18,0.91,0.42,,
796,Alphonso Davies,ca CAN,DF,Bayern Munich,de Bundesliga,24,2000,13,525,40,17.2,5.8,6,66,1,7,19,0,2.31,26,8,18,3.09,0.67,,
797,Ben Davies,wls WAL,DF,Tottenham,eng Premier League,32,1993,3,137,46,4,1.5,2,53,0,1,32,11,0.33,1,3,-2,-1.31,-1.12,,
798,Davinchi,es ESP,DF,Getafe,es La Liga,17,2007,14,700,50,20.5,7.8,7,73,3,7,27,3,1.29,5,10,-5,-0.64,-0.61,,
799,Keinan Davis,eng ENG,FW,Udinese,it Serie A,27,1998,30,2065,69,60.4,22.9,27,74,9,3,20,0,1.4,31,28,3,0.13,0.53,,
800,Davide De Battisti,it ITA,MF,Hellas Verona,it Serie A,19,2006,0,,,,,0,,0,0,,5,,,,,,,,
801,Kevin De Bruyne,be BEL,MF,Napoli,it Serie A,34,1991,18,1165,65,34.1,12.9,13,73,4,5,42,0,2.28,22,8,14,1.08,0.76,,
802,Mathys De Carvalho,fr FRA,MF,Lyon,fr Ligue 1,20,2005,11,295,27,9.6,3.3,3,69,1,8,11,17,2.18,6,4,2,0.61,0.25,,
803,Emmanuele De Chiara,it ITA,MF,Napoli,it Serie A,19,2006,0,,,,,0,,0,0,,5,,,,,,,,
804,Maxim De Cuyper,be BEL,DFMF,Brighton,eng Premier League,24,2000,30,1414,47,41.3,15.7,17,70,5,13,17,6,1.4,21,23,-2,-0.13,-0.49,,
805,Charles De Ketelaere,be BEL,MFFW,Atalanta,it Serie A,24,2001,31,2177,70,63.7,24.2,26,79,10,5,27,0,1.45,33,20,13,0.54,0.39,,
806,Jeffrey De Lange,nl NED,GK,Marseille,fr Ligue 1,27,1998,5,450,90,14.7,5,5,90,5,0,,29,1.8,15,11,4,0.8,0.32,,
807,Manuel De Luca,it ITA,FW,Cremonese,it Serie A,27,1998,2,16,8,0.5,0.2,0,,0,2,8,0,3,1,0,1,5.63,6.31,,
808,Giorgio De Marzi,us USA,GK,Roma,it Serie A,18,2007,0,,,,,0,,0,0,,14,,,,,,,,
809,Cristiano De Paoli,it ITA,DF,Como,it Serie A,17,2008,0,,,,,0,,0,0,,4,,,,,,,,
810,Théo De Percin,mq MTQ,GK,Auxerre,fr Ligue 1,24,2001,8,598,75,19.5,6.6,5,90,5,3,49,26,1,10,9,1,0.15,0.55,,
811,Carlos De Roa,es ESP,DF,Real Betis,es La Liga,18,2007,0,,,,,0,,0,0,,1,,,,,,,,
812,Lorenzo De Silvestri,it ITA,DF,Bologna,it Serie A,37,1988,12,491,41,14.4,5.5,6,61,0,6,21,23,1.58,8,4,4,0.73,0.76,,
813,Thibault De Smet,be BEL,DF,Paris FC,fr Ligue 1,27,1998,17,1144,67,37.4,12.7,13,82,5,4,20,6,1.18,20,22,-2,-0.16,-0.11,,
814,Koni De Winter,be BEL,DF,Milan,it Serie A,23,2002,26,1800,69,52.6,20,19,88,17,7,18,12,1.96,27,21,6,0.3,-0.37,,
815,Alessandro Deiola,it ITA,MFDF,Cagliari,it Serie A,29,1995,20,1430,72,41.8,15.9,17,79,9,3,30,5,1.45,23,21,2,0.13,0.8,,
816,Romain Del Castillo,fr FRA,MFFW,Brest,fr Ligue 1,29,1996,32,2625,82,85.8,29.2,32,82,11,0,,0,1.19,41,44,-3,-0.1,1.76,,
817,Thomas Delaine,fr FRA,MFDF,Le Havre,fr Ligue 1,33,1992,5,201,40,6.6,2.2,2,74,0,3,18,4,2,3,1,2,0.9,1.34,,
818,Liam Delap,eng ENG,FW,Chelsea,eng Premier League,22,2003,28,1107,40,32.4,12.3,12,67,3,16,19,1,1.32,19,18,1,0.08,-0.11,,
819,Fisayo Dele-Bashiru,ng NGA,MF,Lazio,it Serie A,24,2001,24,1187,49,34.7,13.2,11,75,6,13,27,1,1.33,18,16,2,0.15,0.19,,
820,David Delgado,es ESP,DF,Elche,es La Liga,17,2008,0,,,,,0,,0,0,,8,,,,,,,,
821,Lapo Deli,it ITA,MF,Fiorentina,it Serie A,19,2006,0,,,,,0,,0,0,,2,,,,,,,,
822,Mattia Della Rocca,it ITA,MF,Roma,it Serie A,19,2006,0,,,,,0,,0,0,,2,,,,,,,,
823,Adam Delplace,fr FRA,GK,Lens,fr Ligue 1,18,2006,0,,,,,0,,0,0,,1,,,,,,,,
824,Enrico Delprato,it ITA,DFMF,Parma,it Serie A,25,1999,35,2951,84,86.3,32.8,34,86,29,1,21,2,1.11,23,40,-17,-0.52,-0.33,,
825,Olivier Deman,be BEL,DFMF,Werder Bremen,de Bundesliga,25,2000,16,1254,78,41,13.9,14,86,12,2,28,4,0.88,15,21,-6,-0.43,0.42,,
826,Pape Demba Diop,sn SEN,MF,Toulouse,fr Ligue 1,21,2003,15,1181,79,39.8,13.1,13,85,6,2,38,0,1.19,17,21,-4,-0.3,-0.56,,
827,Ali Dembélé,fr FRA,DF,Torino,it Serie A,21,2004,2,21,11,0.6,0.2,0,,0,2,11,19,2,3,1,2,8.57,9.13,,
828,Ousmane Dembélé,fr FRA,FW,PSG,fr Ligue 1,28,1997,22,1063,48,34.7,11.8,11,69,1,11,28,2,2.23,37,8,29,2.46,1.73,,
829,Jessy Deminguet,fr FRA,MF,Metz,fr Ligue 1,27,1998,31,1995,64,65.2,22.2,25,75,1,6,22,0,0.52,18,47,-29,-1.31,-0.04,,
830,Ermedin Demirović,ba BIH,FW,Stuttgart,de Bundesliga,27,1998,25,1497,60,48.9,16.6,17,80,8,8,16,0,1.92,37,17,20,1.2,1.09,,
831,Rav van den Berg,nl NED,DF,Köln,de Bundesliga,21,2004,14,1131,81,37,12.6,12,87,9,2,42,9,0.93,17,21,-4,-0.32,0.15,,
832,Sepp van den Berg,nl NED,DF,Brentford,eng Premier League,23,2001,32,2763,86,80.8,30.7,30,90,30,2,32,5,1.34,43,41,2,0.07,-0.07,,
833,Branco van den Boomen,nl NED,MF,Angers,fr Ligue 1,30,1995,15,1238,83,40.5,13.8,14,86,9,1,30,0,0.93,9,21,-12,-0.87,-0.53,,
834,Leander Dendoncker,be BEL,MF,Oviedo,es La Liga,30,1995,19,1330,70,38.9,14.8,15,86,8,4,11,5,0.79,7,25,-18,-1.22,-0.53,,
835,Will Dennis,eng ENG,GK,Bournemouth,eng Premier League,25,2000,0,,,,,0,,0,0,,19,,,,,,,,
836,Daniel Denoon,ch SUI,DF,Pisa,it Serie A,21,2004,2,122,61,3.6,1.4,2,61,0,0,,11,1,1,1,0,0,1.23,,
837,Nelson Deossa,co COL,MF,Real Betis,es La Liga,25,2000,20,743,37,21.7,8.3,8,68,3,12,17,11,1.35,13,13,0,0,-0.37,,
838,Jesse Derry,eng ENG,MF,Chelsea,eng Premier League,18,2007,1,44,44,1.3,0.5,1,44,0,0,,3,0,0,2,-2,-4.09,-4.3,,
839,Rémy Descamps,fr FRA,GK,Lyon,fr Ligue 1,29,1996,5,450,90,14.7,5,5,90,5,0,,24,2,6,3,3,0.6,0.26,,
840,Bahmed Deuff,mr MTN,MF,Nantes,fr Ligue 1,19,2006,11,250,23,8.4,2.8,1,59,0,10,19,5,0.45,2,12,-10,-3.6,-3.17,,
841,Justin Devenny,nir NIR,MFFW,Crystal Palace,eng Premier League,21,2003,21,796,38,23.3,8.8,7,84,3,14,15,15,1.29,7,15,-8,-0.9,-0.84,,
842,Tidiane Devernois,fr FRA,MF,Auxerre,fr Ligue 1,17,2007,2,10,5,0.3,0.1,0,,0,2,5,10,0,0,0,0,0,0.3,,
843,Kiernan Dewsbury-Hall,eng ENG,MF,Everton,eng Premier League,26,1998,31,2626,85,76.8,29.2,30,86,18,1,45,0,1.23,38,39,-1,-0.03,0.19,,
844,Raffaele Di Gennaro,it ITA,GK,Inter,it Serie A,31,1993,1,10,10,0.3,0.1,0,,0,1,10,22,1,0,1,-1,-9,-10.45,,
845,Michele Di Gregorio,it ITA,GK,Juventus,it Serie A,28,1997,30,2655,89,77.6,29.5,29,90,29,1,45,8,1.9,46,25,21,0.71,0.01,,
846,Giovanni Di Lorenzo,it ITA,DFMF,Napoli,it Serie A,31,1993,26,2276,88,66.5,25.3,26,88,24,0,,1,2,37,23,14,0.55,-0.08,,
847,Alessandro Di Pardo,it ITA,DFMF,Cagliari,it Serie A,26,1999,3,54,18,1.6,0.6,0,,0,3,18,16,1.33,0,2,-2,-3.33,-3.04,,
848,Boulaye Dia,sn SEN,FWMF,Lazio,it Serie A,28,1996,27,1253,46,36.6,13.9,14,70,2,13,21,5,1.44,14,11,3,0.22,0.3,,
849,Adams Diabaté,fr FRA,DF,Le Havre,fr Ligue 1,19,2005,0,,,,,0,,0,0,,1,,,,,,,,
850,Ibrahim Diabaté,ci CIV,FW,Alavés,es La Liga,25,1999,10,578,58,16.9,6.4,6,69,0,4,41,4,1.5,14,8,6,0.93,1.5,,
851,Bambo Diaby,sn SEN,DF,Elche,es La Liga,27,1997,4,102,26,3,1.1,1,45,0,3,19,15,1.25,0,4,-4,-3.53,-3.42,,
852,Mouctar Diakhaby,gn GUI,DF,Valencia,es La Liga,28,1996,8,543,68,15.9,6,7,74,5,1,24,2,0.88,9,11,-2,-0.33,-0.11,,
853,Bafodé Diakité,fr FRA,DF,Bournemouth,eng Premier League,24,2001,18,1277,71,37.3,14.2,15,84,13,3,6,19,1.28,21,27,-6,-0.42,-0.84,,
854,Amad Diallo,ci CIV,MF,Manchester Utd,eng Premier League,23,2002,32,2341,73,68.5,26,27,82,17,5,25,0,2.03,52,33,19,0.73,0.73,,
855,Habib Diallo,sn SEN,FW,Metz,fr Ligue 1,30,1995,25,1909,76,62.4,21.2,21,86,16,4,26,1,0.56,17,49,-32,-1.51,-0.57,,
856,Zoumana Diallo,fr FRA,FW,Nice,fr Ligue 1,20,2005,1,10,10,0.3,0.1,0,,0,1,10,5,1,0,0,0,0,0.68,,
857,Evan Diamalunda,fr FRA,MF,Auxerre,fr Ligue 1,19,2006,0,,,,,0,,0,0,,4,,,,,,,,
858,Grady Diangana,cd COD,MFFW,Elche,es La Liga,27,1998,20,926,46,27.1,10.3,13,62,0,7,18,6,1.05,14,14,0,0,0.29,,
859,Assane Diao,sn SEN,MF,Como,it Serie A,19,2005,17,1075,63,31.4,11.9,13,72,2,4,36,1,1.71,18,11,7,0.59,-0.53,,
860,Soriba Diaoune,fr FRA,MF,Lille,fr Ligue 1,17,2007,10,185,19,6,2.1,1,65,0,9,13,8,1.2,6,6,0,0,-0.47,,
861,Habib Diarra,sn SEN,MF,Sunderland,eng Premier League,21,2004,20,1405,70,41.1,15.6,15,85,8,5,27,1,1.4,17,19,-2,-0.13,0.05,,
862,Lassine Diarra,ml MLI,GK,Lyon,fr Ligue 1,22,2002,0,,,,,0,,0,0,,8,,,,,,,,
863,Moussa Diarra,ml MLI,DF,Alavés,es La Liga,24,2000,3,216,72,6.3,2.4,3,72,0,0,,11,1.33,3,3,0,0,0.34,,
864,Rúben Dias,pt POR,DF,Manchester City,eng Premier League,28,1997,26,2141,82,62.6,23.8,24,88,22,2,18,4,2.12,54,22,32,1.35,0.64,,
865,Alassane Diatta,sn SEN,MF,Villarreal,es La Liga,20,2005,1,25,25,0.7,0.3,0,,0,1,25,8,3,0,0,0,0,-0.69,,
866,Bane Diatta,fr FRA,MF,Angers,fr Ligue 1,17,2008,1,5,5,0.2,0.1,0,,0,1,5,3,0,0,0,0,0,0.56,,
867,Krépin Diatta,sn SEN,MFDF,Monaco,fr Ligue 1,26,1999,18,1013,56,33.1,11.3,10,78,6,8,29,1,1.72,21,17,4,0.36,0.27,,
868,Mory Diaw,sn SEN,GK,Le Havre,fr Ligue 1,32,1993,30,2655,89,86.8,29.5,30,89,29,0,,1,1,28,41,-13,-0.44,-0.66,,
869,Brahim Díaz,ma MAR,FWMF,Real Madrid,es La Liga,25,1999,30,1257,42,36.8,14,13,70,0,17,20,5,2.33,22,11,11,0.79,-0.5,,
870,Daniel Díaz,es ESP,FW,Real Sociedad,es La Liga,19,2006,1,18,18,0.5,0.2,0,,0,1,18,3,0,0,0,0,0,0.05,,
871,José Ángel Gaitán Diaz,es ESP,FW,Villarreal,es La Liga,18,2007,0,,,,,0,,0,0,,1,,,,,,,,
872,Julio Diaz,es ESP,DF,Atlético Madrid,es La Liga,20,2005,4,310,78,9.1,3.4,4,78,2,0,,11,1.5,6,4,2,0.58,0.12,,
873,Junior Diaz,ci CIV,DF,Brest,fr Ligue 1,22,2003,20,1562,78,51,17.4,17,89,16,3,16,13,1.25,22,24,-2,-0.12,0.49,,
874,Luis Díaz,co COL,MF,Bayern Munich,de Bundesliga,28,1997,32,2447,76,80,27.2,27,84,19,5,37,0,2.66,98,29,69,2.54,0.04,,
875,Pedro Díaz,es ESP,MF,Rayo Vallecano,es La Liga,27,1998,34,1870,55,54.7,20.8,21,76,9,13,21,1,1.32,24,31,-7,-0.34,-0.57,,
876,Tyler Dibling,eng ENG,MF,Everton,eng Premier League,19,2006,14,358,26,10.5,4,4,67,1,10,9,22,1.14,4,2,2,0.5,0.65,,
877,Nouha Dicko,ml MLI,FWMF,Paris FC,fr Ligue 1,33,1992,8,72,9,2.4,0.8,0,,0,8,9,7,1,3,2,1,1.25,1.37,,
878,Yaya Diémé,sn SEN,FW,Strasbourg,fr Ligue 1,17,2007,3,154,51,5,1.7,2,73,0,1,9,1,1.33,2,2,0,0,-0.34,,
879,Bamba Dieng,sn SEN,FW,Lorient,fr Ligue 1,25,2000,22,1212,55,39.6,13.5,15,72,0,7,19,5,1.55,22,15,7,0.52,1.01,,
880,Eric Dier,eng ENG,DF,Monaco,fr Ligue 1,31,1994,9,688,76,22.5,7.6,7,90,7,2,29,10,1.33,15,15,0,0,-0.23,,
881,Lucas Digne,fr FRA,DF,Aston Villa,eng Premier League,32,1993,31,1852,60,54.2,20.6,21,80,10,10,16,7,1.77,29,23,6,0.29,0.23,,
882,Kevin Diks,id IDN,DF,Gladbach,de Bundesliga,28,1996,30,2464,82,80.5,27.4,28,87,23,2,18,0,1.2,40,43,-3,-0.11,1.1,,
883,Marvin Dills,us USA,MF,Frankfurt,de Bundesliga,18,2007,0,,,,,0,,0,0,,1,,,,,,,,
884,Federico Dimarco,it ITA,MF,Inter,it Serie A,27,1997,35,2698,77,78.9,30,30,84,20,5,36,3,2.23,73,27,46,1.53,0.54,,
885,Stole Dimitrievski,mk MKD,GK,Valencia,es La Liga,31,1993,20,1800,90,52.6,20,20,90,20,0,,15,1.65,29,25,4,0.2,0.92,,
886,Junior Dina Ebimbe,cm CMR,MF,Brest,fr Ligue 1,24,2000,27,1165,43,38.1,12.9,15,66,1,12,14,2,1.04,15,21,-6,-0.46,-0.18,,
887,Eren Dinkçi,de GER,MFFW,Heidenheim,de Bundesliga,23,2001,14,1131,81,37,12.6,13,85,7,1,28,0,0.93,22,24,-2,-0.16,1.19,,
888,Eren Dinkçi,de GER,MF,Freiburg,de Bundesliga,23,2001,8,248,31,8.1,2.8,3,62,0,5,12,0,1.13,4,7,-3,-1.09,-0.99,,
889,Sinaly Diomande,ci CIV,DF,Auxerre,fr Ligue 1,24,2001,24,2131,89,69.6,23.7,24,89,21,0,,1,1.13,27,29,-2,-0.08,0.69,,
890,Yan Diomandé,ci CIV,FWMF,RB Leipzig,de Bundesliga,18,2006,33,2472,75,80.8,27.5,28,84,11,5,27,0,1.97,55,35,20,0.73,0.88,,
891,Issa Diop,ma MAR,DF,Fulham,eng Premier League,28,1997,13,816,63,23.9,9.1,8,89,6,5,21,12,1.31,11,13,-2,-0.22,-0.15,,
892,Moustapha Diop,sn SEN,DF,Metz,fr Ligue 1,19,2006,0,,,,,0,,0,0,,6,,,,,,,,
893,Sérigné Diop,sn SEN,FW,Brest,fr Ligue 1,20,2005,2,12,6,0.4,0.1,0,,0,2,6,9,0,0,1,-1,-7.5,-7.18,,
894,Sofiane Diop,ma MAR,MFFW,Nice,fr Ligue 1,25,2000,33,2130,65,69.6,23.7,26,75,5,7,27,0,0.97,29,43,-14,-0.59,0.28,,
895,Lamfia Dioubaté,fr FRA,MF,Auxerre,fr Ligue 1,18,2007,0,,,,,0,,0,0,,1,,,,,,,,
896,Andy Diouf,fr FRA,MF,Inter,it Serie A,22,2003,19,493,26,14.4,5.5,4,75,2,15,13,17,2.37,16,5,11,2.01,0.69,,
897,Andy Diouf,fr FRA,MF,Lens,fr Ligue 1,22,2003,1,90,90,2.9,1,1,90,1,0,,0,0,0,1,-1,-1,-1.97,,
898,El Hadji Malick Diouf,sn SEN,DFMF,West Ham,eng Premier League,20,2004,32,2707,85,79.2,30.1,30,88,24,2,33,0,1.09,38,47,-9,-0.3,0.96,,
899,Yehvann Diouf,sn SEN,GK,Nice,fr Ligue 1,25,1999,26,2340,90,76.5,26,26,90,26,0,,6,0.96,26,45,-19,-0.73,-0.23,,
900,Assane Dioussé,sn SEN,MF,Auxerre,fr Ligue 1,27,1997,15,219,15,7.2,2.4,1,68,0,14,11,19,1.07,3,10,-7,-2.88,-2.78,,
901,Axel Disasi,fr FRA,DF,West Ham,eng Premier League,27,1998,14,1254,90,36.7,13.9,14,90,13,0,,0,1.36,17,17,0,0,0.79,,
902,Matías Dituro,ar ARG,GK,Elche,es La Liga,38,1987,22,1980,90,57.9,22,22,90,22,0,,16,1.36,28,29,-1,-0.05,0.39,,
903,Djené,tg TOG,DFMF,Getafe,es La Liga,33,1991,34,2578,76,75.4,28.6,32,79,21,2,30,0,1.32,24,29,-5,-0.17,-0.07,,
904,Harouna Djibrin,cm CMR,MF,Angers,fr Ligue 1,18,2006,15,336,22,11,3.7,1,60,0,14,20,3,1.2,7,5,2,0.54,1.23,,
905,Berat Djimsiti,al ALB,DF,Atalanta,it Serie A,32,1993,34,2525,74,73.8,28.1,29,83,23,5,23,1,1.44,32,25,7,0.25,-0.55,,
906,Marko Dmitrović,rs SRB,GK,Espanyol,es La Liga,33,1992,37,3330,90,97.4,37,37,90,37,0,,1,1.22,42,54,-12,-0.32,-0.32,,
907,Henrick Do Marcolino,fr FRA,FW,Rennes,fr Ligue 1,19,2006,1,3,3,0.1,0,0,,0,1,3,5,3,0,0,0,0,-0.26,,
908,Ritsu Doan,jp JPN,MF,Frankfurt,de Bundesliga,27,1998,31,2364,76,77.3,26.3,28,81,11,3,33,1,1.32,50,44,6,0.23,1.52,,
909,Dodô,br BRA,DFMF,Fiorentina,it Serie A,26,1998,36,3134,87,91.6,34.8,36,87,30,0,,0,1.08,39,46,-7,-0.2,0.43,,
910,Danilho Doekhi,nl NED,DF,Union Berlin,de Bundesliga,27,1998,34,3060,90,100,34,34,90,34,0,,0,1.15,44,58,-14,-0.41,,,
911,Matt Doherty,ie IRL,DFMF,Wolves,eng Premier League,33,1992,11,787,72,23,8.7,11,72,3,0,,15,0.45,2,15,-13,-1.49,-0.53,,
912,Josh Doig,sct SCO,DF,Sassuolo,it Serie A,23,2002,30,1917,64,56.1,21.3,22,81,11,8,17,7,1.1,20,31,-11,-0.52,-0.94,,
913,Jeremy Doku,be BEL,MFFW,Manchester City,eng Premier League,23,2002,30,1784,59,52.2,19.8,19,80,5,11,25,1,1.87,43,18,25,1.26,0.33,,
914,Tyrhys Dolan,eng ENG,MF,Espanyol,es La Liga,23,2001,36,2415,67,70.6,26.8,28,76,3,8,36,0,1.11,32,39,-7,-0.26,0.19,,
915,Marc Domenech,es ESP,MF,Mallorca,es La Liga,19,2006,7,214,31,6.3,2.4,2,61,0,5,18,10,0.86,3,2,1,0.42,0.73,,
916,Brandon Domingues,fr FRA,MF,Oviedo,es La Liga,25,2000,0,,,,,0,,0,0,,9,,,,,,,,
917,Álex Domínguez,es ESP,GK,Toulouse,fr Ligue 1,27,1998,0,,,,,0,,0,0,,3,,,,,,,,
918,Benjamín Domínguez,ar ARG,MF,Bologna,it Serie A,21,2003,15,547,36,16,6.1,6,67,1,9,16,19,1.6,9,6,3,0.49,0.49,,
919,Carlos Dominguez,es ESP,DF,Celta Vigo,es La Liga,24,2001,8,610,76,17.8,6.8,6,89,5,2,38,20,1.25,10,12,-2,-0.3,-0.52,,
920,Nicolás Domínguez,ar ARG,MF,Nottingham,eng Premier League,27,1998,27,1175,44,34.4,13.1,17,60,1,10,15,4,1.26,15,19,-4,-0.31,-0.35,,
921,Jean-Luc Dompé,fr FRA,FWMF,Hamburger SV,de Bundesliga,29,1995,20,1138,57,37.2,12.6,12,81,5,8,21,3,1.05,16,14,2,0.16,0.91,,
922,John Donald,es ESP,DFMF,Elche,es La Liga,24,2000,21,665,32,19.4,7.4,6,77,4,15,14,11,1.24,12,17,-5,-0.68,-0.58,,
923,Kyliane Dong,fr FRA,MF,Augsburg,de Bundesliga,20,2004,0,,,,,0,,0,0,,1,,,,,,,,
924,Gianluigi Donnarumma,it ITA,GK,Manchester City,eng Premier League,26,1999,34,3060,90,89.5,34,34,90,34,0,,0,2.21,71,29,42,1.24,1.24,,
925,Romelle Donovan,eng ENG,FW,Brentford,eng Premier League,18,2006,4,41,10,1.2,0.5,0,,0,4,10,19,1.5,2,0,2,4.39,4.36,,
926,Patrick Dorgu,dk DEN,MF,Manchester Utd,eng Premier League,20,2004,26,1449,56,42.4,16.1,15,84,10,11,17,2,1.73,22,20,2,0.12,-0.65,,
927,Niklas Dorsch,de GER,MF,Heidenheim,de Bundesliga,27,1998,32,2258,71,73.8,25.1,27,79,10,5,24,1,0.81,28,51,-23,-0.92,-0.02,,
928,Alberto Dossena,it ITA,DF,Como,it Serie A,26,1998,0,,,,,0,,0,0,,6,,,,,,,,
929,Alberto Dossena,it ITA,DF,Cagliari,it Serie A,26,1998,12,859,72,25.1,9.5,9,90,9,3,16,4,1.25,5,12,-7,-0.73,-0.52,,
930,Lohann Doucet,bf BFA,MF,Paris FC,fr Ligue 1,22,2002,5,121,24,4,1.3,1,60,0,4,15,4,0.8,1,5,-4,-2.98,-3.01,,
931,Fodé Doucouré,ml MLI,MFFW,Le Havre,fr Ligue 1,24,2001,26,1239,48,40.5,13.8,15,66,0,11,23,5,0.96,19,19,0,0,0.59,,
932,Mamedi Doucouré,fr FRA,DF,Genoa,it Serie A,18,2007,1,9,9,0.3,0.1,0,,0,1,9,5,1,0,0,0,0,0.26,,
933,Sékou Doucoure,fr FRA,DF,Nantes,fr Ligue 1,20,2005,1,45,45,1.5,0.5,0,,0,1,45,8,2,1,0,1,2,2.74,,
934,Désiré Doué,fr FRA,FWMF,PSG,fr Ligue 1,20,2005,23,1348,59,44.1,15,16,69,2,7,34,2,2.35,34,14,20,1.34,0.02,,
935,Guéla Doué,ci CIV,DFMF,Strasbourg,fr Ligue 1,22,2002,24,2061,86,67.4,22.9,23,88,19,1,30,0,1.63,46,32,14,0.61,0.88,,
936,Ismaël Doukouré,fr FRA,DFMF,Strasbourg,fr Ligue 1,22,2003,25,2072,83,67.7,23,25,83,19,0,,0,1.56,42,31,11,0.48,0.48,,
937,Fousseny Doumbia,de GER,DF,Frankfurt,de Bundesliga,20,2005,0,,,,,0,,0,0,,7,,,,,,,,
938,Junior Doumbia,fr FRA,FW,Nantes,fr Ligue 1,18,2007,0,,,,,0,,0,0,,3,,,,,,,,
939,Kamory Doumbia,ml MLI,MF,Brest,fr Ligue 1,22,2003,24,1750,73,57.2,19.4,22,78,4,2,22,0,1.33,30,25,5,0.26,1.43,,
940,Anastasios Douvikas,gr GRE,FW,Como,it Serie A,25,1999,38,2273,60,66.5,25.3,25,76,8,13,30,0,1.87,48,20,28,1.11,0.48,,
941,Artem Dovbyk,ua UKR,FW,Roma,it Serie A,28,1997,14,393,28,11.5,4.4,3,53,0,11,21,2,2.36,6,3,3,0.69,-0.06,,
942,Max Dowman,eng ENG,MF,Arsenal,eng Premier League,15,2009,6,157,26,4.6,1.7,1,61,0,5,19,11,2,5,1,4,2.29,1.19,,
943,Damion Downs,us USA,FW,Hamburger SV,de Bundesliga,21,2004,12,536,45,17.5,6,6,70,0,6,20,3,1,4,8,-4,-0.67,-0.32,,
944,Radu Drăgușin,ro ROU,DF,Tottenham,eng Premier League,23,2002,10,517,52,15.1,5.7,5,90,4,5,14,11,1.2,6,13,-7,-1.22,-1.16,,
945,Joél Drakes-Thomas,eng ENG,MF,Crystal Palace,eng Premier League,16,2009,2,9,5,0.3,0.1,0,,0,2,5,4,0,1,1,0,0,0.26,,
946,Patrick Drewes,de GER,GK,Dortmund,de Bundesliga,32,1993,0,,,,,0,,0,0,,2,,,,,,,,
947,Stefan Drljača,de GER,GK,Stuttgart,de Bundesliga,26,1999,0,,,,,0,,0,0,,3,,,,,,,,
948,Dominik Drobnič,si SVN,DF,Parma,it Serie A,18,2007,0,,,,,0,,0,0,,7,,,,,,,,
949,Domingos Duarte,pt POR,DF,Getafe,es La Liga,30,1995,34,2923,86,85.5,32.5,34,86,27,0,,1,1.29,26,35,-9,-0.28,-0.82,,
950,Martin Dúbravka,sk SVK,GK,Burnley,eng Premier League,36,1989,35,3150,90,92.1,35,35,90,35,0,,3,0.57,35,71,-36,-1.03,-0.7,,
951,Denzel Dumfries,nl NED,MF,Inter,it Serie A,29,1996,20,1325,66,38.7,14.7,15,80,8,5,25,2,2.1,36,14,22,1.49,0.12,,
952,Lewis Dunk,eng ENG,DF,Brighton,eng Premier League,33,1991,33,2838,86,83,31.5,31,90,31,2,24,1,1.36,44,40,4,0.13,-0.18,,
953,Maxime Dupé,fr FRA,GK,Nice,fr Ligue 1,32,1993,8,720,90,23.5,8,8,90,8,0,,26,0.88,11,15,-4,-0.5,0.23,,
954,Pablo Durán,es ESP,FWMF,Celta Vigo,es La Liga,24,2001,30,1425,48,41.7,15.8,17,66,2,13,23,4,1.37,16,23,-7,-0.44,-0.98,,
955,Julien Duranville,be BEL,FW,Dortmund,de Bundesliga,19,2006,0,,,,,0,,0,0,,2,,,,,,,,
956,Mert Durmush,bg BUL,MF,Pisa,it Serie A,19,2005,0,,,,,0,,0,0,,2,,,,,,,,
957,Hugo Duro,es ESP,FW,Valencia,es La Liga,25,1999,36,1979,55,57.9,22,22,74,7,14,24,1,1.31,29,34,-5,-0.23,0.02,,
958,Rafiu Durosinmi,ng NGA,FW,Pisa,it Serie A,22,2003,12,432,36,12.6,4.8,4,55,0,8,27,3,0.42,3,10,-7,-1.46,-0.31,,
959,Matteo Dutu,ro ROU,DF,Milan,it Serie A,19,2005,0,,,,,0,,0,0,,2,,,,,,,,
960,Jean-Kevin Duverne,ht HAI,DF,Nantes,fr Ligue 1,28,1997,0,,,,,0,,0,0,,3,,,,,,,,
961,Paulo Dybala,ar ARG,MFFW,Roma,it Serie A,31,1993,22,1354,62,39.6,15,15,78,6,7,26,2,1.95,20,10,10,0.66,-0.12,,
962,Edin Džeko,ba BIH,FW,Fiorentina,it Serie A,39,1986,11,244,22,7.1,2.7,2,52,0,9,16,6,0.36,2,6,-4,-1.48,-1.33,,
963,Adam Dźwigała,pl POL,DF,St Pauli,de Bundesliga,29,1995,19,1288,68,42.1,14.3,14,79,5,5,37,9,0.95,13,24,-11,-0.77,0.25,,
964,Aron Dønnum,no NOR,MF,Toulouse,fr Ligue 1,27,1998,28,2419,86,81.4,26.9,28,86,23,0,,0,1.29,41,37,4,0.15,0.64,,
965,George Earthy,eng ENG,MF,West Ham,eng Premier League,20,2004,1,9,9,0.3,0.1,0,,0,1,9,5,0,0,1,-1,-10,-9.53,,
966,Younes Ebnoutalib,de GER,FW,Frankfurt,de Bundesliga,21,2003,5,133,27,4.3,1.5,2,55,1,3,8,3,1,4,5,-1,-0.68,-0.58,,
967,Simon Ebonog,cm CMR,MF,Le Havre,fr Ligue 1,20,2004,30,1759,59,57.5,19.5,21,77,7,9,17,2,1.07,17,31,-14,-0.72,-0.85,,
968,Enzo Ebosse,cm CMR,DF,Hellas Verona,it Serie A,26,1999,4,214,54,6.3,2.4,3,68,1,1,9,19,0.5,1,6,-5,-2.1,-1.23,,
969,Enzo Ebosse,cm CMR,DF,Torino,it Serie A,26,1999,13,1115,86,32.6,12.4,13,86,9,0,,2,1.38,18,18,0,0,0.74,,
970,Mathis Eboue,eng ENG,FW,Chelsea,eng Premier League,16,2009,0,,,,,0,,0,0,,1,,,,,,,,
971,Mauro Echegoyen,es ESP,MF,Osasuna,es La Liga,20,2005,0,,,,,0,,0,0,,3,,,,,,,,
972,Claudio Echeverri,ar ARG,FWMF,Girona,es La Liga,19,2006,17,624,37,18.2,6.9,5,63,0,12,26,1,0.82,9,12,-3,-0.43,-0.01,,
973,Claudio Echeverri,ar ARG,MF,Leverkusen,de Bundesliga,19,2006,6,134,22,4.4,1.5,1,55,0,5,16,7,0.33,2,6,-4,-2.69,-3.46,,
974,Noah Edjouma,fr FRA,FW,Toulouse,fr Ligue 1,19,2005,12,256,21,8.6,2.8,2,61,0,10,13,8,1.42,4,2,2,0.7,0.74,,
975,Noah Edjouma,fr FRA,MF,Lille,fr Ligue 1,19,2005,3,92,31,3,1,1,60,0,2,16,4,1.67,1,1,0,0,-0.45,,
976,Andrias Edmundsson,fo FRO,DF,Hellas Verona,it Serie A,24,2000,15,1319,88,38.6,14.7,15,88,14,0,,0,0.47,7,20,-13,-0.89,0.1,,
977,Odsonne Édouard,fr FRA,FW,Crystal Palace,eng Premier League,27,1998,1,3,3,0.1,0,0,,0,1,3,1,1,0,0,0,0,0.26,,
978,Odsonne Édouard,fr FRA,FW,Lens,fr Ligue 1,27,1998,29,1796,62,58.7,20,26,66,0,3,28,0,2,36,19,17,0.85,-0.14,,
979,Tom Edozie,eng ENG,MF,Wolves,eng Premier League,19,2006,3,14,5,0.4,0.2,0,,0,3,5,8,0.67,1,0,1,6.43,7.54,,
980,Yannick Eduardo,cz CZE,FW,Hoffenheim,de Bundesliga,19,2006,1,1,1,0,0,0,,0,1,1,1,1,0,0,0,0,-0.38,,
981,Alysson Edward,br BRA,MF,Aston Villa,eng Premier League,19,2006,3,49,16,1.4,0.5,0,,0,3,16,0,1,1,2,-1,-1.84,-2.05,,
982,Marcus Edwards,eng ENG,MFFW,Burnley,eng Premier League,26,1998,23,1067,46,31.2,11.9,11,79,2,12,16,12,0.48,14,18,-4,-0.34,0.92,,
983,Frédéric Efuele,cd COD,DF,Toulouse,fr Ligue 1,20,2005,0,,,,,0,,0,0,,1,,,,,,,,
984,CJ Egan-Riley,eng ENG,DFMF,Marseille,fr Ligue 1,22,2003,11,624,57,20.4,6.9,8,75,4,3,9,15,1.55,9,9,0,0,-0.67,,
985,Maximilian Eggestein,de GER,MF,Freiburg,de Bundesliga,28,1996,34,3060,90,100,34,34,90,34,0,,0,1.38,51,57,-6,-0.18,,,
986,Unai Eguíluz,es ESP,DF,Athletic Club,es La Liga,23,2002,0,,,,,0,,0,0,,2,,,,,,,,
987,Kingsley Ehizibue,nl NED,MFDF,Udinese,it Serie A,30,1995,32,1811,57,53,20.1,20,82,10,12,14,5,1.5,25,23,2,0.1,0.38,,
988,Ovie Ejaria,eng ENG,MF,Oviedo,es La Liga,27,1997,8,200,25,5.8,2.2,2,54,0,6,15,5,0.75,2,3,-1,-0.45,0.47,,
989,Chidera Ejuke,ng NGA,MFFW,Sevilla,es La Liga,27,1998,27,932,35,27.3,10.4,6,66,1,21,26,7,1.07,17,15,2,0.19,0.77,,
990,Hjalmar Ekdal,se SWE,DF,Burnley,eng Premier League,26,1998,19,1539,81,45,17.1,17,89,15,2,9,14,0.53,13,34,-21,-1.23,-0.46,,
991,Jeff Ekhator,it ITA,FWMF,Genoa,it Serie A,18,2006,30,956,32,28,10.6,9,62,0,21,19,7,1.03,13,15,-2,-0.19,0.1,,
992,Hugo Ekitike,fr FRA,FW,Liverpool,eng Premier League,23,2002,28,1803,64,52.7,20,21,77,6,7,26,1,1.68,35,25,10,0.5,0.5,,
993,Jurgen Ekkelenkamp,nl NED,MF,Udinese,it Serie A,25,2000,31,2186,71,63.9,24.3,27,78,5,4,22,4,1.35,29,30,-1,-0.04,0.1,,
994,Jacques Ekomie,ga GAB,DFMF,Angers,fr Ligue 1,21,2003,32,2239,70,73.2,24.9,25,84,17,7,20,0,1.13,21,35,-14,-0.56,-0.01,,
995,Caleb Ekuban,gh GHA,FWMF,Genoa,it Serie A,31,1994,31,994,32,29.1,11,6,64,0,25,24,1,1.1,13,15,-2,-0.18,0.12,,
996,Anthony Elanga,se SWE,FWMF,Newcastle,eng Premier League,23,2002,32,1319,41,38.6,14.7,14,70,2,18,19,2,1.13,20,28,-8,-0.55,-0.8,,
997,Daniel Elfadli,ly LBY,DF,Hamburger SV,de Bundesliga,28,1997,21,1253,60,40.9,13.9,15,77,8,6,17,8,1.14,15,21,-6,-0.43,-0.03,,
998,Unai Elgezabal,es ESP,DFMF,Levante,es La Liga,32,1993,12,958,80,28,10.6,11,85,8,1,26,4,0.42,15,24,-9,-0.85,-0.66,,
999,Melker Ellborg,se SWE,GK,Sunderland,eng Premier League,22,2003,3,270,90,7.9,3,3,90,3,0,,11,2,3,2,1,0.33,0.53,,
1000,Mikael Ellertsson,is ISL,MF,Genoa,it Serie A,23,2002,36,2767,77,80.9,30.7,31,86,24,5,17,1,0.97,28,43,-15,-0.49,-1.18,,
1001,Harvey Elliott,eng ENG,FWMF,Liverpool,eng Premier League,22,2003,1,1,1,0,0,0,,0,1,1,2,3,1,0,1,90,89.76,,
1002,Harvey Elliott,eng ENG,MF,Aston Villa,eng Premier League,22,2003,4,112,28,3.3,1.2,1,45,0,3,22,4,1.25,2,2,0,0,-0.19,,
1003,Elif Elmas,mk MKD,MFFW,Napoli,it Serie A,25,1999,33,1783,54,52.1,19.8,20,76,8,13,21,3,1.91,27,22,5,0.25,-0.68,,
1004,Nesta Elphege,fr FRA,FW,Parma,it Serie A,24,2001,9,309,34,9,3.4,2,68,0,7,25,6,0.89,4,2,2,0.58,1.16,,
1005,Aritz Elustondo,es ESP,DF,Real Sociedad,es La Liga,31,1994,16,720,45,21.1,8,8,73,2,8,18,19,0.81,14,15,-1,-0.12,-0.09,,
1006,Nico Elvedi,ch SUI,DF,Gladbach,de Bundesliga,28,1996,33,2966,90,96.9,33,33,90,32,0,,0,1.15,41,50,-9,-0.27,1.64,,
1007,Breel Embolo,ch SUI,FW,Rennes,fr Ligue 1,28,1997,31,1872,60,61.2,20.8,20,81,9,11,22,0,1.77,37,34,3,0.14,-0.31,,
1008,Emanuel Emegha,nl NED,FW,Strasbourg,fr Ligue 1,22,2003,10,443,44,14.5,4.9,4,79,2,6,21,0,1.8,9,6,3,0.61,0.33,,
1009,Landon Emenalo,eng ENG,DF,Chelsea,eng Premier League,17,2008,0,,,,,0,,0,0,,1,,,,,,,,
1010,Emersonn,br BRA,FW,Toulouse,fr Ligue 1,21,2004,27,1499,56,50.5,16.7,18,69,3,9,29,0,1.18,20,18,2,0.12,0.18,,
1011,Yunus Emre Konak,tr TUR,MF,Brentford,eng Premier League,19,2006,0,,,,,0,,0,0,,3,,,,,,,,
1012,Julio Enciso,py PAR,MFFW,Strasbourg,fr Ligue 1,21,2004,27,1883,70,61.5,20.9,22,80,7,5,23,1,1.41,35,30,5,0.24,-0.22,,
1013,Wataru Endo,jp JPN,DF,Liverpool,eng Premier League,32,1993,8,175,22,5.1,1.9,1,68,0,7,15,12,2,6,5,1,0.51,0.26,,
1014,Endrick,br BRA,FW,Real Madrid,es La Liga,19,2006,1,12,12,0.4,0.1,0,,0,1,12,10,1.5,1,1,0,0,-1.11,,
1015,Endrick,br BRA,FWMF,Lyon,fr Ligue 1,19,2006,16,1215,76,39.7,13.5,14,82,4,2,36,0,1.69,26,20,6,0.44,0.1,,
1016,Yannik Engelhardt,de GER,MF,Gladbach,de Bundesliga,24,2001,31,2487,80,81.3,27.6,29,85,22,2,18,0,1.19,38,39,-1,-0.04,1.53,,
1017,Christian Eriksen,dk DEN,MF,Wolfsburg,de Bundesliga,33,1992,31,2410,78,78.8,26.8,27,85,10,4,32,1,0.77,36,53,-17,-0.63,0.33,,
1018,Aarón Escandell,es ESP,GK,Oviedo,es La Liga,29,1995,36,3240,90,94.7,36,36,90,36,0,,2,0.81,26,56,-30,-0.83,1.17,,
1019,Albert Escriche,es ESP,DF,Atalanta,it Serie A,18,2007,0,,,,,0,,0,0,,1,,,,,,,,
1020,Xavi Espart,es ESP,DF,Barcelona,es La Liga,18,2007,4,165,41,4.8,1.8,1,90,1,3,25,12,1.5,6,5,1,0.55,-1.06,,
1021,Carlos Espí,es ESP,FW,Levante,es La Liga,20,2005,25,1343,54,39.3,14.9,13,84,5,12,21,9,1.28,26,22,4,0.27,1.05,,
1022,Martín Espinal,es ESP,FW,Osasuna,es La Liga,21,2003,0,,,,,0,,0,0,,1,,,,,,,,
1023,Alfonso Espino,uy URU,DFMF,Rayo Vallecano,es La Liga,33,1992,30,1486,50,43.5,16.5,15,79,8,15,20,6,1.5,15,23,-8,-0.48,-0.72,,
1024,Diego Espinosa,es ESP,DF,Oviedo,es La Liga,21,2004,0,,,,,0,,0,0,,2,,,,,,,,
1025,Francesco Esposito,it ITA,FW,Inter,it Serie A,20,2005,35,1571,45,45.9,17.5,15,74,5,20,23,1,2.31,37,18,19,1.09,-0.62,,
1026,Sebastiano Esposito,it ITA,FWMF,Cagliari,it Serie A,23,2002,36,2675,74,78.2,29.7,34,77,7,2,34,1,1.17,30,37,-7,-0.24,0.49,,
1027,Salvi Esquivel,es ESP,GK,Atlético Madrid,es La Liga,19,2005,0,,,,,0,,0,0,,27,,,,,,,,
1028,Romain Esse,eng ENG,MF,Crystal Palace,eng Premier League,20,2005,4,44,11,1.3,0.5,0,,0,4,11,11,0.5,0,0,0,0,0.27,,
1029,Samuel Essende,cd COD,MFFW,Augsburg,de Bundesliga,27,1998,14,414,30,13.5,4.6,2,90,2,12,20,3,1.21,5,10,-5,-1.09,-0.71,,
1030,Dario Essugo,pt POR,MF,Chelsea,eng Premier League,20,2005,3,30,10,0.9,0.3,0,,0,3,10,7,1,0,1,-1,-3,-3.19,,
1031,Marco Esteban,es ESP,DF,Oviedo,es La Liga,19,2006,1,45,45,1.3,0.5,0,,0,1,45,3,0,0,0,0,0,0.91,,
1032,Sergio Esteban,es ESP,FW,Atlético Madrid,es La Liga,18,2007,0,,,,,0,,0,0,,1,,,,,,,,
1033,Maxime Estève,fr FRA,DF,Burnley,eng Premier League,23,2002,34,2932,86,85.7,32.6,34,86,28,0,,0,0.56,34,70,-36,-1.11,-0.92,,
1034,Tomás Esteves,pt POR,DFMF,Pisa,it Serie A,23,2002,1,14,14,0.4,0.2,0,,0,1,14,10,0,0,1,-1,-6.43,-5.27,,
1035,Nahuel Estévez,ar ARG,MF,Parma,it Serie A,29,1995,32,1049,33,30.7,11.7,9,76,5,23,16,4,1.06,7,11,-4,-0.34,0.19,,
1036,Pervis Estupiñán,ec ECU,MF,Milan,it Serie A,27,1998,19,1034,54,30.2,11.5,13,74,6,6,12,14,1.79,17,6,11,0.96,0.69,,
1037,Karl Etta Eyong,cm CMR,FW,Villarreal,es La Liga,21,2003,3,256,85,7.5,2.8,3,85,2,0,,0,2.33,8,0,8,2.81,2.3,,
1038,Karl Etta Eyong,cm CMR,FW,Levante,es La Liga,21,2003,30,1416,47,41.4,15.7,15,79,6,15,15,3,1.07,21,32,-11,-0.7,-0.56,,
1039,Evanilson,br BRA,FW,Bournemouth,eng Premier League,25,1999,36,2742,76,80.2,30.5,32,81,9,4,36,0,1.47,43,40,3,0.1,-0.03,,
1040,Edu Expósito,es ESP,MF,Espanyol,es La Liga,28,1996,36,2523,70,73.8,28,32,76,9,4,26,1,1.17,32,36,-4,-0.14,0.66,,
1041,Eberechi Eze,eng ENG,MFFW,Arsenal,eng Premier League,27,1998,32,1812,57,53,20.1,21,74,5,11,24,4,2.09,37,14,23,1.14,-0.03,,
1042,Eberechi Eze,eng ENG,MF,Crystal Palace,eng Premier League,27,1998,1,83,83,2.4,0.9,1,83,0,0,,0,1,0,0,0,0,0.27,,
1043,Abde Ezzalzouli,ma MAR,MFFW,Real Betis,es La Liga,23,2001,29,2247,77,65.7,25,26,83,16,3,30,0,1.62,45,34,11,0.44,0.44,,
1044,Giovanni Fabbian,it ITA,MF,Bologna,it Serie A,22,2003,14,705,50,20.6,7.8,8,72,1,6,21,7,1.43,10,7,3,0.38,0.38,,
1045,Giovanni Fabbian,it ITA,MF,Fiorentina,it Serie A,22,2003,15,468,31,13.7,5.2,4,71,2,11,17,2,1.27,3,5,-2,-0.38,-0.17,,
1046,Łukasz Fabiański,pl POL,GK,West Ham,eng Premier League,40,1985,0,,,,,0,,0,0,,1,,,,,,,,
1047,Alieu Fadera,gm GAM,FW,Sassuolo,it Serie A,23,2001,28,987,35,28.9,11,8,67,0,20,22,6,1.57,12,11,1,0.09,0.28,,
1048,Bandiougou Fadiga,fr FRA,MF,Lorient,fr Ligue 1,24,2001,0,,,,,0,,0,0,,3,,,,,,,,
1049,Wout Faes,be BEL,DF,Monaco,fr Ligue 1,27,1998,14,1141,82,37.3,12.7,13,85,12,1,33,2,1.71,27,23,4,0.32,0.22,,
1050,Nicolò Fagioli,it ITA,MF,Fiorentina,it Serie A,24,2001,33,2554,77,74.7,28.4,30,82,14,3,34,4,1.09,31,42,-11,-0.39,-0.6,,
1051,Romain Faivre,fr FRA,MF,Bournemouth,eng Premier League,27,1998,0,,,,,0,,0,0,,1,,,,,,,,
1052,Romain Faivre,fr FRA,MFFW,Auxerre,fr Ligue 1,27,1998,10,581,58,19,6.5,7,77,2,3,15,1,1,7,7,0,0,0.36,,
1053,Omar Falah,es ESP,DF,Oviedo,es La Liga,21,2003,1,14,14,0.4,0.2,0,,0,1,14,3,0,0,0,0,0,0.9,,
1054,Wladimiro Falcone,it ITA,GK,Lecce,it Serie A,30,1995,38,3420,90,100,38,38,90,38,0,,0,1,28,50,-22,-0.58,,,
1055,Fallou Fall,sn SEN,MF,Lyon,fr Ligue 1,19,2006,0,,,,,0,,0,0,,1,,,,,,,,
1056,Valerio Farcomeni,it ITA,MF,Lazio,it Serie A,19,2006,0,,,,,0,,0,0,,13,,,,,,,,
1057,Ansu Fati,es ESP,MFFW,Monaco,fr Ligue 1,22,2002,25,1093,44,35.7,12.1,10,71,2,15,26,1,1.64,27,23,4,0.33,0.24,,
1058,Lamini Fati,es ESP,DF,Real Madrid,es La Liga,19,2006,0,,,,,0,,0,0,,1,,,,,,,,
1059,Enzo Faty,fr FRA,FW,Toulouse,fr Ligue 1,18,2007,0,,,,,0,,0,0,,2,,,,,,,,
1060,Abdoulaye Faye,sn SEN,DF,Lorient,fr Ligue 1,20,2004,17,1444,85,47.2,16,16,87,14,1,45,0,1.18,22,31,-9,-0.56,-0.9,,
1061,Nouroudine Faye,it ITA,FW,Cremonese,it Serie A,18,2007,0,,,,,0,,0,0,,1,,,,,,,,
1062,Jacopo Fazzini,it ITA,MFFW,Fiorentina,it Serie A,22,2003,20,584,29,17.1,6.5,5,73,0,15,15,10,0.95,6,8,-2,-0.31,-0.09,,
1063,Aleix Febas,es ESP,MF,Elche,es La Liga,29,1996,36,3160,88,92.4,35.1,36,88,30,0,,0,1.11,45,52,-7,-0.2,0.15,,
1064,Mattia Felici,it ITA,MF,Cagliari,it Serie A,24,2001,12,412,34,12,4.6,4,58,0,8,22,2,1.08,7,7,0,0,0.39,,
1065,Luiz Felipe,it ITA,DF,Rayo Vallecano,es La Liga,28,1997,10,470,47,13.7,5.2,7,63,3,3,11,11,1.2,8,4,4,0.77,0.98,,
1066,Pablo Felipe,es ESP,DF,Elche,es La Liga,20,2005,0,,,,,0,,0,0,,1,,,,,,,,
1067,Pedro Felipe,br BRA,DF,Juventus,it Serie A,21,2004,0,,,,,0,,0,0,,13,,,,,,,,
1068,Pedro Felipe,br BRA,DF,Sassuolo,it Serie A,21,2004,3,129,43,3.8,1.4,1,90,1,2,20,12,1,2,4,-2,-1.4,-1.34,,
1069,Frank Feller,de GER,GK,Heidenheim,de Bundesliga,21,2004,3,270,90,8.8,3,3,90,3,0,,16,1,3,5,-2,-0.67,0.27,,
1070,Robin Fellhauer,de GER,MF,Augsburg,de Bundesliga,27,1998,34,2799,82,91.5,31.1,31,85,19,3,56,0,1.26,38,56,-18,-0.58,-1.27,,
1071,Kiko Femenía,es ESP,DFMF,Getafe,es La Liga,34,1991,28,2008,72,58.7,22.3,25,76,8,3,35,1,1.25,20,24,-4,-0.18,-0.05,,
1072,Evan Ferguson,ie IRL,FW,Roma,it Serie A,20,2004,16,773,48,22.6,8.6,10,59,1,6,30,3,1.88,12,6,6,0.7,-0.05,,
1073,Lewis Ferguson,sct SCO,MF,Bologna,it Serie A,25,1999,27,1601,59,46.8,17.8,17,85,13,10,16,9,1.15,21,28,-7,-0.39,-0.89,,
1074,Bruno Fernandes,pt POR,MF,Manchester Utd,eng Premier League,30,1994,35,3063,88,89.6,34,35,88,29,0,,0,1.89,66,46,20,0.59,0.84,,
1075,Mateus Fernandes,pt POR,MF,West Ham,eng Premier League,21,2004,36,3016,84,88.2,33.5,35,85,23,1,26,0,1.08,40,50,-10,-0.3,1.71,,
1076,Saná Fernandes,pt POR,MF,Lazio,it Serie A,19,2006,0,,,,,0,,0,0,,2,,,,,,,,
1077,Adri Fernández,es ESP,DF,Oviedo,es La Liga,19,2005,0,,,,,0,,0,0,,2,,,,,,,,
1078,Aitor Fernández,es ESP,GK,Osasuna,es La Liga,34,1991,2,136,68,4,1.5,1,90,1,1,46,33,0,2,8,-6,-3.97,-3.97,,
1079,Álvaro Fernández,es ESP,GK,Sevilla,es La Liga,27,1998,0,,,,,0,,0,0,,1,,,,,,,,
1080,Dro Fernández,es ESP,MF,Barcelona,es La Liga,17,2008,4,92,23,2.7,1,1,45,0,3,16,13,3,3,1,2,1.96,0.42,,
1081,Dro Fernández,es ESP,MF,PSG,fr Ligue 1,17,2008,12,682,57,22.3,7.6,7,77,4,5,28,3,2.08,15,7,8,1.06,-0.34,,
1082,Enzo Fernández,ar ARG,MF,Chelsea,eng Premier League,24,2001,36,3115,87,91.1,34.6,35,88,28,1,37,0,1.36,53,46,7,0.2,0.5,,
1083,Ezequiél Fernández,ar ARG,MF,Leverkusen,de Bundesliga,23,2002,20,984,49,32.2,10.9,12,67,2,8,22,5,2.05,21,20,1,0.09,-0.78,,
1084,Guillermo Fernandez,es ESP,MF,Barcelona,es La Liga,17,2008,0,,,,,0,,0,0,,1,,,,,,,,
1085,Javier Fernández,es ESP,MF,Bayern Munich,de Bundesliga,18,2006,0,,,,,0,,0,0,,1,,,,,,,,
1086,Manu Fernández,es ESP,DF,Celta Vigo,es La Liga,24,2001,14,758,54,22.2,8.4,9,74,3,5,18,20,1.64,12,11,1,0.12,-0.02,,
1087,Pelayo Fernandez,es ESP,DF,Rayo Vallecano,es La Liga,22,2003,1,45,45,1.3,0.5,0,,0,1,45,2,3,0,1,-1,-2,-1.95,,
1088,Rafa Fernández,fr FRA,GK,Osasuna,es La Liga,21,2004,0,,,,,0,,0,0,,1,,,,,,,,
1089,Raúl Fernández,es ESP,GK,Alavés,es La Liga,37,1988,0,,,,,0,,0,0,,38,,,,,,,,
1090,Roberto Férnandez,es ESP,FW,Espanyol,es La Liga,23,2002,38,2382,63,69.6,26.5,25,80,10,13,30,0,1.21,27,35,-8,-0.3,0.04,,
1091,Thiago Fernández,ar ARG,MFFW,Oviedo,es La Liga,21,2004,16,817,51,23.9,9.1,9,65,0,7,33,1,1,12,16,-4,-0.44,0.6,,
1092,Toni Fernández,es ESP,FW,Barcelona,es La Liga,17,2008,1,45,45,1.3,0.5,1,45,0,0,,10,3,1,1,0,0,-1.57,,
1093,Matias Fernandez-Pardo,be BEL,FWMF,Lille,fr Ligue 1,20,2005,29,2370,82,77.5,26.3,27,85,15,2,38,2,1.69,32,26,6,0.23,-0.95,,
1094,Mathias Ferrante,it ITA,GK,Napoli,it Serie A,18,2006,0,,,,,0,,0,0,,18,,,,,,,,
1095,Diego Ferrer,es ESP,GK,Getafe,es La Liga,18,2007,0,,,,,0,,0,0,,2,,,,,,,,
1096,Álvaro Fidalgo,mx MEX,MF,Real Betis,es La Liga,28,1997,9,542,60,15.8,6,8,66,0,1,11,7,1.44,7,8,-1,-0.17,-0.54,,
1097,Seydou Fini,it ITA,FW,Genoa,it Serie A,19,2006,1,32,32,0.9,0.4,0,,0,1,32,20,0,1,0,1,2.81,3.1,,
1098,Max Finkgräfe,de GER,DF,RB Leipzig,de Bundesliga,21,2004,13,504,39,16.5,5.6,5,86,3,8,9,13,2.23,9,13,-4,-0.71,-1.52,,
1099,Junior Firpo,do DOM,DF,Real Betis,es La Liga,28,1996,12,827,69,24.2,9.2,10,78,4,2,26,14,1.08,13,15,-2,-0.22,-0.67,,
1100,Jonathan Fischer,dk DEN,GK,Metz,fr Ligue 1,23,2001,27,2354,87,76.9,26.2,26,90,26,1,14,7,0.52,25,56,-31,-1.19,0.47,,
1101,Kilian Fischer,de GER,DF,Wolfsburg,de Bundesliga,24,2000,11,800,73,26.1,8.9,10,78,5,1,18,4,0.73,10,21,-11,-1.24,-0.72,,
1102,Fitz Fleck,de GER,MF,Gladbach,de Bundesliga,18,2007,0,,,,,0,,0,0,,2,,,,,,,,
1103,Mark Flekken,nl NED,GK,Leverkusen,de Bundesliga,32,1993,24,2129,89,69.6,23.7,24,89,23,0,,0,1.67,51,38,13,0.55,-0.22,,
1104,Zian Flemming,nl NED,FW,Burnley,eng Premier League,26,1998,29,1769,61,51.7,19.7,21,79,6,8,13,3,0.66,23,35,-12,-0.61,0.75,,
1105,Jack Fletcher,eng ENG,MF,Manchester Utd,eng Premier League,18,2007,3,108,36,3.2,1.2,0,,0,3,36,5,1.33,0,0,0,0,-0.52,,
1106,Tyler Fletcher,sct SCO,MF,Manchester Utd,eng Premier League,18,2007,2,18,9,0.5,0.2,0,,0,2,9,12,3,0,0,0,0,-0.5,,
1107,Romano Floriani,it ITA,MF,Cremonese,it Serie A,22,2003,28,1168,42,34.2,13,12,71,3,16,20,8,0.75,13,23,-10,-0.77,-0.17,,
1108,Phil Foden,eng ENG,MF,Manchester City,eng Premier League,25,2000,33,2086,63,61,23.2,23,83,13,10,17,3,2,53,19,34,1.47,0.93,,
1109,Malick Fofana,be BEL,MFFW,Lyon,fr Ligue 1,20,2005,12,749,62,24.5,8.3,9,80,1,3,9,1,1.5,10,7,3,0.36,-0.03,,
1110,Rayan Fofana,fr FRA,FWMF,Lens,fr Ligue 1,19,2006,25,798,32,26.1,8.9,7,61,0,18,21,8,2.08,17,8,9,1.02,0.14,,
1111,Sadik Fofana,tg TOG,MF,Lecce,it Serie A,22,2003,5,84,17,2.5,0.9,1,45,0,4,10,9,1.2,0,1,-1,-1.07,-0.5,,
1112,Seko Fofana,ci CIV,MF,Rennes,fr Ligue 1,30,1995,12,655,55,21.4,7.3,7,83,4,5,14,1,1.5,9,12,-3,-0.41,-0.86,,
1113,Wesley Fofana,fr FRA,DF,Chelsea,eng Premier League,24,2000,25,1722,69,50.4,19.1,20,80,10,5,26,6,1.52,27,24,3,0.16,0,,
1114,Youssouf Fofana,fr FRA,MF,Milan,it Serie A,26,1999,33,2203,67,64.4,24.5,28,73,8,5,29,3,1.88,37,21,16,0.65,0.51,,
1115,Jonas Föhrenbach,de GER,DFMF,Heidenheim,de Bundesliga,29,1996,27,2325,86,76,25.8,25,88,22,2,65,4,0.93,34,51,-17,-0.66,1.06,,
1116,Kevin Folgado,fr FRA,GK,Real Sociedad,es La Liga,20,2005,0,,,,,0,,0,0,,7,,,,,,,,
1117,Francesco Folino,it ITA,DF,Cremonese,it Serie A,23,2002,18,722,40,21.1,8,7,87,6,11,10,19,1,5,15,-10,-1.25,-0.75,,
1118,Michael Folorunsho,it ITA,MFFW,Cagliari,it Serie A,27,1998,27,1999,74,58.5,22.2,24,81,11,3,21,0,0.96,20,30,-10,-0.45,-0.26,,
1119,Nicolas Fonseca,uy URU,MF,Oviedo,es La Liga,26,1998,19,1018,54,29.8,11.3,12,70,2,7,25,1,0.84,13,22,-9,-0.8,0.14,,
1120,Joel Fontanet,es ESP,,Valencia,es La Liga,19,2006,0,,,,,0,,0,0,,4,,,,,,,,
1121,Álex Forés,es ESP,FW,Oviedo,es La Liga,24,2001,18,360,20,10.5,4,3,59,0,15,12,15,0.33,1,8,-7,-1.75,-0.96,,
1122,Pablo Fornals,es ESP,MF,Real Betis,es La Liga,29,1996,37,2848,77,83.3,31.6,34,80,15,3,40,1,1.62,53,38,15,0.47,1.1,,
1123,Fraser Forster,eng ENG,GK,Bournemouth,eng Premier League,37,1988,0,,,,,0,,0,0,,4,,,,,,,,
1124,Héctor Fort,es ESP,DFMF,Elche,es La Liga,18,2006,14,482,34,14.1,5.4,7,56,0,7,13,3,1.29,9,6,3,0.56,0.9,,
1125,Jesus Fortea,es ESP,DF,Real Madrid,es La Liga,18,2007,0,,,,,0,,0,0,,1,,,,,,,,
1126,Niccolò Fortini,it ITA,MF,Fiorentina,it Serie A,19,2006,16,541,34,15.8,6,2,78,1,14,28,15,0.81,9,12,-3,-0.5,-0.31,,
1127,Fortuño,es ESP,GK,Espanyol,es La Liga,23,2001,1,90,90,2.6,1,1,90,1,0,,37,1,1,1,0,0,0.32,,
1128,Lyle Foster,za RSA,FWMF,Burnley,eng Premier League,24,2000,26,1371,53,40.1,15.2,15,75,3,11,22,2,0.58,11,30,-19,-1.25,-0.46,,
1129,Dimitri Foulquier,fr FRA,DF,Valencia,es La Liga,32,1993,15,1150,77,33.6,12.8,12,88,11,3,32,3,1.27,16,21,-5,-0.39,-0.23,,
1130,Juan Foyth,ar ARG,DF,Villarreal,es La Liga,27,1998,13,934,72,27.3,10.4,12,77,8,1,11,2,2.15,22,9,13,1.25,0.78,,
1131,Aitor Fraga,es ESP,GK,Real Sociedad,es La Liga,22,2003,0,,,,,0,,0,0,,9,,,,,,,,
1132,Fran,es ESP,GK,Real Madrid,es La Liga,20,2005,0,,,,,0,,0,0,,9,,,,,,,,
1133,Alejandro Francés,es ESP,DF,Girona,es La Liga,22,2002,24,1116,47,32.6,12.4,11,78,6,13,20,9,1.33,13,19,-6,-0.48,-0.09,,
1134,Matteo Franceschelli,it ITA,GK,Bologna,it Serie A,16,2008,0,,,,,0,,0,0,,13,,,,,,,,
1135,Christian Frangella,it ITA,MF,Sassuolo,it Serie A,18,2006,1,3,3,0.1,0,0,,0,1,3,9,0,0,1,-1,-30,-29.92,,
1136,Przemysław Frankowski,pl POL,MFDF,Rennes,fr Ligue 1,30,1995,19,1210,64,39.5,13.4,15,75,5,4,21,1,1.68,20,16,4,0.3,0.05,,
1137,Davide Frattesi,it ITA,MF,Inter,it Serie A,25,1999,22,569,26,16.6,6.3,3,80,2,19,17,14,2.45,15,4,11,1.74,0.38,,
1138,Oscar Fraulo,dk DEN,MF,Gladbach,de Bundesliga,21,2003,4,43,11,1.4,0.5,0,,0,4,11,9,1.75,1,0,1,2.09,2.45,,
1139,Tyler Fredricson,eng ENG,DF,Manchester Utd,eng Premier League,20,2005,1,3,3,0.1,0,0,,0,1,3,10,3,0,0,0,0,-0.5,,
1140,Alex Freeman,us USA,DF,Villarreal,es La Liga,20,2004,9,346,38,10.1,3.8,3,90,3,6,13,9,1.56,10,6,4,1.04,0.4,,
1141,Kelven Frees,de GER,DF,Hoffenheim,de Bundesliga,20,2005,0,,,,,0,,0,0,,2,,,,,,,,
1142,Morten Frendrup,dk DEN,MF,Genoa,it Serie A,24,2001,36,3081,86,90.1,34.2,35,87,26,1,28,0,0.97,36,45,-9,-0.26,0,,
1143,Martin Frese,dk DEN,MFDF,Hellas Verona,it Serie A,27,1998,31,2408,78,70.4,26.8,27,83,17,4,40,3,0.61,16,40,-24,-0.9,0.17,,
1144,Remo Freuler,ch SUI,MF,Bologna,it Serie A,33,1992,29,2213,76,64.7,24.6,26,83,18,3,21,3,1.62,33,29,4,0.16,0.24,,
1145,Marco Friedl,at AUT,DF,Werder Bremen,de Bundesliga,27,1998,30,2546,85,83.2,28.3,29,86,26,1,45,0,0.9,29,49,-20,-0.71,-0.18,,
1146,Marvin Friedrich,de GER,DF,Gladbach,de Bundesliga,29,1995,6,152,25,5,1.7,1,90,1,5,12,14,1.5,2,5,-3,-1.78,-1.53,,
1147,Jeremie Frimpong,nl NED,DFMF,Liverpool,eng Premier League,24,2000,21,1040,50,30.4,11.6,12,75,4,9,16,2,1.48,20,13,7,0.61,0.49,,
1148,Christian Früchtl,de GER,GK,Lecce,it Serie A,25,2000,0,,,,,0,,0,0,,31,,,,,,,,
1149,Jorge de Frutos,es ESP,FWMF,Rayo Vallecano,es La Liga,28,1997,36,2463,68,72,27.4,31,74,6,5,36,1,1.39,32,23,9,0.33,1.46,,
1150,Leo Fuhr Hjelde,no NOR,DF,Sunderland,eng Premier League,21,2003,0,,,,,0,,0,0,,5,,,,,,,,
1151,Chris Führich,de GER,MF,Stuttgart,de Bundesliga,27,1998,33,1698,51,55.5,18.9,20,70,1,13,23,1,1.79,41,28,13,0.69,0.09,,
1152,Joel Fujita,jp JPN,MF,St Pauli,de Bundesliga,23,2002,32,2665,83,87.1,29.6,31,85,23,1,22,0,0.69,25,53,-28,-0.95,-0.26,,
1153,Niclas Füllkrug,de GER,FW,West Ham,eng Premier League,32,1993,8,409,51,12,4.5,5,69,1,3,21,2,0.63,2,11,-9,-1.98,-1.68,,
1154,Niclas Füllkrug,de GER,FW,Milan,it Serie A,32,1993,20,659,33,19.3,7.3,3,63,0,17,28,2,1.6,13,6,7,0.96,0.6,,
1155,Alessio Furlanetto,it ITA,GK,Lazio,it Serie A,23,2002,2,180,90,5.3,2,2,90,2,0,,33,1.5,2,3,-1,-0.5,-0.56,,
1156,Kaye Furo,be BEL,FW,Brentford,eng Premier League,18,2007,1,1,1,0,0,0,,0,1,1,12,3,0,0,0,0,-0.08,,
1157,David Fürst,de GER,DF,Köln,de Bundesliga,18,2007,0,,,,,0,,0,0,,1,,,,,,,,
1158,Matteo Fuscaldo,it ITA,GK,Juventus,it Serie A,20,2005,0,,,,,0,,0,0,,3,,,,,,,,
1159,Matteo Gabbia,it ITA,DF,Milan,it Serie A,25,1999,30,2530,84,74,28.1,28,88,26,2,29,2,1.93,42,25,17,0.6,0.5,,
1160,Tommaso Gabellini,it ITA,FW,Torino,it Serie A,18,2006,0,,,,,0,,0,0,,5,,,,,,,,
1161,Tiago Gabriel,pt POR,DF,Lecce,it Serie A,20,2004,37,3219,87,94.1,35.8,36,89,34,1,12,0,1,28,46,-18,-0.5,1.29,,
1162,Alessandro Gabrielloni,it ITA,FW,Como,it Serie A,31,1994,0,,,,,0,,0,0,,1,,,,,,,,
1163,Gianluca Gaetano,it ITA,MFFW,Cagliari,it Serie A,25,2000,33,1912,58,55.9,21.2,21,77,10,12,24,0,1.21,27,30,-3,-0.14,0.46,,
1164,Roberto Gagliardini,it ITA,MF,Hellas Verona,it Serie A,31,1994,29,2272,78,66.4,25.2,25,84,19,4,43,1,0.52,17,36,-19,-0.75,0.58,,
1165,Cody Gakpo,nl NED,MFFW,Liverpool,eng Premier League,26,1999,36,2737,76,80,30.4,32,82,16,4,28,0,1.5,48,39,9,0.3,0.16,,
1166,Javi Galán,es ESP,DF,Osasuna,es La Liga,30,1994,20,1672,84,48.9,18.6,19,87,15,1,24,1,1.2,20,24,-4,-0.22,-0.11,,
1167,Javi Galán,es ESP,DF,Atlético Madrid,es La Liga,30,1994,5,134,27,3.9,1.5,1,72,0,4,16,13,2.2,2,2,0,0,-0.49,,
1168,Iñigo Ruiz de Galarreta,es ESP,MF,Athletic Club,es La Liga,31,1993,34,2206,65,64.5,24.5,30,68,4,4,45,1,1.15,28,37,-9,-0.37,0.08,,
1169,Conor Gallagher,eng ENG,MF,Tottenham,eng Premier League,25,2000,16,1184,74,34.6,13.2,14,81,5,2,28,0,0.81,13,23,-10,-0.76,-0.8,,
1170,Conor Gallagher,eng ENG,MF,Atlético Madrid,es La Liga,25,2000,19,679,36,19.9,7.5,4,65,1,15,28,0,2,15,7,8,1.06,0.73,,
1171,Antonino Gallo,it ITA,DF,Lecce,it Serie A,25,2000,37,3056,83,89.4,34,34,87,29,3,29,0,1.03,25,43,-18,-0.53,0.46,,
1172,Ignatius Ganago,cm CMR,FW,Nantes,fr Ligue 1,26,1999,13,839,65,28.2,9.3,10,76,3,3,26,1,0.71,9,7,2,0.21,1.27,,
1173,Omri Gandelman,il ISR,MFFW,Lecce,it Serie A,25,2000,19,975,51,28.5,10.8,10,72,2,9,28,1,1.11,7,12,-5,-0.46,0.16,,
1174,Ismaëlo Ganiou,fr FRA,DF,Lens,fr Ligue 1,20,2005,23,2014,88,65.8,22.4,22,89,21,1,52,8,2.09,44,25,19,0.85,-0.18,,
1175,Ben Gannon-Doak,sct SCO,MF,Bournemouth,eng Premier League,19,2005,8,113,14,3.3,1.3,0,,0,8,14,11,1.63,5,1,4,3.19,3.19,,
1176,Facundo Garcés,my MAS,DF,Alavés,es La Liga,25,1999,10,793,79,23.2,8.8,8,90,8,2,37,1,1.2,8,11,-3,-0.34,-0.03,,
1177,Aleix García,es ESP,MF,Leverkusen,de Bundesliga,28,1997,33,2667,81,87.2,29.6,31,83,19,2,43,0,1.7,59,39,20,0.67,0.45,,
1178,Álvaro García,es ESP,MFFW,Rayo Vallecano,es La Liga,32,1992,32,2101,66,61.4,23.3,23,79,7,9,31,1,1.19,21,29,-8,-0.34,-0.68,,
1179,Andrés García,es ESP,DF,Aston Villa,eng Premier League,22,2003,6,86,14,2.5,1,1,45,0,5,8,9,1.33,2,3,-1,-1.05,-1.26,,
1180,Eder García,es ESP,FW,Athletic Club,es La Liga,21,2004,2,38,19,1.1,0.4,0,,0,2,19,3,1.5,1,0,1,2.37,2.79,,
1181,Eric García,es ESP,DFMF,Barcelona,es La Liga,24,2001,34,2721,80,79.6,30.2,32,83,21,2,29,3,2.5,78,22,56,1.85,1.47,,
1182,Fran Garcia,es ESP,DFMF,Real Madrid,es La Liga,25,1999,13,929,71,27.2,10.3,10,83,6,3,34,24,2.08,19,10,9,0.87,-0.32,,
1183,Germán García,es ESP,GK,Real Betis,es La Liga,21,2004,0,,,,,0,,0,0,,2,,,,,,,,
1184,Gonzalo García,es ESP,FW,Real Madrid,es La Liga,21,2004,30,964,32,28.2,10.7,9,74,2,21,14,8,2.23,27,12,15,1.4,0.41,,
1185,Hugo García,es ESP,MF,Celta Vigo,es La Liga,18,2006,1,8,8,0.2,0.1,0,,0,1,8,1,3,0,0,0,0,-0.13,,
1186,Jandro García,es ESP,MF,Mallorca,es La Liga,19,2006,0,,,,,0,,0,0,,5,,,,,,,,
1187,Joan García,es ESP,GK,Barcelona,es La Liga,24,2001,30,2700,90,78.9,30,30,90,30,0,,2,2.73,81,21,60,2,2.12,,
1188,Pablo Garcia,es ESP,MF,Real Betis,es La Liga,19,2006,15,388,26,11.3,4.3,2,71,0,13,19,10,1.53,8,3,5,1.16,0.98,,
1189,Pere García,es ESP,GK,Valencia,es La Liga,23,2002,0,,,,,0,,0,0,,1,,,,,,,,
1190,Rubén García,es ESP,MFFW,Osasuna,es La Liga,32,1993,35,2229,64,65.2,24.8,28,73,4,7,27,0,1.17,26,30,-4,-0.16,-0.01,,
1191,Ulisses Garcia,ch SUI,MFDF,Marseille,fr Ligue 1,29,1996,4,211,53,6.9,2.3,2,77,0,2,29,6,1.5,5,4,1,0.43,-0.11,,
1192,Ulisses Garcia,ch SUI,DF,Sassuolo,it Serie A,29,1996,13,943,73,27.6,10.5,10,86,8,3,27,1,1.31,15,10,5,0.48,0.8,,
1193,Víctor García,es ESP,MFFW,Levante,es La Liga,27,1997,21,1040,50,30.4,11.6,12,68,1,9,25,8,1.1,13,15,-2,-0.17,0.28,,
1194,Ilann Garin,fr FRA,DF,Angers,fr Ligue 1,19,2006,0,,,,,0,,0,0,,2,,,,,,,,
1195,Alejandro Garnacho,ar ARG,MF,Chelsea,eng Premier League,21,2004,24,1268,53,37.1,14.1,14,68,4,10,31,9,1.46,20,20,0,0,-0.25,,
1196,James Garner,eng ENG,MFDF,Everton,eng Premier League,24,2001,38,3413,90,99.8,37.9,38,90,37,0,,0,1.29,47,50,-3,-0.08,-0.08,,
1197,Erawan Garnier,th THA,DF,Lens,fr Ligue 1,19,2006,1,7,7,0.2,0.1,0,,0,1,7,3,0,0,0,0,0,-0.91,,
1198,Thibaud Garondo,fr FRA,MF,Toulouse,fr Ligue 1,19,2006,0,,,,,0,,0,0,,3,,,,,,,,
1199,Federico Gatti,it ITA,DF,Juventus,it Serie A,27,1998,21,1093,52,32,12.1,12,80,7,9,15,10,2,12,13,-1,-0.08,-1.17,,
1200,Federico Gattoni,ar ARG,DF,Sevilla,es La Liga,26,1999,1,10,10,0.3,0.1,0,,0,1,10,13,1,0,0,0,0,0.37,,
1201,Gavi,es ESP,MF,Barcelona,es La Liga,20,2004,11,573,52,16.8,6.4,7,69,2,4,22,2,2.73,15,6,9,1.41,-0.17,,
1202,Emil Gazdov,ca CAN,GK,St Pauli,de Bundesliga,21,2003,0,,,,,0,,0,0,,1,,,,,,,,
1203,Jusuf Gazibegović,ba BIH,DF,Köln,de Bundesliga,25,2000,1,23,23,0.8,0.3,0,,0,1,23,5,3,1,1,0,0,0.41,,
1204,Paulo Gazzaniga,ar ARG,GK,Girona,es La Liga,33,1992,35,3102,89,90.7,34.5,35,89,34,0,,2,1.14,37,47,-10,-0.29,1.41,,
1205,Jean-Philippe Gbamin,ci CIV,DFMF,Metz,fr Ligue 1,29,1995,31,2485,80,81.2,27.6,30,82,25,1,26,0,0.48,27,63,-36,-1.3,-0.05,,
1206,Yann Gboho,fr FRA,MFFW,Toulouse,fr Ligue 1,24,2001,31,2601,84,87.6,28.9,30,85,21,1,45,0,1.34,41,37,4,0.14,0.87,,
1207,David de Gea,es ESP,GK,Fiorentina,it Serie A,34,1990,37,3330,90,97.4,37,37,90,37,0,,1,1.11,40,49,-9,-0.24,-0.24,,
1208,Kris Gecaj,al ALB,DF,Genoa,it Serie A,16,2008,0,,,,,0,,0,0,,1,,,,,,,,
1209,Lutsharel Geertruida,nl NED,DFMF,Sunderland,eng Premier League,25,2000,28,1693,60,49.5,18.8,17,87,14,11,20,7,1.36,16,23,-7,-0.37,-0.42,,
1210,Lutsharel Geertruida,nl NED,DF,RB Leipzig,de Bundesliga,25,2000,0,,,,,0,,0,0,,1,,,,,,,,
1211,Valentin Gendrey,fr FRA,DF,Hoffenheim,de Bundesliga,25,2000,8,59,7,1.9,0.7,0,,0,8,7,6,2.13,2,1,1,1.53,1.17,,
1212,Tyrique George,eng ENG,FW,Chelsea,eng Premier League,19,2006,4,145,36,4.2,1.6,0,,0,4,36,4,1,5,2,3,1.86,1.78,,
1213,Tyrique George,eng ENG,MF,Everton,eng Premier League,19,2006,11,218,20,6.4,2.4,1,61,0,10,16,2,0.73,5,7,-2,-0.83,-0.8,,
1214,Yannick Gerhardt,de GER,MF,Wolfsburg,de Bundesliga,31,1994,19,1068,56,34.9,11.9,12,81,4,7,13,11,1.16,17,29,-12,-1.01,-0.47,,
1215,Maël Gernigon,fr FRA,DF,Angers,fr Ligue 1,15,2009,0,,,,,0,,0,0,,5,,,,,,,,
1216,Willem Geubbels,fr FRA,FW,Paris FC,fr Ligue 1,23,2001,24,1013,42,33.1,11.3,12,66,0,12,18,6,1.29,14,17,-3,-0.27,-0.27,,
1217,Ismaël Gharbi,tn TUN,MF,Augsburg,de Bundesliga,21,2004,6,94,16,3.1,1,0,,0,6,16,15,0.17,0,0,0,0,0.49,,
1218,Mourad El Ghezouani,ma MAR,FW,Elche,es La Liga,27,1998,2,50,25,1.5,0.6,0,,0,2,25,1,2,1,0,1,1.8,2.04,,
1219,Rachid Ghezzal,dz ALG,MFFW,Lyon,fr Ligue 1,33,1992,10,225,23,7.4,2.5,2,54,0,8,15,13,1.5,4,5,-1,-0.4,-0.84,,
1220,Daniele Ghilardi,it ITA,DF,Roma,it Serie A,22,2003,23,1097,48,32.1,12.2,9,80,7,14,27,15,2,19,15,4,0.33,-0.6,,
1221,Andrea Ghion,it ITA,MF,Sassuolo,it Serie A,25,2000,1,10,10,0.3,0.1,0,,0,1,10,1,0,0,0,0,0,0.11,,
1222,Giacomo Giacomone,it ITA,GK,Lazio,it Serie A,17,2008,0,,,,,0,,0,0,,11,,,,,,,,
1223,Dimitris Giannoulis,gr GRE,MF,Augsburg,de Bundesliga,29,1995,27,1888,70,61.7,21,25,74,9,2,25,0,1.37,32,39,-7,-0.33,0.36,,
1224,Morgan Gibbs-White,eng ENG,MF,Nottingham,eng Premier League,25,2000,37,3097,84,90.6,34.4,35,87,20,2,33,0,1.16,42,45,-3,-0.09,-0.09,,
1225,Elijah Gift,es ESP,MF,Athletic Club,es La Liga,19,2006,0,,,,,0,,0,0,,1,,,,,,,,
1226,Samuel Gigot,fr FRA,DFMF,Lazio,it Serie A,31,1993,0,,,,,0,,0,0,,3,,,,,,,,
1227,Bryan Gil,es ESP,MFFW,Girona,es La Liga,24,2001,29,1578,54,46.1,17.5,20,69,1,9,23,2,1.14,19,21,-2,-0.11,0.57,,
1228,Mario Gila,es ESP,DF,Lazio,it Serie A,24,2000,31,2472,80,72.3,27.5,31,80,19,0,,0,1.45,31,28,3,0.11,0.3,,
1229,Billy Gilmour,sct SCO,MF,Napoli,it Serie A,24,2001,17,805,47,23.5,8.9,8,76,4,9,22,7,2.24,14,5,9,1.01,0.56,,
1230,Benedikt Gimber,de GER,DF,Heidenheim,de Bundesliga,28,1997,21,1436,68,46.9,16,18,75,10,3,28,6,0.62,8,40,-32,-2.01,-2.06,,
1231,Santiago Giménez,mx MEX,FW,Milan,it Serie A,24,2001,16,892,56,26.1,9.9,11,69,1,5,27,2,1.69,15,11,4,0.4,-0.09,,
1232,Gvidas Gineitis,lt LTU,MF,Torino,it Serie A,21,2004,29,1756,61,51.3,19.5,23,72,8,6,17,5,1.31,19,32,-13,-0.67,-0.34,,
1233,Matthias Ginter,de GER,DF,Freiburg,de Bundesliga,31,1994,32,2833,89,92.6,31.5,32,89,29,0,,0,1.47,49,51,-2,-0.06,1.52,,
1234,Giovane,br BRA,FWMF,Hellas Verona,it Serie A,21,2003,21,1533,73,44.8,17,19,77,8,2,33,0,0.67,12,23,-11,-0.65,0.55,,
1235,Giovane,br BRA,MFFW,Napoli,it Serie A,21,2003,12,338,28,9.9,3.8,2,72,0,10,19,5,1.67,4,6,-2,-0.53,-1.23,,
1236,Olivier Giroud,fr FRA,FW,Lille,fr Ligue 1,38,1986,30,1609,54,52.6,17.9,17,78,4,13,22,1,1.7,16,25,-9,-0.5,-1.99,,
1237,Jamie Gittens,eng ENG,MF,Chelsea,eng Premier League,20,2004,16,495,31,14.5,5.5,5,57,1,11,19,6,2.06,7,7,0,0,-0.18,,
1238,Robert Glatzel,de GER,FW,Hamburger SV,de Bundesliga,31,1994,19,612,32,20,6.8,7,65,1,12,13,5,1.16,10,13,-3,-0.44,-0.04,,
1239,Daniel Gleiber,de GER,MF,Mainz 05,de Bundesliga,20,2005,0,,,,,0,,0,0,,5,,,,,,,,
1240,Serge Gnabry,de GER,MF,Bayern Munich,de Bundesliga,30,1995,21,1219,58,39.8,13.5,16,68,1,5,26,4,2.71,48,14,34,2.51,-0.03,,
1241,Wilfried Gnonto,it ITA,FW,Leeds United,eng Premier League,21,2003,23,537,23,15.7,6,4,59,0,19,16,8,1.22,11,14,-3,-0.5,-0.38,,
1242,Riccardo Gnudi,it ITA,GK,Bologna,it Serie A,17,2008,0,,,,,0,,0,0,,1,,,,,,,,
1243,Giorgi Gocholeishvili,ge GEO,MF,Hamburger SV,de Bundesliga,24,2001,24,940,39,30.7,10.4,9,78,1,15,16,6,1.33,9,12,-3,-0.29,0.18,,
1244,Martial Godo,ci CIV,MF,Strasbourg,fr Ligue 1,22,2003,28,1584,57,51.8,17.6,18,79,8,10,15,2,1.68,41,23,18,1.02,1.45,,
1245,Maxima Goffi,fr FRA,DF,Lille,fr Ligue 1,17,2008,1,39,39,1.3,0.4,0,,0,1,39,11,1,1,1,0,0,-0.45,,
1246,Saba Goglichidze,ge GEO,DF,Udinese,it Serie A,21,2004,8,424,53,12.4,4.7,4,90,4,4,16,11,2.13,6,7,-1,-0.21,-0.15,,
1247,Airidas Golambeckis,eng ENG,DF,West Ham,eng Premier League,17,2007,0,,,,,0,,0,0,,4,,,,,,,,
1248,Edoardo Goldaniga,it ITA,DF,Como,it Serie A,31,1993,2,15,8,0.4,0.2,0,,0,2,8,20,3,1,0,1,6,5.07,,
1249,Pierluigi Gollini,it ITA,GK,Roma,it Serie A,30,1995,0,,,,,0,,0,0,,32,,,,,,,,
1250,Aleksandr Golovin,ru RUS,MF,Monaco,fr Ligue 1,29,1996,25,1649,66,53.9,18.3,21,74,4,4,26,2,1.72,28,19,9,0.49,0.68,,
1251,André Gomes,pt POR,MF,Lille,fr Ligue 1,32,1993,2,8,4,0.3,0.1,0,,0,2,4,5,3,0,0,0,0,-0.44,,
1252,Angel Gomes,eng ENG,MF,Marseille,fr Ligue 1,24,2000,14,888,63,29,9.9,12,72,4,2,13,3,2.07,21,9,12,1.22,0.97,,
1253,Angel Gomes,eng ENG,MFFW,Wolves,eng Premier League,24,2000,12,461,38,13.5,5.1,7,57,0,5,13,2,0.92,4,8,-4,-0.78,0.34,,
1254,João Gomes,br BRA,MF,Wolves,eng Premier League,24,2001,35,2829,81,82.7,31.4,32,86,23,3,24,1,0.51,21,56,-35,-1.11,-0.2,,
1255,Rodrigo Gomes,pt POR,MFFW,Wolves,eng Premier League,22,2003,22,960,44,28.1,10.7,9,72,1,13,24,4,0.59,12,18,-6,-0.56,0.72,,
1256,Toti Gomes,pt POR,DF,Wolves,eng Premier League,26,1999,19,1424,75,41.6,15.8,17,82,12,2,13,7,0.32,7,33,-26,-1.64,-0.97,,
1257,Diego Gómez,py PAR,MFFW,Brighton,eng Premier League,22,2003,32,2120,66,62,23.6,26,75,2,6,28,0,1.41,26,29,-3,-0.13,-0.75,,
1258,Ferran Gómez,es ESP,MF,Espanyol,es La Liga,19,2006,0,,,,,0,,0,0,,6,,,,,,,,
1259,Joe Gomez,eng ENG,DF,Liverpool,eng Premier League,28,1997,21,607,29,17.7,6.7,7,63,2,14,12,11,1.62,17,14,3,0.44,0.22,,
1260,Moi Gómez,es ESP,MF,Osasuna,es La Liga,31,1994,26,1201,46,35.1,13.3,12,78,3,14,19,10,0.88,15,15,0,0,0.24,,
1261,Rubén Gómez,es ESP,GK,Villarreal,es La Liga,23,2002,0,,,,,0,,0,0,,2,,,,,,,,
1262,Sergio Gómez,es ESP,DF,Real Sociedad,es La Liga,24,2000,35,2701,77,79,30,30,86,20,5,23,1,1.23,47,45,2,0.07,0.57,,
1263,Unai Gómez,es ESP,MF,Athletic Club,es La Liga,22,2003,26,936,36,27.4,10.4,12,53,0,14,21,10,1.31,9,24,-15,-1.44,-1.44,,
1264,Valentín Gómez,ar ARG,DF,Real Betis,es La Liga,22,2003,28,1882,67,55,20.9,19,90,19,9,19,9,1.68,29,28,1,0.05,-0.54,,
1265,Georges Gomis,sn SEN,DF,Le Havre,fr Ligue 1,17,2008,1,1,1,0,0,0,,0,1,1,2,3,0,0,0,0,0.35,,
1266,Tidiam Gomis,fr FRA,FW,RB Leipzig,de Bundesliga,18,2006,18,348,19,11.4,3.9,2,69,0,16,13,10,1.78,5,9,-4,-1.03,-1.8,,
1267,Rafael Gonçalves,pt POR,MFDF,Strasbourg,fr Ligue 1,20,2005,12,588,49,19.2,6.5,6,79,4,6,19,17,1.67,8,13,-5,-0.77,-1.35,,
1268,Tiago Goncalves,fr FRA,MF,Lyon,fr Ligue 1,17,2007,0,,,,,0,,0,0,,2,,,,,,,,
1269,Enso Gonzalez,py PAR,FW,Wolves,eng Premier League,20,2005,0,,,,,0,,0,0,,4,,,,,,,,
1270,Hugo González,es ESP,FW,Celta Vigo,es La Liga,22,2003,1,8,8,0.2,0.1,0,,0,1,8,1,0,0,0,0,0,-0.13,,
1271,Manu González,es ESP,GK,Real Betis,es La Liga,18,2007,0,,,,,0,,0,0,,2,,,,,,,,
1272,Nicolás González,es ESP,MF,Manchester City,eng Premier League,23,2002,25,1569,63,45.9,17.4,17,81,10,8,25,8,2.12,39,17,22,1.26,0.29,,
1273,Nicolás González,ar ARG,MFDF,Atlético Madrid,es La Liga,27,1998,24,1448,60,42.3,16.1,18,70,5,6,31,0,2,28,15,13,0.81,0.58,,
1274,Nicolás González,ar ARG,FWMF,Juventus,it Serie A,27,1998,2,19,10,0.6,0.2,0,,0,2,10,0,3,1,0,1,4.74,4.05,,
1275,Peter González,do DOM,MF,Getafe,es La Liga,23,2002,0,,,,,0,,0,0,,3,,,,,,,,
1276,Alvaro Gonzalez Pozo,es ESP,GK,Real Madrid,es La Liga,18,2007,0,,,,,0,,0,0,,1,,,,,,,,
1277,Urko González,es ESP,MF,Espanyol,es La Liga,24,2001,35,2623,75,76.7,29.1,28,88,23,7,22,0,1.2,32,45,-13,-0.45,-0.56,,
1278,Urko González,es ESP,DFMF,Real Sociedad,es La Liga,24,2001,1,11,11,0.3,0.1,0,,0,1,11,1,1,0,0,0,0,0.05,,
1279,Anthony Gordon,eng ENG,FW,Newcastle,eng Premier League,24,2001,26,1795,69,52.5,19.9,24,74,4,2,13,4,1.31,24,28,-4,-0.2,-0.31,,
1280,Leon Goretzka,de GER,MF,Bayern Munich,de Bundesliga,30,1995,31,1947,63,63.6,21.6,25,74,10,6,18,3,2.65,72,20,52,2.4,-0.35,,
1281,Mathieu Gorgelin,fr FRA,GK,Lens,fr Ligue 1,34,1990,1,90,90,2.9,1,1,90,1,0,,15,3,4,0,4,4,3.18,,
1282,Andoni Gorosabel,es ESP,DF,Athletic Club,es La Liga,28,1996,24,1360,57,39.8,15.1,15,78,8,9,21,13,1.21,19,26,-7,-0.46,-0.11,,
1283,Jon Gorrotxategi,es ESP,MF,Real Sociedad,es La Liga,23,2002,30,2210,74,64.6,24.6,26,80,15,4,30,2,1.2,36,39,-3,-0.12,-0.2,,
1284,Olaf Gorter,nl NED,MF,Lecce,it Serie A,20,2005,2,28,14,0.8,0.3,0,,0,2,14,13,0,0,1,-1,-3.21,-2.66,,
1285,Alimami Gory,ml MLI,MFDF,Paris FC,fr Ligue 1,28,1996,24,982,41,32.1,10.9,9,69,1,15,24,3,1.21,13,20,-7,-0.64,-0.81,,
1286,Robin Gosens,de GER,DFMF,Fiorentina,it Serie A,31,1994,26,1881,72,55,20.9,24,77,10,2,20,4,1.12,19,24,-5,-0.24,-0.01,,
1287,Mikel Goti,es ESP,MF,Real Sociedad,es La Liga,23,2002,4,76,19,2.2,0.8,1,56,0,3,7,13,0.75,3,3,0,0,0.05,,
1288,Mario Götze,de GER,MF,Frankfurt,de Bundesliga,33,1992,21,886,42,29,9.8,8,67,1,13,27,8,1.48,15,20,-5,-0.51,-0.55,,
1289,Amine Gouiri,dz ALG,FWMF,Marseille,fr Ligue 1,25,2000,22,1326,60,43.3,14.7,15,77,4,7,25,1,1.73,28,22,6,0.41,-0.22,,
1290,Lucas Gourna-Douath,fr FRA,MF,Le Havre,fr Ligue 1,21,2003,15,1272,85,41.6,14.1,14,88,10,1,45,0,0.87,11,18,-7,-0.5,-0.24,,
1291,Tiago Gouveia,pt POR,MF,Nice,fr Ligue 1,24,2001,15,532,35,17.4,5.9,5,69,2,10,19,5,1.06,6,17,-11,-1.86,-1.43,,
1292,Jeffrey Gouweleeuw,nl NED,DF,Augsburg,de Bundesliga,34,1991,11,848,77,27.7,9.4,10,82,6,1,29,1,1.27,16,20,-4,-0.42,0.06,,
1293,Kamil Grabara,pl POL,GK,Wolfsburg,de Bundesliga,26,1999,34,3060,90,100,34,34,90,34,0,,0,0.85,45,69,-24,-0.71,,,
1294,Josh Gracey,nir NIR,GK,Wolves,eng Premier League,17,2007,0,,,,,0,,0,0,,2,,,,,,,,
1295,Jonathan Gradit,fr FRA,DF,Lens,fr Ligue 1,32,1992,10,807,81,26.4,9,10,81,8,0,,0,2.2,19,8,11,1.23,0.43,,
1296,Braiden Graham,nir NIR,FW,Everton,eng Premier League,17,2007,0,,,,,0,,0,0,,1,,,,,,,,
1297,Jens Grahl,de GER,GK,Frankfurt,de Bundesliga,36,1988,0,,,,,0,,0,0,,10,,,,,,,,
1298,Nicola Grandu,it ITA,FW,Cagliari,it Serie A,19,2006,0,,,,,0,,0,0,,2,,,,,,,,
1299,Alberto Grassi,it ITA,MF,Cremonese,it Serie A,30,1995,30,1753,58,51.3,19.5,18,76,6,12,33,3,0.97,15,31,-16,-0.82,-0.34,,
1300,Ryan Gravenberch,nl NED,MF,Liverpool,eng Premier League,23,2002,36,2992,83,87.5,33.2,34,86,28,2,29,0,1.58,50,42,8,0.24,-0.18,,
1301,Archie Gray,eng ENG,MFDF,Tottenham,eng Premier League,19,2006,24,1478,62,43.2,16.4,18,78,9,6,11,11,0.83,18,28,-10,-0.61,-0.66,,
1302,Charlie Gray,eng ENG,MF,Manchester City,eng Premier League,19,2006,0,,,,,0,,0,0,,1,,,,,,,,
1303,Harry Gray,eng ENG,FW,Leeds United,eng Premier League,16,2008,0,,,,,0,,0,0,,1,,,,,,,,
1304,Jack Grealish,eng ENG,MF,Everton,eng Premier League,29,1995,20,1627,81,47.6,18.1,18,88,11,2,20,0,1.55,23,23,0,0,0.15,,
1305,Mason Greenwood,eng ENG,MF,Marseille,fr Ligue 1,23,2001,32,2462,77,80.5,27.4,29,82,16,3,31,1,1.75,52,36,16,0.58,0.28,,
1306,Michael Gregoritsch,at AUT,FW,Augsburg,de Bundesliga,31,1994,17,913,54,29.8,10.1,11,73,2,6,19,1,1.35,19,14,5,0.49,1.37,,
1307,Dominik Greif,sk SVK,GK,Lyon,fr Ligue 1,28,1997,29,2610,90,85.3,29,29,90,29,0,,4,1.72,47,37,10,0.34,-0.26,,
1308,Antoine Griezmann,fr FRA,FW,Atlético Madrid,es La Liga,34,1991,34,1481,44,43.3,16.5,13,70,4,21,27,1,1.86,32,23,9,0.55,0.13,,
1309,Vincenzo Grifo,it ITA,MF,Freiburg,de Bundesliga,32,1993,33,1710,52,55.9,19,21,70,4,12,20,1,1.42,27,33,-6,-0.32,-0.32,,
1310,Álex Grimaldo,es ESP,MF,Leverkusen,de Bundesliga,29,1995,29,2521,87,82.4,28,29,87,25,0,,1,1.79,60,40,20,0.71,0.55,,
1311,Pascal Groß,de GER,MF,Dortmund,de Bundesliga,34,1991,11,613,56,20,6.8,7,78,1,4,16,4,2,9,5,4,0.59,-0.59,,
1312,Pascal Groß,de GER,MF,Brighton,eng Premier League,34,1991,19,1636,86,47.8,18.2,18,90,16,1,20,0,1.47,22,17,5,0.28,0.22,,
1313,Jacopo Grossi,it ITA,MF,Genoa,it Serie A,18,2006,1,22,22,0.6,0.2,0,,0,1,22,6,0,0,0,0,0,0.26,,
1314,Brajan Gruda,de GER,MFFW,RB Leipzig,de Bundesliga,21,2004,13,753,58,24.6,8.4,8,77,2,5,28,0,2,20,12,8,0.96,0.53,,
1315,Brajan Gruda,de GER,MF,Brighton,eng Premier League,21,2004,18,719,40,21,8,8,69,0,10,17,1,1.28,14,11,3,0.38,0.28,,
1316,Ilia Gruev,bg BUL,MF,Leeds United,eng Premier League,25,2000,23,1323,58,38.7,14.7,15,79,6,8,17,10,1.52,17,22,-5,-0.34,-0.25,,
1317,Marco Grüll,at AUT,MFFW,Werder Bremen,de Bundesliga,27,1998,33,2006,61,65.6,22.3,23,77,6,10,24,0,0.94,21,38,-17,-0.76,-0.25,,
1318,Albert Grønbaek,dk DEN,MF,Hamburger SV,de Bundesliga,24,2001,7,492,70,16.1,5.5,6,78,2,1,24,1,1.14,8,11,-3,-0.55,-0.16,,
1319,Albert Grønbaek,dk DEN,MF,Genoa,it Serie A,24,2001,4,103,26,3,1.1,1,59,0,3,15,10,1.25,2,0,2,1.75,2.07,,
1320,Vicente Guaita,es ESP,GK,Parma,it Serie A,38,1987,0,,,,,0,,0,0,,8,,,,,,,,
1321,Nemanja Gudelj,rs SRB,DFMF,Sevilla,es La Liga,33,1991,34,2348,69,68.7,26.1,26,85,19,8,19,3,1.18,33,41,-8,-0.31,0.2,,
1322,Gabriel Gudmundsson,se SWE,DFMF,Leeds United,eng Premier League,26,1999,32,2631,82,76.9,29.2,31,84,21,1,22,0,1.19,40,45,-5,-0.17,0.06,,
1323,Gonçalo Guedes,pt POR,MF,Real Sociedad,es La Liga,28,1996,32,1823,57,53.3,20.3,22,72,5,10,25,0,1.31,32,26,6,0.3,0.75,,
1324,Marc Guéhi,eng ENG,DF,Crystal Palace,eng Premier League,25,2000,20,1800,90,52.6,20,20,90,20,0,,0,1.35,22,23,-1,-0.05,0.45,,
1325,Marc Guéhi,eng ENG,DF,Manchester City,eng Premier League,25,2000,15,1350,90,39.5,15,15,90,15,0,,0,2.33,31,12,19,1.27,0.27,,
1326,Mattéo Guendouzi,fr FRA,MF,Lazio,it Serie A,26,1999,16,1428,89,41.8,15.9,16,89,14,0,,0,1.25,13,12,1,0.06,0.06,,
1327,Javier Guerra,es ESP,MFFW,Valencia,es La Liga,22,2003,36,2061,57,60.3,22.9,25,75,6,11,18,2,1.36,30,31,-1,-0.04,0.49,,
1328,Raphaël Guerreiro,pt POR,MF,Bayern Munich,de Bundesliga,31,1993,18,784,44,25.6,8.7,8,69,1,10,24,11,3,31,7,24,2.76,0.3,,
1329,Daniel Guerrero,es ESP,MF,Real Betis,es La Liga,20,2005,1,1,1,0,0,0,,0,1,1,4,1,0,0,0,0,-0.29,,
1330,Ismaël Guerti,fr FRA,FW,Metz,fr Ligue 1,21,2004,3,27,9,0.9,0.3,0,,0,3,9,7,1,3,4,-1,-3.33,-2.06,,
1331,Evann Guessand,ci CIV,MF,Crystal Palace,eng Premier League,24,2001,8,330,41,9.6,3.7,3,71,1,5,23,0,1.38,8,5,3,0.82,1.2,,
1332,Evann Guessand,ci CIV,MF,Aston Villa,eng Premier League,24,2001,13,588,45,17.2,6.5,6,67,0,7,27,5,1.77,9,10,-1,-0.15,-0.41,,
1333,Ander Guevara,es ESP,MF,Alavés,es La Liga,28,1997,25,654,26,19.1,7.3,2,83,1,23,21,12,1,15,14,1,0.14,0.56,,
1334,Idrissa Gueye,sn SEN,MF,Everton,eng Premier League,35,1989,25,2093,84,61.2,23.3,25,84,16,0,,0,1.32,26,26,0,0,0.2,,
1335,Idrissa Guèye,sn SEN,FW,Udinese,it Serie A,18,2006,19,421,22,12.3,4.7,1,81,0,18,19,16,0.95,3,6,-3,-0.64,-0.64,,
1336,Idrissa Guèye,sn SEN,FW,Metz,fr Ligue 1,18,2006,3,132,44,4.3,1.5,1,89,0,2,22,0,0,2,5,-3,-2.05,-0.79,,
1337,Lamine Gueye,sn SEN,MF,Paris FC,fr Ligue 1,27,1998,0,,,,,0,,0,0,,1,,,,,,,,
1338,Lamine Gueye,sn SEN,FW,Oviedo,es La Liga,20,2004,0,,,,,0,,0,0,,7,,,,,,,,
1339,Pape Gueye,sn SEN,MF,Villarreal,es La Liga,26,1999,30,2131,71,62.3,23.7,26,79,10,4,23,3,1.87,47,28,19,0.8,0.31,,
1340,Morgan Guilavogui,gn GUI,MF,Lens,fr Ligue 1,27,1998,16,491,31,16,5.5,3,75,1,13,21,0,2.31,9,5,4,0.73,-0.21,,
1341,Frederic Guilbert,fr FRA,DFMF,Nantes,fr Ligue 1,30,1994,8,607,76,20.4,6.7,7,84,3,1,16,3,0.75,5,6,-1,-0.15,0.69,,
1342,Nicolás Guilén Peguero,es ESP,MF,Sevilla,es La Liga,17,2008,0,,,,,0,,0,0,,2,,,,,,,,
1343,Luis Guilherme,br BRA,FW,West Ham,eng Premier League,19,2006,5,125,25,3.7,1.4,1,45,0,4,20,3,0.4,2,2,0,0,0.52,,
1344,Bruno Guimarães,br BRA,MF,Newcastle,eng Premier League,27,1997,29,2453,85,71.7,27.3,27,88,19,2,37,1,1.45,43,36,7,0.26,1.09,,
1345,Daouda Guindo,ml MLI,DF,Brest,fr Ligue 1,22,2002,25,1686,67,55.1,18.7,19,83,12,6,19,4,1.2,22,26,-4,-0.21,0.31,,
1346,Bahereba Guirassy,fr FRA,FWMF,Nantes,fr Ligue 1,18,2006,20,821,41,27.6,9.1,9,65,0,11,21,8,0.85,9,11,-2,-0.22,0.66,,
1347,Serhou Guirassy,gn GUI,FW,Dortmund,de Bundesliga,29,1996,33,2337,71,76.4,26,27,81,9,6,24,1,2.12,52,22,30,1.16,0.41,,
1348,Marc Guiu,es ESP,FW,Sunderland,eng Premier League,19,2006,2,15,8,0.4,0.2,0,,0,2,8,1,1.5,1,1,0,0,0.16,,
1349,Marc Guiu,es ESP,FW,Chelsea,eng Premier League,19,2006,8,257,32,7.5,2.9,1,75,0,7,26,17,1.63,6,2,4,1.4,1.34,,
1350,Tommaso Guizzo,,GK,Pisa,it Serie A,,,0,,,,,0,,0,0,,6,,,,,,,,
1351,Péter Gulácsi,hu HUN,GK,RB Leipzig,de Bundesliga,35,1990,23,2008,87,65.6,22.3,23,87,22,0,,6,1.74,41,32,9,0.4,-0.45,,
1352,Arda Güler,tr TUR,MF,Real Madrid,es La Liga,20,2005,33,2014,61,58.9,22.4,25,72,3,8,27,0,2.3,43,21,22,0.98,-0.3,,
1353,Gerard Gumbau,es ESP,MF,Rayo Vallecano,es La Liga,30,1994,28,1175,42,34.4,13.1,14,69,3,14,15,10,1.21,17,21,-4,-0.31,-0.35,,
1354,İlkay Gündoğan,de GER,MF,Manchester City,eng Premier League,34,1990,0,,,,,0,,0,0,,2,,,,,,,,
1355,Angus Gunn,sct SCO,GK,Nottingham,eng Premier League,29,1996,1,45,45,1.3,0.5,0,,0,1,45,13,1,0,0,0,0,0.08,,
1356,Christian Günter,de GER,DF,Freiburg,de Bundesliga,32,1993,24,1547,64,50.6,17.2,18,80,9,6,17,10,1.33,21,31,-10,-0.58,-0.82,,
1357,Jon Guridi,es ESP,MFFW,Alavés,es La Liga,30,1995,28,1238,44,36.2,13.8,15,66,1,13,19,9,1.11,15,25,-10,-0.73,-0.64,,
1358,Régis Gurtner,fr FRA,GK,Lens,fr Ligue 1,38,1986,0,,,,,0,,0,0,,17,,,,,,,,
1359,Gorka Guruzeta,es ESP,FW,Athletic Club,es La Liga,28,1996,35,2363,68,69.1,26.3,28,77,13,7,29,2,1.2,31,37,-6,-0.23,0.54,,
1360,Malo Gusto,fr FRA,DFMF,Chelsea,eng Premier League,22,2003,34,2261,67,66.1,25.1,26,80,10,8,24,1,1.32,42,35,7,0.28,0.36,,
1361,Linus Güther,de GER,MF,Union Berlin,de Bundesliga,15,2010,1,7,7,0.2,0.1,0,,0,1,7,0,0,0,0,0,0,0.41,,
1362,Miguel Gutiérrez,es ESP,MFDF,Napoli,it Serie A,24,2001,28,1488,53,43.5,16.5,15,82,9,13,20,6,1.89,24,18,6,0.36,-0.38,,
1363,Albert Guðmundsson,is ISL,FWMF,Fiorentina,it Serie A,28,1997,33,2250,68,65.8,25,27,78,9,6,26,2,1,29,28,1,0.04,0.81,,
1364,Joško Gvardiol,hr CRO,DF,Manchester City,eng Premier League,23,2002,18,1372,76,40.1,15.2,16,83,12,2,24,2,2.17,37,13,24,1.57,0.78,,
1365,Viktor Gyökeres,se SWE,FW,Arsenal,eng Premier League,27,1998,36,2224,62,65,24.7,26,76,10,10,26,0,2.25,51,14,37,1.5,0.97,,
1366,Erling Haaland,no NOR,FW,Manchester City,eng Premier League,25,2000,35,2953,84,86.3,32.8,34,86,26,1,18,1,2.06,69,32,37,1.13,0.16,,
1367,Janik Haberer,de GER,MF,Union Berlin,de Bundesliga,31,1994,28,1646,59,53.8,18.3,20,74,7,8,22,4,1,17,39,-22,-1.2,-1.71,,
1368,Robin Hack,de GER,MF,Gladbach,de Bundesliga,26,1998,8,320,40,10.5,3.6,3,80,2,5,16,2,1.38,3,4,-1,-0.28,0.05,,
1369,Amadou Haidara,ml MLI,MF,RB Leipzig,de Bundesliga,27,1998,0,,,,,0,,0,0,,5,,,,,,,,
1370,Amadou Haidara,ml MLI,MF,Lens,fr Ligue 1,27,1998,7,259,37,8.5,2.9,2,62,0,5,27,7,1.86,5,1,4,1.39,0.52,,
1371,Albian Hajdari,xk KVX,DF,Hoffenheim,de Bundesliga,22,2003,30,2434,81,79.5,27,28,85,20,2,32,1,1.77,52,37,15,0.55,0.84,,
1372,Achraf Hakimi,ma MAR,DF,PSG,fr Ligue 1,26,1998,18,1375,76,44.9,15.3,15,84,12,3,39,1,2.22,32,15,17,1.11,-0.38,,
1373,Lewis Hall,eng ENG,DF,Newcastle,eng Premier League,20,2004,30,2181,73,63.8,24.2,24,86,19,6,19,4,1.3,34,39,-5,-0.21,-0.42,,
1374,Adil Hamdani,fr FRA,MF,Lyon,fr Ligue 1,16,2009,4,27,7,0.9,0.3,0,,0,4,7,5,1.5,1,0,1,3.33,2.98,,
1375,Pierre-Yves Hamel,fr FRA,FW,Paris FC,fr Ligue 1,31,1994,2,78,39,2.5,0.9,1,70,0,1,8,1,0,0,2,-2,-2.31,-2.28,,
1376,Hilan Hamzaoui,fr FRA,DF,Marseille,fr Ligue 1,19,2006,1,3,3,0.1,0,0,,0,1,3,4,0,0,0,0,0,-0.53,,
1377,Andreas Hanche-Olsen,no NOR,DF,Mainz 05,de Bundesliga,28,1997,13,851,65,27.8,9.5,8,83,5,5,38,2,0.54,9,13,-4,-0.42,-0.22,,
1378,Dávid Hancko,sk SVK,DF,Atlético Madrid,es La Liga,27,1997,30,2432,81,71.1,27,27,87,24,3,25,4,1.9,48,31,17,0.63,0.54,,
1379,Florent Hanin,dz ALG,DFMF,Angers,fr Ligue 1,35,1990,25,865,35,28.3,9.6,9,72,1,16,14,9,0.96,9,14,-5,-0.52,0.05,,
1380,Isak Hansen-Aarøen,no NOR,MF,Werder Bremen,de Bundesliga,20,2004,1,2,2,0.1,0,0,,0,1,2,6,0,0,0,0,0,0.68,,
1381,Ukko Happonen,fi FIN,GK,Bologna,it Serie A,18,2007,0,,,,,0,,0,0,,3,,,,,,,,
1382,Taichi Hara,jp JPN,FW,St Pauli,de Bundesliga,26,1999,4,27,7,0.9,0.3,0,,0,4,7,10,0.75,0,1,-1,-3.33,-2.44,,
1383,Hákon Haraldsson,is ISL,MF,Lille,fr Ligue 1,22,2003,32,2460,77,80.4,27.3,29,83,9,3,22,0,1.81,42,26,16,0.59,0.74,,
1384,Conrad Harder,dk DEN,FW,RB Leipzig,de Bundesliga,20,2005,29,932,32,30.5,10.4,8,77,3,21,15,2,1.83,18,22,-4,-0.39,-1.36,,
1385,Amine Harit,ma MAR,FWMF,Marseille,fr Ligue 1,28,1997,0,,,,,0,,0,0,,2,,,,,,,,
1386,Jack Harrison,eng ENG,FWMF,Fiorentina,it Serie A,28,1996,15,981,65,28.7,10.9,10,81,6,5,34,2,1.6,13,10,3,0.28,0.72,,
1387,Jack Harrison,eng ENG,FW,Leeds United,eng Premier League,28,1996,11,269,24,7.9,3,1,65,0,10,20,9,1.09,1,5,-4,-1.34,-1.25,,
1388,Abdou Harroui,nl NED,MF,Hellas Verona,it Serie A,27,1998,23,907,39,26.5,10.1,11,66,0,12,15,11,0.57,7,21,-14,-1.39,-0.6,,
1389,Quilindschy Hartman,nl NED,DF,Burnley,eng Premier League,23,2001,21,1825,87,53.4,20.3,21,87,16,0,,9,0.52,18,40,-22,-1.08,-0.24,,
1390,Luis Hasa,al ALB,MF,Napoli,it Serie A,21,2004,0,,,,,0,,0,0,,2,,,,,,,,
1391,Haissem Hassan,eg EGY,MFFW,Oviedo,es La Liga,23,2002,37,1942,52,56.8,21.6,20,71,3,17,30,1,0.76,11,33,-22,-1.02,-0.29,,
1392,Hans Hateboer,nl NED,DFMF,Rennes,fr Ligue 1,31,1994,1,22,22,0.7,0.2,0,,0,1,22,3,1,0,1,-1,-4.09,-4.39,,
1393,Hans Hateboer,nl NED,DFMF,Lyon,fr Ligue 1,31,1994,15,740,49,24.2,8.2,8,74,3,7,21,7,1.87,12,9,3,0.36,-0.02,,
1394,Jorrel Hato,nl NED,DF,Chelsea,eng Premier League,19,2006,22,1148,52,33.6,12.8,12,77,7,10,23,13,1.32,13,27,-14,-1.1,-1.89,,
1395,Kjetil Haug,no NOR,GK,Toulouse,fr Ligue 1,27,1998,1,31,31,1,0.3,0,,0,1,31,32,3,1,1,0,0,-0.03,,
1396,Kai Havertz,de GER,FWMF,Arsenal,eng Premier League,26,1999,12,581,48,17,6.5,7,62,1,5,29,2,2.5,10,4,6,0.93,-0.28,,
1397,Tom Heaton,eng ENG,GK,Manchester Utd,eng Premier League,39,1986,0,,,,,0,,0,0,,4,,,,,,,,
1398,Ayden Heaven,eng ENG,DF,Manchester Utd,eng Premier League,18,2006,17,924,54,27,10.3,11,80,7,6,8,21,2,20,15,5,0.49,-0.02,,
1399,Jan Paul van Hecke,nl NED,DF,Brighton,eng Premier League,25,2000,36,3210,89,93.9,35.7,36,89,35,0,,0,1.44,52,44,8,0.22,1.08,,
1400,Hwang Hee-chan,kr KOR,FWMF,Wolves,eng Premier League,29,1996,26,1446,56,42.3,16.1,18,73,1,8,17,7,0.38,10,29,-19,-1.18,-0.18,,
1401,Torbjørn Heggem,no NOR,DF,Bologna,it Serie A,26,1999,27,2113,78,61.8,23.5,23,88,20,4,22,6,1.3,31,31,0,0,-0.21,,
1402,Gauthier Hein,fr FRA,MFFW,Metz,fr Ligue 1,28,1996,29,2351,81,76.8,26.1,26,87,19,3,29,0,0.45,28,62,-34,-1.3,-0.03,,
1403,Dominique Heintz,de GER,DF,Köln,de Bundesliga,31,1993,9,382,42,12.5,4.2,5,63,1,4,17,8,0.89,7,6,1,0.24,0.74,,
1404,Mats Heitmann,de GER,DF,Werder Bremen,de Bundesliga,19,2006,0,,,,,0,,0,0,,1,,,,,,,,
1405,Eivind Helland,no NOR,DF,Bologna,it Serie A,20,2005,6,484,81,14.2,5.4,6,81,2,0,,10,1.33,6,8,-2,-0.37,-0.53,,
1406,George Hemmings,eng ENG,MF,Aston Villa,eng Premier League,18,2007,2,27,14,0.8,0.3,0,,0,2,14,10,0,1,0,1,3.33,3.17,,
1407,Dean Henderson,eng ENG,GK,Crystal Palace,eng Premier League,28,1997,37,3330,90,97.4,37,37,90,37,0,,0,1.19,41,51,-10,-0.27,-0.27,,
1408,Jordan Henderson,eng ENG,MF,Brentford,eng Premier League,35,1990,32,1919,60,56.1,21.3,22,79,10,10,18,1,1.41,28,28,0,0,-0.18,,
1409,Ramon Hendriks,nl NED,DF,Stuttgart,de Bundesliga,24,2001,31,2025,65,66.2,22.5,22,86,17,9,14,2,1.77,50,38,12,0.53,-0.34,,
1410,Benjamin Henrichs,de GER,DF,RB Leipzig,de Bundesliga,28,1997,17,305,18,10,3.4,3,62,0,14,8,1,1.94,7,8,-1,-0.3,-0.95,,
1411,Caio Henrique,br BRA,DFMF,Monaco,fr Ligue 1,28,1997,22,1536,70,50.2,17.1,17,85,14,5,19,2,1.55,24,24,0,0,-0.35,,
1412,Luis Henrique,br BRA,MF,Inter,it Serie A,23,2001,30,1624,54,47.5,18,18,75,8,12,23,7,2.47,35,14,21,1.16,-0.49,,
1413,Rico Henry,jm JAM,DF,Brentford,eng Premier League,28,1997,25,1328,53,38.8,14.8,14,80,6,11,19,4,1.64,28,22,6,0.41,0.54,,
1414,Pharell Hensel,de GER,MF,Wolfsburg,de Bundesliga,18,2007,5,69,14,2.3,0.8,1,61,0,4,2,10,1.4,0,4,-4,-5.22,-4.62,,
1415,Hannes Hermann,de GER,GK,Hamburger SV,de Bundesliga,20,2005,0,,,,,0,,0,0,,3,,,,,,,,
1416,Mads Hermansen,dk DEN,GK,West Ham,eng Premier League,25,2000,18,1620,90,47.4,18,18,90,18,0,,20,1.22,21,28,-7,-0.39,0.21,,
1417,Mario Hermoso,es ESP,DF,Roma,it Serie A,30,1995,27,2085,77,61,23.2,25,80,14,2,39,2,1.93,32,17,15,0.65,-0.23,,
1418,Izei Hernandez,es ESP,FW,Alavés,es La Liga,18,2007,0,,,,,0,,0,0,,2,,,,,,,,
1419,Javier Hernández,es ESP,MF,Espanyol,es La Liga,21,2004,0,,,,,0,,0,0,,12,,,,,,,,
1420,Juan Hernández,es ESP,FW,Barcelona,es La Liga,18,2007,0,,,,,0,,0,0,,2,,,,,,,,
1421,Lucas Hernández,fr FRA,DF,PSG,fr Ligue 1,29,1996,25,1747,70,57.1,19.4,20,83,15,5,18,9,2.52,43,13,30,1.55,0.52,,
1422,Hernani,br BRA,MF,Parma,it Serie A,31,1994,4,73,18,2.1,0.8,0,,0,4,18,8,0.5,0,2,-2,-2.47,-2.04,,
1423,Alex Herráiz,,MF,Elche,es La Liga,,,0,,,,,0,,0,0,,2,,,,,,,,
1424,Jorge Herrando,es ESP,DF,Osasuna,es La Liga,24,2001,28,1600,57,46.8,17.8,17,79,9,11,23,10,1.18,17,26,-9,-0.51,-0.65,,
1425,Sergio Herrera,es ESP,GK,Osasuna,es La Liga,32,1993,37,3284,89,96,36.5,37,89,36,0,,0,1.14,43,47,-4,-0.11,1.21,,
1426,Yangel Herrera,ve VEN,MF,Girona,es La Liga,27,1998,2,110,55,3.2,1.2,2,55,0,0,,0,0,1,7,-6,-4.91,-4.64,,
1427,Yangel Herrera,ve VEN,MF,Real Sociedad,es La Liga,27,1998,12,526,44,15.4,5.8,6,69,2,6,19,4,1.42,11,16,-5,-0.86,-0.95,,
1428,Finlay Herrick,eng ENG,GK,West Ham,eng Premier League,19,2006,0,,,,,0,,0,0,,1,,,,,,,,
1429,Charles Herrmann,de GER,FW,Gladbach,de Bundesliga,19,2006,1,5,5,0.2,0.1,0,,0,1,5,5,1,1,0,1,18,18.35,,
1430,Reigan Heskey,eng ENG,FW,Manchester City,eng Premier League,17,2008,0,,,,,0,,0,0,,5,,,,,,,,
1431,Daniel Heuer Fernandes,pt POR,GK,Hamburger SV,de Bundesliga,32,1992,33,2970,90,97.1,33,33,90,33,0,,1,1.12,39,53,-14,-0.42,-0.42,,
1432,Aaron Hickey,sct SCO,DFMF,Brentford,eng Premier League,23,2002,21,691,33,20.2,7.7,8,68,1,13,11,8,1.48,9,9,0,0,-0.1,,
1433,Santiago Hidalgo,ar ARG,MFFW,Toulouse,fr Ligue 1,20,2005,28,1306,47,44,14.5,14,74,3,14,20,4,1.45,28,15,13,0.9,1.54,,
1434,Isak Hien,se SWE,DF,Atalanta,it Serie A,26,1999,28,1970,70,57.6,21.9,20,87,18,8,30,4,1.57,28,24,4,0.18,-0.5,,
1435,Asier Hierro,es ESP,FW,Athletic Club,es La Liga,20,2005,1,34,34,1,0.4,0,,0,1,34,2,0,0,0,0,0,0.4,,
1436,Omar El Hilali,ma MAR,DF,Espanyol,es La Liga,21,2003,36,2826,79,82.6,31.4,32,87,26,4,13,1,1.28,34,46,-12,-0.38,-0.38,,
1437,James Hill,eng ENG,DF,Bournemouth,eng Premier League,23,2002,29,2106,73,61.6,23.4,22,88,20,7,23,5,1.76,34,24,10,0.43,0.84,,
1438,Rémi Himbert,fr FRA,FW,Lyon,fr Ligue 1,17,2008,6,131,22,4.3,1.5,1,81,0,5,10,2,1.67,1,3,-2,-1.37,-1.83,,
1439,Piero Hincapié,ec ECU,DF,Arsenal,eng Premier League,23,2002,25,1792,72,52.4,19.9,20,85,15,5,18,5,2.32,41,19,22,1.1,-0.11,,
1440,Piero Hincapié,ec ECU,DF,Leverkusen,de Bundesliga,23,2002,1,90,90,2.9,1,1,90,1,0,,1,0,1,2,-1,-1,-1.67,,
1441,Roger Hinojo,es ESP,DF,Espanyol,es La Liga,20,2005,0,,,,,0,,0,0,,2,,,,,,,,
1442,Jack Hinshelwood,eng ENG,MF,Brighton,eng Premier League,20,2005,27,1741,64,50.9,19.3,20,76,4,7,32,2,1.33,23,23,0,0,-0.32,,
1443,Adam Hložek,cz CZE,FWMF,Hoffenheim,de Bundesliga,23,2002,5,41,8,1.3,0.5,0,,0,5,8,1,1.4,0,3,-3,-6.59,-7.06,,
1444,Ki-Jana Hoever,nl NED,MFDF,Wolves,eng Premier League,23,2002,8,425,53,12.4,4.7,6,65,0,2,17,9,0,3,13,-10,-2.12,-1.19,,
1445,Nicolas Höfler,de GER,MF,Freiburg,de Bundesliga,35,1990,13,291,22,9.5,3.2,2,71,0,11,14,17,1.54,8,10,-2,-0.62,-0.49,,
1446,Jonas Hofmann,de GER,MF,Leverkusen,de Bundesliga,33,1992,23,1013,44,33.1,11.3,11,72,3,12,19,8,1.65,21,10,11,0.98,0.54,,
1447,Malthe Hojholt,dk DEN,MF,Pisa,it Serie A,24,2001,17,850,50,24.9,9.4,9,68,2,8,30,21,0.53,7,23,-16,-1.69,-0.68,,
1448,Lucas Höler,de GER,FWMF,Freiburg,de Bundesliga,31,1994,33,2037,62,66.6,22.6,25,78,10,8,12,1,1.33,28,43,-15,-0.66,-1.45,,
1449,Benedict Hollerbach,de GER,FWMF,Mainz 05,de Bundesliga,24,2001,14,872,62,28.5,9.7,13,66,0,1,14,0,0.79,12,15,-3,-0.31,-0.06,,
1450,Ronnie Hollingshead,wls WAL,GK,Aston Villa,eng Premier League,20,2004,0,,,,,0,,0,0,,1,,,,,,,,
1451,Emil Holm,se SWE,DF,Bologna,it Serie A,25,2000,11,655,60,19.2,7.3,8,78,2,3,11,5,1.36,14,9,5,0.69,0.75,,
1452,Emil Holm,se SWE,MF,Juventus,it Serie A,25,2000,7,230,33,6.7,2.6,2,58,0,5,23,3,2,3,3,0,0,-0.76,,
1453,Franck Honorat,fr FRA,MFFW,Gladbach,de Bundesliga,28,1996,28,1977,71,64.6,22,24,78,8,4,29,0,1.18,24,32,-8,-0.36,-0.11,,
1454,Mathias Honsak,at AUT,MFFW,Heidenheim,de Bundesliga,28,1996,27,1249,46,40.8,13.9,15,67,1,12,20,2,0.63,11,30,-19,-1.37,-0.77,,
1455,Ali Houary,ma MAR,MF,Elche,es La Liga,19,2005,2,123,62,3.6,1.4,2,62,0,0,,8,1,1,2,-1,-0.73,-0.54,,
1456,Andreas Hountondji,bj BEN,FW,St Pauli,de Bundesliga,23,2002,21,1067,51,34.9,11.9,15,60,0,6,28,0,0.48,8,23,-15,-1.27,-0.54,,
1457,Harry Howell,eng ENG,MF,Brighton,eng Premier League,17,2008,3,94,31,2.7,1,1,70,0,2,12,4,0,0,2,-2,-1.91,-2.13,,
1458,Lukáš Hrádecký,fi FIN,GK,Monaco,fr Ligue 1,35,1989,17,1439,85,47,16,17,85,15,0,,0,1.35,24,27,-3,-0.19,-0.69,,
1459,Robin Hranáč,cz CZE,DF,Hoffenheim,de Bundesliga,25,2000,29,2251,78,73.6,25,26,85,21,3,18,3,1.97,51,35,16,0.64,0.97,,
1460,Timo Hübers,de GER,DF,Köln,de Bundesliga,29,1996,8,675,84,22.1,7.5,8,84,7,0,,0,1.38,9,10,-1,-0.13,0.36,,
1461,Callum Hudson-Odoi,eng ENG,MF,Nottingham,eng Premier League,24,2000,30,1841,61,53.8,20.5,21,75,4,9,31,0,1,21,26,-5,-0.24,-0.36,,
1462,Will Hughes,eng ENG,MF,Crystal Palace,eng Premier League,30,1995,31,1571,51,45.9,17.5,19,73,8,12,16,6,1.26,11,18,-7,-0.4,-0.25,,
1463,Dean Huijsen,es ESP,DF,Real Madrid,es La Liga,20,2005,28,2034,73,59.5,22.6,24,81,16,4,24,1,2.39,49,18,31,1.37,0.66,,
1464,Raffaele Huli,al ALB,GK,Juventus,it Serie A,17,2008,0,,,,,0,,0,0,,1,,,,,,,,
1465,Trai Hume,nir NIR,DFMF,Sunderland,eng Premier League,23,2002,38,3036,80,88.8,33.7,34,87,26,4,22,0,1.42,34,42,-8,-0.24,-0.71,,
1466,Bashir Humphreys,eng ENG,DFMF,Burnley,eng Premier League,22,2003,20,1578,79,46.1,17.5,17,88,13,3,29,6,0.5,15,33,-18,-1.03,-0.1,,
1467,Denis Huseinbasic,ba BIH,MF,Köln,de Bundesliga,24,2001,15,726,48,23.7,8.1,9,68,2,6,19,11,0.87,12,14,-2,-0.25,0.21,,
1468,Omari Hutchinson,eng ENG,MF,Nottingham,eng Premier League,21,2003,31,1688,54,49.4,18.8,17,78,8,14,26,5,1.19,25,24,1,0.05,0.26,,
1469,Jannik Huth,de GER,GK,Freiburg,de Bundesliga,31,1994,0,,,,,0,,0,0,,1,,,,,,,,
1470,Kwon Hyeokkyu,kr KOR,MF,Nantes,fr Ligue 1,24,2001,12,753,63,25.4,8.4,9,77,2,3,20,4,0.83,6,14,-8,-0.96,-0.35,,
1471,Elseid Hysaj,al ALB,DF,Lazio,it Serie A,31,1994,5,174,35,5.1,1.9,1,90,1,4,21,25,2.2,5,4,1,0.52,0.52,,
1472,Hong Hyunseok,kr KOR,MF,Nantes,fr Ligue 1,26,1999,6,284,47,9.6,3.2,3,71,0,3,23,6,0.83,1,3,-2,-0.63,0.07,,
1473,Lucas Høgsberg,dk DEN,DF,Strasbourg,fr Ligue 1,19,2006,24,1792,75,58.6,19.9,21,83,12,3,16,7,1.5,28,31,-3,-0.15,-1.14,,
1474,Pierre Højbjerg,dk DEN,MF,Marseille,fr Ligue 1,29,1995,32,2712,85,88.6,30.1,30,89,25,2,24,0,1.75,54,40,14,0.46,-0.57,,
1475,Oscar Højlund,dk DEN,MF,Frankfurt,de Bundesliga,20,2005,24,1089,45,35.6,12.1,12,71,0,12,20,4,1.21,15,23,-8,-0.66,-0.84,,
1476,Rasmus Højlund,dk DEN,FW,Napoli,it Serie A,22,2003,33,2750,83,80.4,30.6,32,85,19,1,30,0,1.94,50,31,19,0.62,0.22,,
1477,Edoardo Iannoni,it ITA,MF,Sassuolo,it Serie A,24,2001,15,260,17,7.6,2.9,1,76,0,14,13,22,1.53,1,6,-5,-1.73,-1.76,,
1478,Pablo Ibáñez,es ESP,MF,Alavés,es La Liga,26,1998,37,2236,60,65.4,24.8,28,71,6,9,27,0,1.16,22,33,-11,-0.44,-0.37,,
1479,Arijon Ibrahimović,de GER,MFFW,Heidenheim,de Bundesliga,19,2005,32,2169,68,70.9,24.1,25,78,10,7,30,0,0.78,29,49,-20,-0.83,0.28,,
1480,Riyad Idrissi,it ITA,MFDF,Cagliari,it Serie A,20,2005,23,783,34,22.9,8.7,4,90,4,19,22,5,0.96,14,15,-1,-0.11,0.29,,
1481,Stanis Idumbo,be BEL,MF,Sevilla,es La Liga,20,2005,1,45,45,1.3,0.5,1,45,0,0,,0,0,0,2,-2,-4,-3.68,,
1482,Stanis Idumbo,be BEL,MF,Monaco,fr Ligue 1,20,2005,8,171,21,5.6,1.9,0,,0,8,21,12,1,6,5,1,0.53,0.37,,
1483,Jay Idzes,id IDN,DF,Sassuolo,it Serie A,25,2000,35,3061,87,89.5,34,35,87,32,0,,1,1.4,42,42,0,0,1,,
1484,Hamza Igamane,ma MAR,FW,Lille,fr Ligue 1,22,2002,13,432,33,14.1,4.8,4,55,0,9,23,0,1.92,17,3,14,2.92,2.88,,
1485,Iglesias,es ESP,DF,Getafe,es La Liga,27,1998,37,3185,86,93.1,35.4,36,88,31,1,24,1,1.38,28,34,-6,-0.17,-0.17,,
1486,Borja Iglesias,es ESP,FW,Celta Vigo,es La Liga,32,1993,35,1900,54,55.6,21.1,21,75,4,14,24,1,1.34,32,26,6,0.28,0.34,,
1487,Igor,br BRA,DF,West Ham,eng Premier League,27,1998,4,105,26,3.1,1.2,1,90,1,3,5,9,2,4,3,1,0.86,1.4,,
1488,Igor,br BRA,DF,Brighton,eng Premier League,27,1998,0,,,,,0,,0,0,,6,,,,,,,,
1489,Jonathan Ikone,fr FRA,MFFW,Paris FC,fr Ligue 1,27,1998,23,1100,48,35.9,12.2,13,68,1,10,22,2,1.26,15,11,4,0.33,0.65,,
1490,George Ilenikhena,ng NGA,FW,Monaco,fr Ligue 1,18,2006,15,385,26,12.6,4.3,3,60,0,12,17,4,1.2,6,8,-2,-0.47,-0.74,,
1491,Andrej Ilic,rs SRB,FW,Union Berlin,de Bundesliga,25,2000,32,2257,71,73.8,25.1,24,84,17,8,29,0,1.19,37,46,-9,-0.36,0.2,,
1492,Ivan Ilić,rs SRB,MF,Torino,it Serie A,24,2001,8,416,52,12.2,4.6,5,67,1,3,28,17,1.63,3,5,-2,-0.43,0.08,,
1493,Luka Ilić,rs SRB,MFFW,Oviedo,es La Liga,26,1999,19,742,39,21.7,8.2,8,68,1,11,18,11,0.68,6,16,-10,-1.21,-0.41,,
1494,Samuel Iling-Junior,eng ENG,MF,Pisa,it Serie A,21,2003,5,110,22,3.2,1.2,1,45,0,4,16,7,0,1,4,-3,-2.45,-1.31,,
1495,Samuel Iling-Junior,eng ENG,MF,Aston Villa,eng Premier League,21,2003,0,,,,,0,,0,0,,1,,,,,,,,
1496,Emirhan İlkhan,tr TUR,MF,Torino,it Serie A,21,2004,19,1001,53,29.3,11.1,13,67,1,6,22,18,0.95,13,25,-12,-1.08,-0.82,,
1497,Ciro Immobile,it ITA,FW,Paris FC,fr Ligue 1,35,1990,12,705,59,23,7.8,9,73,0,3,17,0,1.58,11,10,1,0.13,0.28,,
1498,Ciro Immobile,it ITA,FW,Bologna,it Serie A,35,1990,6,193,32,5.6,2.1,2,51,0,4,23,4,0.83,2,3,-1,-0.47,-0.58,,
1499,Danny Imray,eng ENG,DFMF,Crystal Palace,eng Premier League,22,2003,0,,,,,0,,0,0,,2,,,,,,,,
1500,Samuele Inácio,it ITA,MF,Dortmund,de Bundesliga,17,2008,7,384,55,12.5,4.3,4,80,2,3,21,6,1.29,9,5,4,0.94,-0.14,,
1501,Cyriaque Irié,bf BFA,MF,Freiburg,de Bundesliga,20,2005,10,347,35,11.3,3.9,3,61,0,7,23,9,0.7,4,7,-3,-0.78,-0.68,,
1502,Tim Iroegbunam,eng ENG,MF,Everton,eng Premier League,22,2003,29,1487,51,43.5,16.5,17,79,6,12,12,6,1.31,19,18,1,0.06,0.25,,
1503,Jackson Irvine,au AUS,MF,St Pauli,de Bundesliga,32,1993,24,1624,68,53.1,18,18,85,11,6,16,2,0.79,16,24,-8,-0.44,1,,
1504,Andy Irving,sct SCO,MF,West Ham,eng Premier League,25,2000,7,158,23,4.6,1.8,2,62,0,5,7,8,0.71,3,4,-1,-0.57,-0.07,,
1505,Isaac,br BRA,FW,Hellas Verona,it Serie A,21,2004,3,40,13,1.2,0.4,0,,0,3,13,16,0,0,0,0,0,0.96,,
1506,Alexander Isak,se SWE,FW,Liverpool,eng Premier League,25,1999,14,699,50,20.4,7.8,8,74,0,6,17,2,1.71,7,9,-2,-0.26,-0.65,,
1507,Gustav Isaksen,dk DEN,FW,Lazio,it Serie A,24,2001,30,1593,53,46.6,17.7,18,71,0,12,26,4,1.27,15,19,-4,-0.23,-0.47,,
1508,Isco,es ESP,MF,Real Betis,es La Liga,33,1992,8,233,29,6.8,2.6,1,53,0,7,26,0,1.88,6,5,1,0.39,0.1,,
1509,Wilson Isidor,ht HAI,FW,Sunderland,eng Premier League,24,2000,32,1165,36,34.1,12.9,11,71,0,21,18,4,1.44,18,17,1,0.08,0.36,,
1510,Ardian Ismajli,al ALB,DF,Torino,it Serie A,28,1996,25,1906,76,55.7,21.2,21,85,17,4,29,0,1.4,28,28,0,0,1.13,,
1511,Franco Israel,uy URU,GK,Torino,it Serie A,25,2000,9,810,90,23.7,9,9,90,9,0,,25,0.89,9,18,-9,-1,-0.66,,
1512,Hiroki Ito,jp JPN,DF,Bayern Munich,de Bundesliga,26,1999,16,920,58,30.1,10.2,10,80,3,6,20,5,2.56,32,14,18,1.76,-1.1,,
1513,Alejandro Iturbe,es ESP,GK,Elche,es La Liga,21,2003,0,,,,,0,,0,0,,27,,,,,,,,
1514,Alex Iwobi,ng NGA,MF,Fulham,eng Premier League,29,1996,29,2419,83,70.7,26.9,29,83,12,0,,0,1.31,36,40,-4,-0.15,-0.15,,
1515,Ken Izekor,de GER,FW,Leverkusen,de Bundesliga,18,2007,0,,,,,0,,0,0,,1,,,,,,,,
1516,Urko Izeta,es ESP,FW,Athletic Club,es La Liga,25,1999,13,193,15,5.6,2.1,1,56,0,12,11,21,1.08,5,4,1,0.47,0.91,,
1517,Jairo Izquierdo,es ESP,DFFW,Elche,es La Liga,31,1993,1,24,24,0.7,0.3,0,,0,1,24,2,1,1,0,1,3.75,3.99,,
1518,Fellipe Jack,br BRA,DF,Como,it Serie A,19,2006,0,,,,,0,,0,0,,1,,,,,,,,
1519,Nicolas Jackson,sn SEN,FW,Bayern Munich,de Bundesliga,24,2001,23,1007,44,32.9,11.2,12,71,5,11,15,3,2.52,37,11,26,2.32,-0.31,,
1520,Jérémy Jacquet,fr FRA,DF,Rennes,fr Ligue 1,20,2005,19,1671,88,54.6,18.6,19,88,17,0,,0,1.42,27,29,-2,-0.11,-0.82,,
1521,Lee Jae-sung,kr KOR,MFFW,Mainz 05,de Bundesliga,32,1992,28,2185,78,71.4,24.3,26,82,8,2,22,0,1.18,26,39,-13,-0.54,-0.95,,
1522,Kristijan Jakić,hr CRO,MFDF,Augsburg,de Bundesliga,28,1997,26,1653,64,54,18.4,18,77,10,8,34,2,1.15,24,27,-3,-0.16,0.67,,
1523,Karl Jakob Hein,ee EST,GK,Werder Bremen,de Bundesliga,23,2002,2,180,90,5.9,2,2,90,2,0,,23,1.5,1,4,-3,-1.5,-0.87,,
1524,Daniel James,wls WAL,FWMF,Leeds United,eng Premier League,27,1997,19,559,29,16.3,6.2,6,61,0,13,15,4,1,0,16,-16,-2.58,-2.86,,
1525,Jordan James,wls WAL,MF,Rennes,fr Ligue 1,21,2004,0,,,,,0,,0,0,,1,,,,,,,,
1526,Martin James,fr FRA,GK,PSG,fr Ligue 1,17,2008,0,,,,,0,,0,0,,3,,,,,,,,
1527,Reece James,eng ENG,DFMF,Chelsea,eng Premier League,25,1999,29,1963,68,57.4,21.8,20,86,15,9,27,3,1.55,33,20,13,0.6,1.03,,
1528,Vitaly Janelt,de GER,MF,Brentford,eng Premier League,27,1998,25,1443,58,42.2,16,15,82,11,10,21,3,1.4,26,21,5,0.31,0.4,,
1529,Mathis Jangeal,fr FRA,FW,PSG,fr Ligue 1,17,2008,1,11,11,0.4,0.1,0,,0,1,11,1,3,0,0,0,0,-1.33,,
1530,Isak Jansson,se SWE,FWMF,Nice,fr Ligue 1,23,2002,22,644,29,21,7.2,7,57,0,15,16,4,0.73,5,12,-7,-0.98,-0.38,,
1531,Adnan Januzaj,be BEL,MFFW,Sevilla,es La Liga,30,1995,12,321,27,9.4,3.6,2,46,0,10,23,13,0.92,8,8,0,0,0.41,,
1532,Luca Jaquez,ch SUI,DF,Stuttgart,de Bundesliga,22,2003,14,898,64,29.3,10,10,82,6,4,19,4,1.79,16,13,3,0.3,-0.49,,
1533,Ardon Jashari,ch SUI,MF,Milan,it Serie A,23,2002,14,701,50,20.5,7.8,7,76,2,7,24,16,1.29,6,7,-1,-0.13,-0.76,,
1534,Bakery Jatta,gm GAM,MF,Hamburger SV,de Bundesliga,27,1998,15,911,61,29.8,10.1,12,71,2,3,20,1,1.33,16,12,4,0.4,1.15,,
1535,Noah Jauny,ie IRL,GK,Brest,fr Ligue 1,20,2004,0,,,,,0,,0,0,,11,,,,,,,,
1536,Mikel Jauregizar,es ESP,MF,Athletic Club,es La Liga,21,2003,36,2831,79,82.8,31.5,34,82,19,2,29,0,1.17,30,45,-15,-0.48,-0.48,,
1537,Gaby Jean,fr FRA,DF,Lecce,it Serie A,25,2000,7,197,28,5.8,2.2,1,90,1,6,18,15,1.86,1,1,0,0,0.61,,
1538,Romain Jean-Baptsiste,fr FRA,GK,Metz,fr Ligue 1,19,2006,0,,,,,0,,0,0,,3,,,,,,,,
1539,Finn Jeltsch,de GER,DF,Stuttgart,de Bundesliga,19,2006,23,1511,66,49.4,16.8,17,85,14,6,12,6,1.91,37,23,14,0.83,0.37,,
1540,Mathias Jensen,dk DEN,MF,Brentford,eng Premier League,29,1996,36,2247,62,65.7,25,26,81,13,10,13,2,1.47,35,33,2,0.08,0,,
1541,Oliver Jensen,dk DEN,MF,Parma,it Serie A,23,2002,34,1840,54,53.8,20.4,19,78,9,15,23,4,1.21,14,28,-14,-0.68,-0.46,,
1542,Moritz Jenz,de GER,DF,Wolfsburg,de Bundesliga,26,1999,22,1787,81,58.4,19.9,20,89,18,2,1,5,0.68,21,44,-23,-1.16,-1.09,,
1543,Gabriel Jesus,br BRA,FW,Arsenal,eng Premier League,28,1997,14,429,31,12.5,4.8,3,63,0,11,22,10,2.14,8,6,2,0.42,-0.84,,
1544,Igor Jesus,br BRA,FW,Nottingham,eng Premier League,24,2001,37,2298,62,67.2,25.5,28,74,5,9,24,0,1.19,35,37,-2,-0.08,0,,
1545,Juan Jesus,br BRA,DF,Napoli,it Serie A,34,1991,24,1675,70,49,18.6,19,83,13,5,21,10,2.21,27,18,9,0.48,-0.19,,
1546,Álex Jiménez,es ESP,DFMF,Bournemouth,eng Premier League,20,2005,31,2317,75,67.7,25.7,26,84,12,5,29,1,1.48,41,38,3,0.12,0.03,,
1547,Álex Jiménez,es ESP,DF,Milan,it Serie A,20,2005,1,45,45,1.3,0.5,0,,0,1,45,0,0,0,1,-1,-2,-2.51,,
1548,David Jiménez,es ESP,DF,Real Madrid,es La Liga,21,2004,2,76,38,2.2,0.8,1,75,0,1,1,6,3,1,0,1,1.18,0.08,,
1549,Raúl Jiménez,mx MEX,FW,Fulham,eng Premier League,34,1991,36,2189,61,64,24.3,27,75,10,9,17,0,1.44,34,29,5,0.21,0.86,,
1550,Jamaldeen Jimoh,eng ENG,MF,Aston Villa,eng Premier League,18,2006,1,9,9,0.3,0.1,0,,0,1,9,8,0,1,0,1,10,9.84,,
1551,Yahya Jlidi,tn TUN,FW,Angers,fr Ligue 1,16,2009,0,,,,,0,,0,0,,1,,,,,,,,
1552,João Pedro,br BRA,FWMF,Chelsea,eng Premier League,23,2001,35,2661,76,77.8,29.6,31,82,14,4,31,0,1.4,48,36,12,0.41,1.12,,
1553,Joelinton,br BRA,MF,Newcastle,eng Premier League,28,1996,27,1951,72,57,21.7,23,81,13,4,24,3,1.48,34,27,7,0.32,0.87,,
1554,Jofre,es ESP,MF,Espanyol,es La Liga,24,2001,26,930,36,27.2,10.3,9,62,0,17,22,12,1.08,12,21,-9,-0.87,-0.76,,
1555,Þórir Jóhann Helgason,is ISL,MF,Lecce,it Serie A,24,2000,8,147,18,4.3,1.6,1,45,0,7,15,28,0.25,0,3,-3,-1.84,-1.31,,
1556,Ísak Jóhannesson,is ISL,MF,Köln,de Bundesliga,22,2003,31,1809,58,59.1,20.1,21,76,8,10,22,1,0.97,25,39,-14,-0.7,-0.7,,
1557,John,br BRA,GK,Nottingham,eng Premier League,29,1996,5,437,87,12.8,4.9,5,87,4,0,,13,0.6,5,8,-3,-0.62,-0.62,,
1558,Dennis Johnsen,no NOR,MFFW,Cremonese,it Serie A,27,1998,11,390,35,11.4,4.3,5,57,0,6,17,10,0.36,3,7,-4,-0.92,-0.3,,
1559,Brennan Johnson,wls WAL,MFFW,Tottenham,eng Premier League,24,2001,16,610,38,17.8,6.8,6,77,1,10,15,2,1.38,13,5,8,1.18,1.72,,
1560,Brennan Johnson,wls WAL,MFFW,Crystal Palace,eng Premier League,24,2001,18,1112,62,32.5,12.4,13,76,4,5,24,1,1,7,19,-12,-0.97,-1.05,,
1561,Karl-Johan Johnsson,se SWE,GK,Strasbourg,fr Ligue 1,35,1990,1,90,90,2.9,1,1,90,1,0,,25,3,1,0,1,1,0.7,,
1562,Sam Johnstone,eng ENG,GK,Wolves,eng Premier League,32,1993,12,1080,90,31.6,12,12,90,12,0,,18,0.17,6,24,-18,-1.5,-0.62,,
1563,Curtis Jones,eng ENG,MFDF,Liverpool,eng Premier League,24,2001,34,1937,57,56.6,21.5,18,83,9,16,28,2,1.47,38,38,0,0,-0.61,,
1564,Harrison Jones,eng ENG,MF,Sunderland,eng Premier League,20,2004,0,,,,,0,,0,0,,15,,,,,,,,
1565,Jaydon Jones,eng ENG,MF,Sunderland,eng Premier League,18,2006,0,,,,,0,,0,0,,1,,,,,,,,
1566,Jenson Jones,eng ENG,DF,Sunderland,eng Premier League,24,2000,0,,,,,0,,0,0,,7,,,,,,,,
1567,Ricky-Jade Jones,eng ENG,FW,St Pauli,de Bundesliga,24,2001,9,351,39,11.5,3.9,3,65,0,6,26,2,0.78,4,6,-2,-0.51,0.45,,
1568,Frenkie de Jong,nl NED,MF,Barcelona,es La Liga,28,1997,25,1636,65,47.8,18.2,16,88,13,9,26,1,2.32,43,21,22,1.21,-0.66,,
1569,Joan Jordán,es ESP,MF,Sevilla,es La Liga,31,1994,3,25,8,0.7,0.3,0,,0,3,8,19,2,2,2,0,0,0.37,,
1570,Josan,es ESP,MFDF,Elche,es La Liga,35,1989,19,565,30,16.5,6.3,4,74,0,15,18,13,1.26,15,8,7,1.12,1.59,,
1571,Mateo Joseph,es ESP,MFFW,Mallorca,es La Liga,21,2003,29,1699,59,49.7,18.9,19,76,4,10,25,1,1.03,24,29,-5,-0.26,0,,
1572,Antoine Joujou,fr FRA,MF,Parma,it Serie A,22,2003,0,,,,,0,,0,0,,1,,,,,,,,
1573,Ilan Jourdren,fr FRA,GK,Lens,fr Ligue 1,17,2008,0,,,,,0,,0,0,,1,,,,,,,,
1574,Lazar Jovanović,rs SRB,FW,Stuttgart,de Bundesliga,18,2006,3,40,13,1.3,0.4,0,,0,3,13,4,1,2,1,1,2.25,1.62,,
1575,Juanmi,es ESP,FWMF,Getafe,es La Liga,32,1993,8,179,22,5.2,2,0,,0,8,22,8,0.13,2,4,-2,-1.01,-0.89,,
1576,Juanpe,es ESP,GK,Rayo Vallecano,es La Liga,24,2001,0,,,,,0,,0,0,,11,,,,,,,,
1577,Abdulai Juma Bah,sl SLE,DF,Nice,fr Ligue 1,19,2006,26,1958,75,64,21.8,22,86,20,4,17,6,1,21,42,-21,-0.97,-0.8,,
1578,Anthony Jung,de GER,DF,Freiburg,de Bundesliga,33,1991,12,526,44,17.2,5.8,4,86,3,8,23,14,1.17,10,12,-2,-0.34,-0.2,,
1579,Eli Junior Kroupi,fr FRA,MFFW,Bournemouth,eng Premier League,19,2006,33,1672,51,48.9,18.6,21,71,0,12,16,5,1.45,31,21,10,0.54,0.85,,
1580,Luiz Lúcio Reis Júnior,br BRA,GK,Villarreal,es La Liga,24,2001,28,2520,90,73.7,28,28,90,28,0,,10,2.04,51,30,21,0.75,0.25,,
1581,Hamed Junior Traorè,ci CIV,MF,Bournemouth,eng Premier League,25,2000,1,17,17,0.5,0.2,0,,0,1,17,0,0,1,2,-1,-5.29,-5.43,,
1582,Hamed Junior Traorè,ci CIV,MF,Marseille,fr Ligue 1,25,2000,13,619,48,20.2,6.9,7,76,1,6,15,4,1.23,8,12,-4,-0.58,-1.39,,
1583,Vinicius Júnior,br BRA,FWMF,Real Madrid,es La Liga,25,2000,36,2815,78,82.3,31.3,32,84,18,4,33,0,2.22,64,30,34,1.09,-0.1,,
1584,Josip Juranović,hr CRO,MF,Union Berlin,de Bundesliga,29,1995,11,330,30,10.8,3.7,3,63,0,8,18,8,1.64,7,7,0,0,0.46,,
1585,James Justin,eng ENG,DFMF,Leeds United,eng Premier League,27,1998,29,1901,66,55.6,21.1,21,86,17,8,12,7,1.41,27,26,1,0.05,0.52,,
1586,Ferran Jutglà,es ESP,FW,Celta Vigo,es La Liga,26,1999,30,1652,55,48.3,18.4,21,69,2,9,22,5,1.33,25,24,1,0.05,-0.15,,
1587,Filip Jørgensen,dk DEN,GK,Chelsea,eng Premier League,23,2002,5,379,76,11.1,4.2,3,90,3,2,55,23,1,8,5,3,0.71,0.62,,
1588,Martijn Kaars,nl NED,FW,St Pauli,de Bundesliga,26,1999,29,1348,46,44.1,15,14,71,3,15,24,3,0.69,11,27,-16,-1.07,-0.28,,
1589,Mohamed Kaba,gn GUI,MF,Nantes,fr Ligue 1,23,2001,12,918,77,30.9,10.2,11,81,3,1,31,0,0.69,10,10,0,0,1.01,,
1590,Mohamed Kaba,gn GUI,MF,Lecce,it Serie A,23,2001,15,633,42,18.5,7,5,81,3,10,23,6,1,3,12,-9,-1.28,-0.86,,
1591,Mussa Kaba,de GER,MF,Dortmund,de Bundesliga,16,2008,0,,,,,0,,0,0,,1,,,,,,,,
1592,Ozan Kabak,tr TUR,DF,Hoffenheim,de Bundesliga,25,2000,25,1751,70,57.2,19.5,18,90,18,7,19,3,2,39,34,5,0.26,-0.29,,
1593,Almugera Kabar,de GER,DF,Dortmund,de Bundesliga,19,2006,1,16,16,0.5,0.2,0,,0,1,16,3,0,0,0,0,0,-1.06,,
1594,Christian Kabasele,be BEL,DF,Udinese,it Serie A,34,1991,30,2247,75,65.7,25,28,80,16,2,9,7,1.23,28,29,-1,-0.04,0.11,,
1595,Ivo Kaczmarski,pl POL,MF,Inter,it Serie A,21,2004,0,,,,,0,,0,0,,3,,,,,,,,
1596,Anton Kade,de GER,MFFW,Augsburg,de Bundesliga,21,2004,28,1743,62,57,19.4,18,81,6,10,29,1,1.29,22,35,-13,-0.67,-0.47,,
1597,Ferdi Kadioglu,tr TUR,DFMF,Brighton,eng Premier League,25,1999,37,3133,85,91.6,34.8,34,89,30,3,38,1,1.35,46,41,5,0.14,-0.17,,
1598,Florian Kainz,at AUT,MF,Köln,de Bundesliga,32,1992,15,279,19,9.1,3.1,2,56,0,13,13,9,0.8,10,7,3,0.97,1.52,,
1599,Saša Kalajdžić,at AUT,FWMF,Wolves,eng Premier League,28,1997,1,15,15,0.4,0.2,0,,0,1,15,1,0,1,0,1,6,7.11,,
1600,Arnaud Kalimuendo,fr FRA,FW,Nottingham,eng Premier League,23,2002,9,96,11,2.8,1.1,0,,0,9,11,9,0.22,0,3,-3,-2.81,-2.81,,
1601,Arnaud Kalimuendo,fr FRA,FWMF,Frankfurt,de Bundesliga,23,2002,19,1417,75,46.3,15.7,17,80,10,2,30,0,1,24,31,-7,-0.44,-0.61,,
1602,Benno Kaltefleiter,de GER,MF,RB Leipzig,de Bundesliga,17,2008,0,,,,,0,,0,0,,1,,,,,,,,
1603,Pierre Kalulu,fr FRA,DFMF,Juventus,it Serie A,25,2000,37,3281,89,95.9,36.5,37,89,36,0,,0,1.86,60,30,30,0.82,2.77,,
1604,Justin-Noël Kalumba,fr FRA,FW,Mallorca,es La Liga,20,2004,3,81,27,2.4,0.9,1,45,0,2,18,12,2,3,0,3,3.33,3.68,,
1605,Justin-Noël Kalumba,fr FRA,FWMF,Angers,fr Ligue 1,20,2004,4,224,56,7.3,2.5,3,71,1,1,11,2,0.25,1,5,-4,-1.61,-1.13,,
1606,Daichi Kamada,jp JPN,MF,Crystal Palace,eng Premier League,28,1996,28,1902,68,55.6,21.1,22,80,8,6,22,0,1.43,32,28,4,0.19,1.02,,
1607,Warren Kamanzi,no NOR,MF,Toulouse,fr Ligue 1,24,2000,24,870,36,29.3,9.7,7,74,2,17,21,10,1.33,19,20,-1,-0.1,-0.19,,
1608,Abu Kamara,eng ENG,MF,Getafe,es La Liga,22,2003,12,256,21,7.5,2.8,1,45,0,11,19,10,0.83,0,3,-3,-1.05,-0.97,,
1609,Bingourou Kamara,sn SEN,GK,Lorient,fr Ligue 1,28,1996,3,270,90,8.8,3,3,90,3,0,,30,1,5,8,-3,-1,-1,,
1610,Boubacar Kamara,fr FRA,MF,Aston Villa,eng Premier League,25,1999,18,1411,78,41.3,15.7,17,82,9,1,19,0,2.33,26,15,11,0.7,0.88,,
1611,Glen Kamara,fi FIN,MF,Rennes,fr Ligue 1,29,1995,4,61,15,2,0.7,0,,0,4,15,18,1.75,0,3,-3,-4.43,-4.79,,
1612,Hassane Kamara,ci CIV,MFDF,Udinese,it Serie A,31,1994,26,1861,72,54.4,20.7,22,80,10,4,25,3,1.35,26,26,0,0,0.17,,
1613,Noham Kamara,fr FRA,DF,Lyon,fr Ligue 1,18,2007,2,7,4,0.2,0.1,0,,0,2,4,3,3,0,1,-1,-12.86,-13.27,,
1614,Noham Kamara,fr FRA,DF,PSG,fr Ligue 1,18,2007,0,,,,,0,,0,0,,4,,,,,,,,
1615,Issiaka Kamate,fr FRA,MF,Inter,it Serie A,20,2004,0,,,,,0,,0,0,,3,,,,,,,,
1616,Willy Kambwala,fr FRA,DF,Villarreal,es La Liga,20,2004,2,86,43,2.5,1,1,76,0,1,10,9,1.5,2,2,0,0,-0.7,,
1617,Jakub Kamiński,pl POL,MFFW,Köln,de Bundesliga,23,2002,34,3016,89,98.6,33.5,34,89,28,0,,0,0.94,49,60,-11,-0.33,5.81,,
1618,Nouhoum Kamissoko,ml MLI,MF,Marseille,fr Ligue 1,20,2004,3,24,8,0.8,0.3,0,,0,3,8,2,2.33,0,2,-2,-7.5,-8.09,,
1619,Kevin Kampl,si SVN,MF,RB Leipzig,de Bundesliga,34,1990,3,3,1,0.1,0,0,,0,3,1,0,3,0,0,0,0,-0.56,,
1620,Harry Kane,eng ENG,FWMF,Bayern Munich,de Bundesliga,32,1993,31,2377,77,77.7,26.4,25,86,17,6,38,1,2.58,98,26,72,2.73,0.88,,
1621,Lee Kang-in,kr KOR,MFFW,PSG,fr Ligue 1,24,2001,27,1519,56,49.6,16.9,18,71,6,9,27,2,2.11,37,16,21,1.24,-0.16,,
1622,Steeve Kango,fr FRA,DF,Lyon,fr Ligue 1,18,2006,4,80,20,2.6,0.9,1,45,0,3,12,2,1.25,0,0,0,0,-0.39,,
1623,Ibrahim Kanté,fr FRA,MF,Brest,fr Ligue 1,18,2007,1,9,9,0.3,0.1,0,,0,1,9,5,1,0,0,0,0,0.35,,
1624,Mohamadou Kanté,fr FRA,MF,West Ham,eng Premier League,19,2005,11,75,7,2.2,0.8,0,,0,11,7,13,1,2,1,1,1.2,1.74,,
1625,Adam Karabec,cz CZE,MFFW,Lyon,fr Ligue 1,22,2003,21,922,44,30.1,10.2,11,74,0,10,11,10,1.95,11,8,3,0.29,-0.13,,
1626,Atakan Karazor,tr TUR,MF,Stuttgart,de Bundesliga,28,1996,28,1884,67,61.6,20.9,22,84,12,6,7,3,1.82,37,29,8,0.38,-0.69,,
1627,Dermane Karim,tg TOG,MF,Lorient,fr Ligue 1,21,2003,30,1365,46,44.6,15.2,15,72,2,15,19,1,1.37,18,25,-7,-0.46,-0.67,,
1628,Lennart Karl,de GER,MF,Bayern Munich,de Bundesliga,17,2008,26,1281,49,41.9,14.2,16,67,4,10,21,4,2.58,50,14,36,2.53,0,,
1629,Jesper Karlsson,se SWE,FWMF,Bologna,it Serie A,27,1998,0,,,,,0,,0,0,,2,,,,,,,,
1630,Jesper Karlström,se SWE,MF,Udinese,it Serie A,30,1995,36,3146,87,92,35,36,87,29,0,,0,1.28,39,45,-6,-0.17,-1.16,,
1631,Jon Karrikaburu,es ESP,FW,Real Sociedad,es La Liga,22,2002,7,135,19,3.9,1.5,0,,0,7,19,19,0.14,1,3,-2,-1.33,-1.33,,
1632,Grigoris Kastanos,cy CYP,MF,Hellas Verona,it Serie A,27,1998,6,44,7,1.3,0.5,0,,0,6,7,11,0.67,0,2,-2,-4.09,-3.18,,
1633,Silas Katompa,cd COD,FW,Mainz 05,de Bundesliga,26,1998,8,334,42,10.9,3.7,4,57,0,4,27,0,1.5,6,8,-2,-0.54,-0.31,,
1634,Panos Katseris,gr GRE,MFDF,Lorient,fr Ligue 1,24,2001,16,747,47,24.4,8.3,8,75,2,8,18,0,1.25,13,9,4,0.48,0.75,,
1635,Noah Katterbach,de GER,DFMF,Hamburger SV,de Bundesliga,24,2001,0,,,,,0,,0,0,,4,,,,,,,,
1636,Bruno Katz,fi FIN,MF,Wolfsburg,de Bundesliga,17,2008,0,,,,,0,,0,0,,2,,,,,,,,
1637,Mikkel Kaufmann,dk DEN,FW,Heidenheim,de Bundesliga,24,2001,16,537,34,17.5,6,6,63,0,10,16,1,0.5,3,10,-7,-1.17,-0.32,,
1638,Ryan Kavuma McQueen,eng ENG,FW,Chelsea,eng Premier League,16,2009,0,,,,,0,,0,0,,2,,,,,,,,
1639,Sota Kawasaki,jp JPN,MFDF,Mainz 05,de Bundesliga,24,2001,10,309,31,10.1,3.4,3,71,1,7,14,14,1.1,4,6,-2,-0.58,-0.35,,
1640,Michael Kayode,it ITA,DF,Brentford,eng Premier League,21,2004,37,3258,88,95.3,36.2,37,88,31,0,,0,1.43,54,49,5,0.14,1.25,,
1641,Moise Kean,it ITA,FW,Fiorentina,it Serie A,25,2000,26,2036,78,59.5,22.6,23,86,15,3,19,1,0.92,24,32,-8,-0.35,-0.29,,
1642,Michael Keane,eng ENG,DF,Everton,eng Premier League,32,1993,33,2591,79,75.8,28.8,29,89,27,4,4,1,1.15,31,42,-11,-0.38,-1.25,,
1643,Ilan Kebbal,dz ALG,MFFW,Paris FC,fr Ligue 1,27,1998,29,2222,77,72.6,24.7,26,83,14,3,22,1,1.24,34,38,-4,-0.16,-0.27,,
1644,Yassine Kechta,ma MAR,MF,Le Havre,fr Ligue 1,23,2002,30,1332,44,43.5,14.8,14,73,1,16,19,3,1.07,18,22,-4,-0.27,0.15,,
1645,Thilo Kehrer,de GER,DF,Monaco,fr Ligue 1,28,1996,28,2353,84,76.9,26.1,28,84,23,0,,3,1.68,47,35,12,0.46,1.22,,
1646,Mandela Keita,be BEL,MF,Parma,it Serie A,23,2002,37,2979,81,87.1,33.1,36,83,19,1,6,0,1.22,19,37,-18,-0.54,-0.54,,
1647,Yannik Keitel,de GER,MFDF,Augsburg,de Bundesliga,25,2000,6,248,41,8.1,2.8,2,58,0,4,33,4,2.17,8,6,2,0.73,1.3,,
1648,Caoimhín Kelleher,ie IRL,GK,Brentford,eng Premier League,26,1998,37,3330,90,97.4,37,37,90,37,0,,0,1.35,51,49,2,0.05,-0.95,,
1649,Thomas Keller,de GER,DF,Heidenheim,de Bundesliga,25,1999,4,188,47,6.1,2.1,3,60,1,1,8,4,1.5,2,3,-1,-0.48,0.46,,
1650,Lloyd Kelly,eng ENG,DF,Juventus,it Serie A,26,1998,35,2996,86,87.6,33.3,33,89,30,2,30,0,1.77,55,30,25,0.75,0.33,,
1651,Aljoscha Kemlein,de GER,MF,Union Berlin,de Bundesliga,20,2004,30,1959,65,64,21.8,23,79,8,7,20,4,1.13,28,31,-3,-0.14,0.76,,
1652,Marc-Oliver Kempf,de GER,DF,Como,it Serie A,30,1995,34,2326,68,68,25.8,27,82,22,7,18,4,1.94,47,20,27,1.04,0.3,,
1653,Luca Kerber,de GER,MF,Heidenheim,de Bundesliga,23,2002,18,682,38,22.3,7.6,8,71,2,10,12,14,1,5,18,-13,-1.72,-1.03,,
1654,Gabriel Kerckaert,fr FRA,GK,Strasbourg,fr Ligue 1,17,2007,0,,,,,0,,0,0,,1,,,,,,,,
1655,Milos Kerkez,hu HUN,DF,Liverpool,eng Premier League,21,2003,34,2257,66,66,25.1,27,79,15,7,16,4,1.47,41,36,5,0.2,-0.19,,
1656,Kevin,br BRA,MF,Fulham,eng Premier League,22,2003,26,1041,40,30.4,11.6,9,68,0,17,25,1,1.38,13,14,-1,-0.09,0.03,,
1657,Reda Khadra,de GER,FW,Le Havre,fr Ligue 1,24,2001,8,229,29,7.5,2.5,1,84,0,7,21,7,0.38,2,5,-3,-1.18,-0.89,,
1658,Yanis Khafi,fr FRA,MF,PSG,fr Ligue 1,19,2006,0,,,,,0,,0,0,,1,,,,,,,,
1659,Bilal El Khannouss,ma MAR,MFFW,Stuttgart,de Bundesliga,21,2004,25,1630,65,53.3,18.1,19,80,7,6,18,2,1.84,33,30,3,0.17,-1.03,,
1660,Rani Khedira,tn TUN,MF,Union Berlin,de Bundesliga,31,1994,32,2830,88,92.5,31.4,32,88,27,0,,0,1.13,36,53,-17,-0.54,-1.71,,
1661,Abdukodir Khusanov,uz UZB,DF,Manchester City,eng Premier League,21,2004,21,1432,68,41.9,15.9,15,85,12,6,27,9,1.95,25,13,12,0.75,-0.6,,
1662,Cassiano Kiala,de GER,DF,Bayern Munich,de Bundesliga,16,2009,1,1,1,0,0,0,,0,1,1,8,3,1,0,1,90,87.5,,
1663,Kialonda,ao ANG,DF,Lecce,it Serie A,27,1997,23,1830,80,53.5,20.3,21,86,19,2,14,1,1.13,17,25,-8,-0.39,0.4,,
1664,Kiké,es ESP,FW,Espanyol,es La Liga,35,1989,37,1734,47,50.7,19.3,17,75,5,20,23,1,1.16,28,26,2,0.1,0.85,,
1665,Semih Kılıçsoy,tr TUR,FW,Cagliari,it Serie A,19,2005,22,975,44,28.5,10.8,11,72,1,11,16,15,1.05,10,15,-5,-0.46,-0.17,,
1666,Max Kilman,eng ENG,DF,West Ham,eng Premier League,28,1997,21,1561,74,45.6,17.3,17,90,17,4,8,13,0.95,18,37,-19,-1.1,-1.1,,
1667,Joshua Kimmich,de GER,MF,Bayern Munich,de Bundesliga,30,1995,29,2280,79,74.5,25.3,24,88,19,5,36,1,2.55,89,25,64,2.53,-0.01,,
1668,George King,eng ENG,DF,Crystal Palace,eng Premier League,18,2007,0,,,,,0,,0,0,,1,,,,,,,,
1669,Joshua King,eng ENG,MF,Fulham,eng Premier League,18,2007,32,1308,41,38.2,14.5,15,65,0,17,19,3,1.38,14,18,-4,-0.28,-0.28,,
1670,Tom King,wls WAL,GK,Everton,eng Premier League,30,1995,0,,,,,0,,0,0,,13,,,,,,,,
1671,Antonín Kinský,cz CZE,GK,Tottenham,eng Premier League,22,2003,7,630,90,18.4,7,7,90,7,0,,30,1.57,8,7,1,0.14,0.47,,
1672,Kazunari Kita,jp JPN,DF,Real Sociedad,es La Liga,19,2005,0,,,,,0,,0,0,,1,,,,,,,,
1673,Bradel Kiwa,fr FRA,MF,Monaco,fr Ligue 1,19,2006,0,,,,,0,,0,0,,4,,,,,,,,
1674,Jakub Kiwior,pl POL,DFMF,Arsenal,eng Premier League,25,2000,0,,,,,0,,0,0,,1,,,,,,,,
1675,Leon Klanac,de GER,GK,Bayern Munich,de Bundesliga,18,2007,0,,,,,0,,0,0,,1,,,,,,,,
1676,Carl Klaus,de GER,GK,Union Berlin,de Bundesliga,31,1994,4,330,83,10.8,3.7,3,90,3,1,60,6,1.75,10,4,6,1.64,2.3,,
1677,Daniel Klein,de GER,GK,Augsburg,de Bundesliga,24,2001,0,,,,,0,,0,0,,3,,,,,,,,
1678,Tim Kleindienst,de GER,FW,Gladbach,de Bundesliga,29,1995,3,7,2,0.2,0.1,0,,0,3,2,0,2.33,1,0,1,12.86,13.21,,
1679,Lukas Klisys,lt LTU,DF,Genoa,it Serie A,18,2007,0,,,,,0,,0,0,,2,,,,,,,,
1680,Lukas Klostermann,de GER,DF,RB Leipzig,de Bundesliga,29,1996,5,95,19,3.1,1.1,1,89,0,4,2,16,2,3,1,2,1.89,1.38,,
1681,Justin Kluivert,nl NED,MF,Bournemouth,eng Premier League,26,1999,20,952,48,27.8,10.6,10,72,0,10,23,1,1.2,16,19,-3,-0.28,-0.54,,
1682,Ruben Kluivert,nl NED,DF,Lyon,fr Ligue 1,24,2001,16,772,48,25.2,8.6,9,81,6,7,6,8,2.06,18,19,-1,-0.12,-0.67,,
1683,Ansgar Knauff,de GER,MFFW,Frankfurt,de Bundesliga,23,2002,28,1326,47,43.3,14.7,12,75,1,16,27,0,1.29,29,26,3,0.2,0.57,,
1684,Joe Knight,eng ENG,MF,Brighton,eng Premier League,19,2005,1,1,1,0,0,0,,0,1,1,4,3,0,0,0,0,-0.16,,
1685,Matthias Köbbing,de GER,GK,Köln,de Bundesliga,28,1997,0,,,,,0,,0,0,,3,,,,,,,,
1686,Gregor Kobel,ch SUI,GK,Dortmund,de Bundesliga,27,1997,34,3060,90,100,34,34,90,34,0,,0,2.15,70,34,36,1.06,,,
1687,Robin Koch,de GER,DF,Frankfurt,de Bundesliga,29,1996,32,2833,89,92.6,31.5,32,89,30,0,,0,1.38,57,60,-3,-0.1,0.3,,
1688,Diego Kochen,us USA,GK,Barcelona,es La Liga,19,2006,0,,,,,0,,0,0,,25,,,,,,,,
1689,Christian Kofane,cm CMR,FW,Leverkusen,de Bundesliga,19,2006,29,1239,43,40.5,13.8,12,76,2,17,19,2,1.69,30,18,12,0.87,0.43,,
1690,Hervé Koffi,bf BFA,GK,Angers,fr Ligue 1,28,1996,30,2658,89,86.9,29.5,30,89,29,0,,0,1.2,25,36,-11,-0.37,1.42,,
1691,Enzo Koffi Vinette,fr FRA,DF,Le Havre,fr Ligue 1,19,2006,14,385,28,12.6,4.3,4,54,0,10,17,2,1,4,4,0,0,0.4,,
1692,Derrick Köhn,gh GHA,MFDF,Union Berlin,de Bundesliga,26,1999,29,1899,65,62.1,21.1,21,82,10,8,21,2,1.17,25,32,-7,-0.33,0.21,,
1693,Philipp Köhn,ch SUI,GK,Monaco,fr Ligue 1,27,1998,19,1621,85,53,18,17,90,17,2,46,15,1.79,36,27,9,0.5,0.69,,
1694,Dominik Kohr,de GER,DF,Mainz 05,de Bundesliga,31,1994,29,2338,81,76.4,26,28,83,19,1,15,0,1.24,35,40,-5,-0.19,0.31,,
1695,Koke,es ESP,MF,Atlético Madrid,es La Liga,33,1992,34,2219,65,64.9,24.7,24,79,14,10,32,2,2,43,28,15,0.61,0.38,,
1696,Sead Kolašinac,ba BIH,DF,Atalanta,it Serie A,32,1993,19,1212,64,35.4,13.5,15,73,4,4,30,8,1.74,23,16,7,0.52,0.19,,
1697,Luca Koleosho,it ITA,MF,Paris FC,fr Ligue 1,20,2004,16,554,35,18.1,6.2,3,80,1,13,24,1,1.56,13,9,4,0.65,0.9,,
1698,Luca Koleosho,it ITA,MF,Espanyol,es La Liga,20,2004,3,63,21,1.8,0.7,0,,0,3,21,12,1,0,0,0,0,0.32,,
1699,Markus Kolke,de GER,GK,Werder Bremen,de Bundesliga,34,1990,0,,,,,0,,0,0,,11,,,,,,,,
1700,Adam Kölle,de GER,DF,Heidenheim,de Bundesliga,19,2006,6,93,16,3,1,0,,0,6,16,9,0.83,2,3,-1,-0.97,-0.06,,
1701,Randal Kolo Muani,fr FRA,FWMF,Tottenham,eng Premier League,26,1998,30,1664,55,48.7,18.5,21,69,4,9,25,2,0.87,17,31,-14,-0.76,-1.01,,
1702,Timothée Kolodziejczak,fr FRA,DF,Paris FC,fr Ligue 1,33,1991,11,662,60,21.6,7.4,7,89,6,4,10,16,1.18,6,14,-8,-1.09,-1.28,,
1703,Mert Kömür,de GER,MFFW,Augsburg,de Bundesliga,20,2005,28,1464,52,47.8,16.3,17,74,6,11,19,5,1.25,21,28,-7,-0.43,0.08,,
1704,Yvann Konan,ci CIV,GK,Lyon,fr Ligue 1,18,2007,0,,,,,0,,0,0,,1,,,,,,,,
1705,Abdou-Salam Konaté,sn SEN,MF,Parma,it Serie A,18,2006,0,,,,,0,,0,0,,1,,,,,,,,
1706,Ibrahima Konaté,fr FRA,DF,Liverpool,eng Premier League,26,1999,36,3090,86,90.4,34.3,36,86,26,0,,1,1.64,55,45,10,0.29,0.29,,
1707,Samba Konaté,fr FRA,FW,RB Leipzig,de Bundesliga,16,2009,1,4,4,0.1,0,0,,0,1,4,2,3,0,0,0,0,-0.56,,
1708,Geoffrey Kondogbia,cf CTA,MFDF,Marseille,fr Ligue 1,32,1993,10,587,59,19.2,6.5,9,64,0,1,14,7,1.9,11,6,5,0.77,0.29,,
1709,Ismaël Koné,ca CAN,MF,Sassuolo,it Serie A,23,2002,35,2737,78,80,30.4,33,81,11,2,30,1,1.37,37,39,-2,-0.07,0.2,,
1710,Mamadou Koné,ci CIV,FW,Lorient,fr Ligue 1,18,2006,0,,,,,0,,0,0,,1,,,,,,,,
1711,Manu Koné,fr FRA,MF,Roma,it Serie A,24,2001,29,2456,85,71.8,27.3,28,87,24,1,19,0,1.93,40,20,20,0.73,-0.01,,
1712,Ransford Königsdörffer,gh GHA,FWMF,Hamburger SV,de Bundesliga,23,2001,33,2329,71,76.1,25.9,29,76,5,4,29,0,1.12,33,44,-11,-0.43,-0.06,,
1713,Ezri Konsa,eng ENG,DF,Aston Villa,eng Premier League,27,1997,34,3035,89,88.7,33.7,34,89,33,0,,2,1.79,52,44,8,0.24,0.47,,
1714,Teun Koopmeiners,nl NED,MFDF,Juventus,it Serie A,27,1998,33,1827,55,53.4,20.3,18,82,11,15,23,4,1.7,25,22,3,0.15,-1.21,,
1715,Yoan Koré,fr FRA,DF,Paris FC,fr Ligue 1,20,2004,0,,,,,0,,0,0,,1,,,,,,,,
1716,Ville Koski,fi FIN,DF,Alavés,es La Liga,23,2002,5,282,56,8.2,3.1,3,90,3,2,6,7,2,3,3,0,0,0.34,,
1717,Eman Košpo,ba BIH,DF,Fiorentina,it Serie A,18,2007,0,,,,,0,,0,0,,16,,,,,,,,
1718,Odilon Kossounou,ci CIV,DF,Atalanta,it Serie A,24,2001,19,988,52,28.9,11,10,76,5,9,26,10,1.58,16,11,5,0.46,0.09,,
1719,Filip Kostić,rs SRB,MF,Juventus,it Serie A,32,1992,18,479,27,14,5.3,4,69,0,14,15,20,2,12,4,8,1.5,0.92,,
1720,Ilias Kostis,gr GRE,DF,Atlético Madrid,es La Liga,22,2003,0,,,,,0,,0,0,,1,,,,,,,,
1721,Charalampos Kostoulas,gr GRE,FW,Brighton,eng Premier League,18,2007,21,369,18,10.8,4.1,2,76,0,19,11,8,0.9,8,9,-1,-0.24,-0.45,,
1722,Keita Kosugi,jp JPN,DF,Frankfurt,de Bundesliga,19,2006,0,,,,,0,,0,0,,7,,,,,,,,
1723,Eddy Kouadio,ci CIV,DF,Fiorentina,it Serie A,19,2006,3,72,24,2.1,0.8,0,,0,3,24,32,0.67,0,0,0,0,0.24,,
1724,Christian Kouamé,ci CIV,FWMF,Fiorentina,it Serie A,27,1997,2,27,14,0.8,0.3,0,,0,2,14,5,1.5,0,0,0,0,0.24,,
1725,Koffi Kouao,ci CIV,DFMF,Metz,fr Ligue 1,27,1998,27,2265,84,74,25.2,27,84,18,0,,5,0.56,21,48,-27,-1.07,0.85,,
1726,Arsène Kouassi,bf BFA,MF,Lorient,fr Ligue 1,20,2004,31,2605,84,85.1,28.9,30,84,21,1,77,0,1.29,39,41,-2,-0.07,0.13,,
1727,Christ-Owen Kouassi,fr FRA,DF,Lecce,it Serie A,22,2003,4,228,57,6.7,2.5,3,68,1,1,23,18,0.5,2,6,-4,-1.58,-1.07,,
1728,Konstantinos Koulierakis,gr GRE,DF,Wolfsburg,de Bundesliga,21,2003,29,2482,86,81.1,27.6,27,90,26,2,27,3,1,38,54,-16,-0.58,0.67,,
1729,Seny Koumbassa,fr FRA,DF,Toulouse,fr Ligue 1,18,2007,9,444,49,14.9,4.9,4,90,4,5,17,23,1.3,7,12,-5,-1.01,-1.23,,
1730,Jules Koundé,fr FRA,DF,Barcelona,es La Liga,26,1998,30,2261,75,66.1,25.1,24,88,20,6,26,3,2.43,65,22,43,1.71,0.47,,
1731,Lancinet Kourouma,gn GUI,FW,Girona,es La Liga,21,2004,5,43,9,1.3,0.5,0,,0,5,9,16,1.6,0,1,-1,-2.09,-1.69,,
1732,Hamza Koutoune,ma MAR,DF,Nice,fr Ligue 1,18,2006,1,1,1,0,0,0,,0,1,1,2,3,0,0,0,0,0.68,,
1733,Niko Kovac,ba BIH,MF,Lecce,it Serie A,20,2005,0,,,,,0,,0,0,,16,,,,,,,,
1734,Mateo Kovačić,hr CRO,MF,Manchester City,eng Premier League,31,1994,6,130,22,3.8,1.4,1,55,0,5,15,6,1.83,3,3,0,0,-1.15,,
1735,Goduine Koyalipou,cf CTA,FW,Angers,fr Ligue 1,25,2000,13,668,51,21.8,7.4,7,77,1,6,22,1,0.92,4,7,-3,-0.4,0.2,,
1736,Goduine Koyalipou,cf CTA,FW,Levante,es La Liga,25,2000,11,247,22,7.2,2.7,2,51,0,9,16,3,0.82,2,5,-3,-1.09,-0.78,,
1737,Emil Krafth,se SWE,DF,Newcastle,eng Premier League,30,1994,1,45,45,1.3,0.5,1,45,0,0,,9,0,1,2,-1,-2,-1.97,,
1738,Alex Král,cz CZE,MF,Union Berlin,de Bundesliga,27,1998,20,459,23,15,5.1,2,73,0,18,17,10,1.05,8,13,-5,-0.98,-0.67,,
1739,Andrej Kramarić,hr CRO,MFFW,Hoffenheim,de Bundesliga,34,1991,34,2207,65,72.1,24.5,26,75,4,8,32,0,1.79,53,33,20,0.82,1.55,,
1740,Vladyslav Krapyvtsov,ua UKR,GK,Girona,es La Liga,20,2005,2,136,68,4,1.5,1,90,1,1,46,27,0,1,5,-4,-2.65,-2.32,,
1741,Jean-Philippe Krasso,ci CIV,FW,Paris FC,fr Ligue 1,28,1997,25,1092,44,35.7,12.1,12,70,1,13,19,0,1.12,15,17,-2,-0.16,-0.12,,
1742,Tom Krauß,de GER,MFDF,Köln,de Bundesliga,24,2001,26,1780,68,58.2,19.8,19,83,8,7,29,6,1.08,24,32,-8,-0.4,0.02,,
1743,Ladislav Krejčí,cz CZE,DFMF,Wolves,eng Premier League,26,1999,28,2356,84,68.9,26.2,27,85,21,1,48,2,0.57,20,45,-25,-0.96,0.4,,
1744,Ladislav Krejčí,cz CZE,DF,Girona,es La Liga,26,1999,2,180,90,5.3,2,2,90,2,0,,0,0,1,8,-7,-3.5,-3.25,,
1745,Rasmus Kristensen,dk DEN,DFMF,Frankfurt,de Bundesliga,28,1997,22,1538,70,50.3,17.1,19,79,12,3,15,0,1.36,27,30,-3,-0.18,-0.12,,
1746,Thomas Kristensen,dk DEN,DF,Udinese,it Serie A,23,2002,28,2472,88,72.3,27.5,28,88,25,0,,2,1.36,33,31,2,0.07,0.55,,
1747,Nikola Krstović,me MNE,FW,Atalanta,it Serie A,25,2000,33,1791,54,52.4,19.9,18,77,8,15,27,5,1.64,32,16,16,0.8,0.86,,
1748,Martín Krug,pa PAN,DF,Levante,es La Liga,19,2006,0,,,,,0,,0,0,,3,,,,,,,,
1749,Lukas Kübler,de GER,DF,Freiburg,de Bundesliga,32,1992,23,1587,69,51.9,17.6,19,79,9,4,23,4,1.43,33,35,-2,-0.11,0.13,,
1750,Takefusa Kubo,jp JPN,MF,Real Sociedad,es La Liga,24,2001,24,1503,63,43.9,16.7,17,76,4,7,31,3,1,17,22,-5,-0.3,-0.44,,
1751,Mohammed Kudus,gh GHA,MFFW,Tottenham,eng Premier League,24,2000,19,1535,81,44.9,17.1,19,81,8,0,,0,1.37,22,20,2,0.12,0.64,,
1752,Zalán Kugyela,hu HUN,FW,Torino,it Serie A,18,2007,0,,,,,0,,0,0,,1,,,,,,,,
1753,Nicolas-Gerrit Kühn,de GER,MF,Como,it Serie A,25,2000,23,665,29,19.4,7.4,6,63,0,17,17,14,1.7,10,6,4,0.54,-0.5,,
1754,Godwill Kukonki,eng ENG,DF,Manchester Utd,eng Premier League,17,2008,0,,,,,0,,0,0,,2,,,,,,,,
1755,Sandro Kulenović,hr CRO,FW,Torino,it Serie A,25,1999,13,300,23,8.8,3.3,3,59,0,10,12,3,1.54,3,5,-2,-0.6,-0.11,,
1756,Sael Kumbedi,fr FRA,DFMF,Wolfsburg,de Bundesliga,20,2005,24,1804,75,59,20,20,86,12,4,24,5,0.88,30,45,-15,-0.75,-0.1,,
1757,Sael Kumbedi,fr FRA,DF,Lyon,fr Ligue 1,20,2005,1,65,65,2.1,0.7,1,65,0,0,,1,3,1,0,1,1.38,1.02,,
1758,Marash Kumbulla,al ALB,DF,Mallorca,es La Liga,25,2000,8,439,55,12.8,4.9,5,70,3,3,30,7,1.13,7,8,-1,-0.21,0.07,,
1759,Adi Kurti,al ALB,DF,Hellas Verona,it Serie A,19,2006,0,,,,,0,,0,0,,2,,,,,,,,
1760,Jonah Kusi-Asare,se SWE,FW,Bayern Munich,de Bundesliga,18,2007,1,5,5,0.2,0.1,0,,0,1,5,1,3,0,0,0,0,-2.53,,
1761,Jonah Kusi-Asare,se SWE,FW,Fulham,eng Premier League,18,2007,7,55,8,1.6,0.6,0,,0,7,8,11,0.57,2,2,0,0,0.11,,
1762,Khvicha Kvaratskhelia,ge GEO,FW,PSG,fr Ligue 1,24,2001,28,1479,53,48.3,16.4,18,68,3,10,26,3,2.21,31,11,20,1.22,-0.21,,
1763,Giorgi Kvilitaia,ge GEO,FW,Metz,fr Ligue 1,31,1993,10,495,50,16.2,5.5,5,73,1,5,26,3,0.3,6,14,-8,-1.45,-0.19,,
1764,Rio Kyerematen,eng ENG,MF,Tottenham,eng Premier League,20,2005,0,,,,,0,,0,0,,2,,,,,,,,
1765,Godson Kyeremeh,fr FRA,FW,Le Havre,fr Ligue 1,25,2000,13,381,29,12.5,4.2,3,80,1,10,14,16,0.85,4,3,1,0.24,0.67,,
1766,Adrián de la Fuente,es ESP,DF,Levante,es La Liga,26,1999,33,2711,82,79.3,30.1,30,89,28,3,17,1,1.15,34,47,-13,-0.43,-0.3,,
1767,Rémy Labeau Lascary,gp GLP,MFFW,Brest,fr Ligue 1,22,2003,27,1200,44,39.2,13.3,12,70,3,15,24,0,1.33,18,21,-3,-0.23,0.21,,
1768,Nediljko Labrović,hr CRO,GK,Augsburg,de Bundesliga,25,1999,0,,,,,0,,0,0,,33,,,,,,,,
1769,Shea Lacey,eng ENG,FW,Manchester Utd,eng Premier League,18,2007,3,43,14,1.3,0.5,0,,0,3,14,11,1.33,0,0,0,0,-0.51,,
1770,Maxence Lacroix,fr FRA,DF,Crystal Palace,eng Premier League,25,2000,35,3085,88,90.2,34.3,35,88,33,0,,1,1.11,36,45,-9,-0.26,0.01,,
1771,Gael Lafont,fr FRA,FW,Genoa,it Serie A,19,2006,1,8,8,0.2,0.1,0,,0,1,8,3,0,0,0,0,0,0.26,,
1772,Emmanuel Lago,ci CIV,FW,Marseille,fr Ligue 1,20,2004,2,49,25,1.6,0.5,0,,0,2,25,7,1.5,0,3,-3,-5.51,-6.14,,
1773,Yoel Lago,es ESP,DF,Celta Vigo,es La Liga,21,2004,12,938,78,27.4,10.4,11,85,8,1,3,17,1.25,12,15,-3,-0.29,-0.58,,
1774,Adrian Lahdo,se SWE,MF,Como,it Serie A,17,2007,0,,,,,0,,0,0,,12,,,,,,,,
1775,Mayckel Lahdo,se SWE,FWMF,Nantes,fr Ligue 1,22,2002,8,415,52,14,4.6,5,66,0,3,29,0,0.5,4,9,-5,-1.08,-0.45,,
1776,Noah Lahmadi,fr FRA,MF,Toulouse,fr Ligue 1,20,2005,0,,,,,0,,0,0,,6,,,,,,,,
1777,Konrad Laimer,at AUT,DF,Bayern Munich,de Bundesliga,28,1997,29,1994,69,65.2,22.2,22,80,12,7,34,0,2.72,86,20,66,2.98,1.29,,
1778,Kenny Lala,mg MAD,DF,Brest,fr Ligue 1,33,1991,32,2791,87,91.2,31,31,89,29,1,24,0,1.13,39,52,-13,-0.42,-0.75,,
1779,Keiber Lamadrid,ve VEN,MF,West Ham,eng Premier League,21,2003,0,,,,,0,,0,0,,3,,,,,,,,
1780,Ugo Lamare,fr FRA,FW,Marseille,fr Ligue 1,18,2007,3,17,6,0.6,0.2,0,,0,3,6,1,1,0,0,0,0,-0.53,,
1781,Mathis Lambourde,fr FRA,FW,Hellas Verona,it Serie A,19,2006,0,,,,,0,,0,0,,1,,,,,,,,
1782,Senne Lammens,be BEL,GK,Manchester Utd,eng Premier League,23,2002,32,2880,90,84.2,32,32,90,32,0,,3,2,62,39,23,0.72,1.39,,
1783,Tariq Lamptey,gh GHA,MF,Fiorentina,it Serie A,24,2000,2,25,13,0.7,0.3,1,21,0,1,4,0,0,1,0,1,3.6,3.87,,
1784,Noa Lang,nl NED,FWMF,Napoli,it Serie A,26,1999,18,666,37,19.5,7.4,7,66,0,11,19,3,1.89,9,4,5,0.68,0.12,,
1785,Aymeric Laporte,es ESP,DF,Athletic Club,es La Liga,31,1994,25,2058,82,60.2,22.9,24,85,20,1,27,2,1.24,24,35,-11,-0.48,-0.22,,
1786,Hugo Larsson,se SWE,MF,Frankfurt,de Bundesliga,21,2004,25,1812,72,59.2,20.1,21,81,10,4,29,3,1.28,33,32,1,0.05,0.41,,
1787,Marco de las Sías,es ESP,DF,Rayo Vallecano,es La Liga,19,2005,0,,,,,0,,0,0,,4,,,,,,,,
1788,Jamaal Lascelles,eng ENG,DF,Newcastle,eng Premier League,31,1993,2,21,11,0.6,0.2,0,,0,2,11,3,0.5,0,2,-2,-8.57,-8.57,,
1789,Lucas Laso,es ESP,DF,Getafe,es La Liga,22,2003,0,,,,,0,,0,0,,10,,,,,,,,
1790,Valentin Lässig,de GER,DF,Hoffenheim,de Bundesliga,22,2003,0,,,,,0,,0,0,,5,,,,,,,,
1791,Axel Lassus,fr FRA,MF,Brest,fr Ligue 1,17,2008,0,,,,,0,,0,0,,4,,,,,,,,
1792,Toni Lato,es ESP,DFMF,Mallorca,es La Liga,27,1997,12,583,49,17,6.5,7,77,1,5,9,18,0.58,8,10,-2,-0.31,-0.05,,
1793,Bilal Laurendon,fr FRA,GK,PSG,fr Ligue 1,19,2006,0,,,,,0,,0,0,,1,,,,,,,,
1794,Josh Laurent,eng ENG,DFMF,Burnley,eng Premier League,30,1995,33,1764,53,51.6,19.6,18,81,9,15,20,4,0.64,17,40,-23,-1.17,-0.41,,
1795,Armand Lauriente,fr FRA,FW,Sassuolo,it Serie A,26,1998,38,2592,68,75.8,28.8,33,75,6,5,25,0,1.29,34,38,-4,-0.14,-0.14,,
1796,Matteo Lavelli,it ITA,FW,Inter,it Serie A,18,2006,1,8,8,0.2,0.1,0,,0,1,8,5,3,0,0,0,0,-1.42,,
1797,Roméo Lavia,be BEL,MF,Chelsea,eng Premier League,21,2004,12,382,32,11.2,4.2,4,58,0,8,19,3,1,1,10,-9,-2.12,-2.56,,
1798,Yannis Lawson,tg TOG,DF,Metz,fr Ligue 1,20,2004,0,,,,,0,,0,0,,1,,,,,,,,
1799,Valentino Lazaro,at AUT,MF,Torino,it Serie A,29,1996,31,2252,73,65.8,25,26,82,15,5,24,7,1.1,23,48,-25,-1,-1.46,,
1800,Manuel Lazzari,it ITA,DF,Lazio,it Serie A,31,1993,23,938,41,27.4,10.4,9,74,2,14,20,9,1.22,12,10,2,0.19,0.23,,
1801,Andréa Le Borgne,fr FRA,MF,Como,it Serie A,19,2006,1,1,1,0,0,0,,0,1,1,8,3,0,0,0,0,-0.95,,
1802,Théo Le Bris,fr FRA,MF,Lorient,fr Ligue 1,22,2002,28,1893,68,61.9,21,22,81,7,6,19,1,1.36,30,26,4,0.19,0.73,,
1803,Julien Le Cardinal,fr FRA,DF,Brest,fr Ligue 1,27,1997,5,328,66,10.7,3.6,3,90,3,2,29,13,1,7,9,-2,-0.55,-0.22,,
1804,Enzo Le Fée,fr FRA,MFFW,Sunderland,eng Premier League,25,2000,36,2930,81,85.7,32.6,33,87,25,3,16,0,1.47,37,43,-6,-0.18,-0.18,,
1805,Raphael Le Guen,fr FRA,DF,Brest,fr Ligue 1,18,2006,6,375,63,12.3,4.2,4,90,4,2,8,16,0.17,2,9,-7,-1.68,-1.51,,
1806,Robin Le Normand,es ESP,DF,Atlético Madrid,es La Liga,28,1996,28,1789,64,52.3,19.9,17,84,14,11,33,4,1.82,33,20,13,0.65,0.38,,
1807,Nicola Leali,it ITA,GK,Genoa,it Serie A,32,1993,22,1847,84,54,20.5,21,86,20,1,45,15,0.91,21,27,-6,-0.29,-0.06,,
1808,Rafael Leão,pt POR,FW,Milan,it Serie A,26,1999,29,1851,64,54.1,20.6,23,75,6,6,22,1,1.66,24,22,2,0.1,-0.82,,
1809,Lucas Leaudais,fr FRA,DF,Lorient,fr Ligue 1,20,2004,0,,,,,0,,0,0,,6,,,,,,,,
1810,Alex Lebarbier,fr FRA,MF,Real Sociedad,es La Liga,20,2004,0,,,,,0,,0,0,,2,,,,,,,,
1811,Benjamin Lecomte,fr FRA,GK,Fulham,eng Premier League,34,1991,0,,,,,0,,0,0,,38,,,,,,,,
1812,Pierre Lees-Melou,fr FRA,MF,Paris FC,fr Ligue 1,32,1993,22,1782,81,58.2,19.8,20,87,14,2,18,0,1.36,28,26,2,0.1,0.45,,
1813,Pierre Lees-Melou,fr FRA,MF,Brest,fr Ligue 1,32,1993,2,180,90,5.9,2,2,90,2,0,,0,0.5,3,5,-2,-1,-0.69,,
1814,Jordan Lefort,mr MTN,DF,Angers,fr Ligue 1,31,1993,34,3060,90,100,34,34,90,34,0,,0,1.06,29,48,-19,-0.56,,,
1815,Alexander Legendre,ec ECU,MF,Rennes,fr Ligue 1,17,2008,6,45,8,1.5,0.5,0,,0,6,8,3,1.17,1,3,-2,-4,-4.33,,
1816,Elikya Legros,fr FRA,DF,Auxerre,fr Ligue 1,17,2008,0,,,,,0,,0,0,,3,,,,,,,,
1817,Diogo Leite,pt POR,DF,Union Berlin,de Bundesliga,26,1999,23,1963,85,64.2,21.8,23,85,16,0,,2,1.26,30,32,-2,-0.09,0.89,,
1818,Maxim Leitsch,de GER,DF,Mainz 05,de Bundesliga,27,1998,3,162,54,5.3,1.8,2,76,1,1,10,10,1,0,4,-4,-2.22,-2.07,,
1819,Álvaro Leiva,es ESP,FW,Real Madrid,es La Liga,22,2002,1,4,4,0.1,0,0,,0,1,4,1,3,0,0,0,0,-1.11,,
1820,Florian Lejeune,fr FRA,DF,Rayo Vallecano,es La Liga,34,1991,36,3230,90,94.4,35.9,36,90,35,0,,1,1.22,38,43,-5,-0.14,-1.09,,
1821,Youssef Lekhedim,es ESP,DFMF,Alavés,es La Liga,19,2005,25,1335,53,39,14.8,13,83,7,12,21,11,1.15,19,22,-3,-0.2,0.19,,
1822,Iñigo Lekue,es ESP,DF,Athletic Club,es La Liga,32,1993,11,600,55,17.5,6.7,8,70,4,3,14,17,1.25,10,14,-4,-0.6,-0.25,,
1823,Thomas Lemar,fr FRA,MF,Girona,es La Liga,29,1995,27,1258,47,36.8,14,14,69,1,13,22,2,1,15,16,-1,-0.07,0.55,,
1824,Félix Lemaréchal,fr FRA,MFFW,Strasbourg,fr Ligue 1,21,2003,11,555,50,18.1,6.2,7,68,1,4,20,1,1.73,10,6,4,0.65,0.4,,
1825,Louis Lemke,de GER,DF,Hamburger SV,de Bundesliga,15,2009,1,1,1,0,0,0,,0,1,1,1,3,0,0,0,0,0.41,,
1826,Tim Lemperle,de GER,FW,Hoffenheim,de Bundesliga,23,2002,29,1944,67,63.5,21.6,24,76,1,5,22,0,1.86,47,30,17,0.79,1.11,,
1827,Ruben Lendinez,es ESP,DF,Valencia,es La Liga,22,2003,1,4,4,0.1,0,0,,0,1,4,24,3,0,0,0,0,0.24,,
1828,Clément Lenglet,fr FRA,DF,Atlético Madrid,es La Liga,30,1995,19,1391,73,40.7,15.5,17,80,12,2,19,15,1.63,24,21,3,0.19,-0.47,,
1829,Oscar Lenne,fr FRA,MF,Lens,fr Ligue 1,18,2006,0,,,,,0,,0,0,,3,,,,,,,,
1830,Bernd Leno,de GER,GK,Fulham,eng Premier League,33,1992,38,3420,90,100,38,38,90,38,0,,0,1.37,47,51,-4,-0.11,,,
1831,Diego León,py PAR,DF,Manchester Utd,eng Premier League,18,2007,0,,,,,0,,0,0,,3,,,,,,,,
1832,Donovan Léon,gf GUF,GK,Auxerre,fr Ligue 1,32,1992,29,2460,85,80.4,27.3,29,85,26,0,,0,1.03,24,35,-11,-0.4,-0.55,,
1833,Pietro Leonardelli,it ITA,GK,Fiorentina,it Serie A,19,2006,0,,,,,0,,0,0,,4,,,,,,,,
1834,Giovanni Leoni,it ITA,DF,Liverpool,eng Premier League,18,2006,0,,,,,0,,0,0,,1,,,,,,,,
1835,Esteban Lepaul,fr FRA,FW,Angers,fr Ligue 1,25,2000,2,174,87,5.7,1.9,2,87,1,0,,0,1.5,1,1,0,0,0.59,,
1836,Esteban Lepaul,fr FRA,FW,Rennes,fr Ligue 1,25,2000,32,2511,78,82.1,27.9,31,80,11,1,29,0,1.75,49,38,11,0.39,0.72,,
1837,Johann Lepenant,fr FRA,MF,Nantes,fr Ligue 1,22,2002,27,2173,80,73.2,24.1,23,88,17,4,40,0,0.68,21,33,-12,-0.5,0.75,,
1838,Mehdi Léris,dz ALG,MF,Pisa,it Serie A,27,1998,34,1900,56,55.6,21.1,21,73,5,13,28,3,0.47,16,42,-26,-1.23,-0.11,,
1839,Jefferson Lerma,co COL,MFDF,Crystal Palace,eng Premier League,30,1994,31,1733,56,50.7,19.3,18,83,15,13,18,4,1.19,19,25,-6,-0.31,-0.1,,
1840,Louis Leroux,fr FRA,MFDF,Nantes,fr Ligue 1,19,2006,23,1441,63,48.5,16,16,79,7,7,24,3,0.87,13,24,-11,-0.69,0.02,,
1841,Benjamin Leroy,fr FRA,GK,Lorient,fr Ligue 1,36,1989,0,,,,,0,,0,0,,4,,,,,,,,
1842,Jiří Letáček,,GK,Getafe,es La Liga,26,1999,0,,,,,0,,0,0,,36,,,,,,,,
1843,Sergej Levak,hr CRO,MF,Atalanta,it Serie A,19,2006,0,,,,,0,,0,0,,2,,,,,,,,
1844,Robert Lewandowski,pl POL,FW,Barcelona,es La Liga,36,1988,31,1664,54,48.7,18.5,17,80,10,14,22,4,2.45,52,19,33,1.78,0.45,,
1845,Jamie Leweling,de GER,MF,Stuttgart,de Bundesliga,24,2001,32,2367,74,77.4,26.3,26,84,10,6,29,0,1.75,50,40,10,0.38,-1.18,,
1846,Rico Lewis,eng ENG,DF,Manchester City,eng Premier League,20,2004,11,407,37,11.9,4.5,4,84,3,7,10,16,1.73,7,7,0,0,-1.25,,
1847,Keane Lewis-Potter,eng ENG,DFMF,Brentford,eng Premier League,24,2001,36,1972,55,57.7,21.9,22,81,10,14,14,2,1.39,28,32,-4,-0.18,-0.62,,
1848,Myles Lewis-Skelly,eng ENG,MFDF,Arsenal,eng Premier League,18,2006,20,709,35,20.7,7.9,5,86,4,15,19,17,2.5,16,8,8,1.02,-0.18,,
1849,Luca Lezzerini,it ITA,GK,Fiorentina,it Serie A,30,1995,1,4,4,0.1,0,0,,0,1,4,33,1,0,0,0,0,0.24,,
1850,Adrian Lickūnas,lt LTU,FW,Cremonese,it Serie A,19,2006,0,,,,,0,,0,0,,1,,,,,,,,
1851,Yann Liénard,fr FRA,GK,Monaco,fr Ligue 1,22,2003,0,,,,,0,,0,0,,17,,,,,,,,
1852,Philipp Lienhart,at AUT,DF,Freiburg,de Bundesliga,29,1996,20,1302,65,42.5,14.5,14,81,9,6,28,2,1.5,28,22,6,0.41,1.03,,
1853,Jayden Lienou,wls WAL,DF,Leeds United,eng Premier League,17,2008,0,,,,,0,,0,0,,2,,,,,,,,
1854,Matthijs de Ligt,nl NED,DF,Manchester Utd,eng Premier League,25,1999,13,1170,90,34.2,13,13,90,13,0,,0,1.62,21,20,1,0.08,-0.64,,
1855,Pedro Lima,br BRA,MF,Wolves,eng Premier League,19,2006,9,260,29,7.6,2.9,3,65,0,6,11,9,0.44,0,6,-6,-2.08,-1.08,,
1856,Paolo Limon,fr FRA,MF,Rennes,fr Ligue 1,19,2005,0,,,,,0,,0,0,,1,,,,,,,,
1857,Victor Lindelöf,se SWE,DFMF,Aston Villa,eng Premier League,31,1994,17,948,56,27.7,10.5,11,83,8,6,6,17,2.18,20,15,5,0.47,0.4,,
1858,Jesper Lindstrøm,dk DEN,MF,Wolfsburg,de Bundesliga,25,2000,13,379,29,12.4,4.2,4,58,0,9,17,1,0.23,4,12,-8,-1.9,-1.36,,
1859,Luca Lipani,it ITA,MF,Sassuolo,it Serie A,20,2005,24,1034,43,30.2,11.5,10,72,2,14,23,13,1.17,14,14,0,0,0.15,,
1860,Pol Lirola,es ESP,MF,Hellas Verona,it Serie A,27,1997,6,305,51,8.9,3.4,3,70,0,3,32,8,0.5,1,6,-5,-1.48,-0.58,,
1861,Pol Lirola,es ESP,DFMF,Marseille,fr Ligue 1,27,1997,3,34,11,1.1,0.4,0,,0,3,11,1,1.33,0,2,-2,-5.29,-5.89,,
1862,Adrián Liso,es ESP,FWMF,Getafe,es La Liga,20,2005,28,1702,61,49.8,18.9,21,75,4,7,18,6,1.36,13,18,-5,-0.26,-0.21,,
1863,Joseph Liteta,zm ZAM,MF,Cagliari,it Serie A,19,2006,4,264,66,7.7,2.9,4,66,1,0,,21,0.5,3,6,-3,-1.02,-0.74,,
1864,Dominik Livaković,hr CRO,GK,Girona,es La Liga,30,1995,0,,,,,0,,0,0,,16,,,,,,,,
1865,Dailon Livramento,cv CPV,FW,Hellas Verona,it Serie A,24,2001,0,,,,,0,,0,0,,1,,,,,,,,
1866,Tino Livramento,eng ENG,DF,Newcastle,eng Premier League,22,2002,17,1328,78,38.8,14.8,14,88,12,3,33,0,1.47,22,14,8,0.54,0.97,,
1867,Marin Ljubicic,hr CRO,FW,Union Berlin,de Bundesliga,23,2002,2,22,11,0.7,0.2,0,,0,2,11,9,1,2,0,2,8.18,8.66,,
1868,Javier Llabrés,es ESP,MF,Mallorca,es La Liga,22,2002,16,187,12,5.5,2.1,1,61,0,15,8,18,0.94,3,4,-1,-0.48,-0.23,,
1869,Yann Llahona Bonaterra,fr FRA,GK,Angers,fr Ligue 1,18,2007,0,,,,,0,,0,0,,1,,,,,,,,
1870,Diego Llorente,es ESP,DF,Real Betis,es La Liga,31,1993,18,1229,68,35.9,13.7,14,78,10,4,36,11,1.56,24,12,12,0.88,0.92,,
1871,Marcos Llorente,es ESP,DFMF,Atlético Madrid,es La Liga,30,1995,29,2181,75,63.8,24.2,25,83,19,4,28,1,1.97,45,26,19,0.78,0.86,,
1872,Gautier Lloris,fr FRA,DF,Le Havre,fr Ligue 1,30,1995,29,2398,83,78.4,26.6,28,85,25,1,12,0,1.03,25,31,-6,-0.23,0.59,,
1873,Giovani Lo Celso,ar ARG,MF,Real Betis,es La Liga,29,1996,24,1393,58,40.7,15.5,15,73,2,9,34,3,1.67,25,16,9,0.58,0.49,,
1874,Danny Loader,cm CMR,MFFW,Auxerre,fr Ligue 1,24,2000,30,2517,84,82.3,28,29,86,17,1,29,0,0.93,27,36,-9,-0.32,-0.16,,
1875,Stanislav Lobotka,sk SVK,MF,Napoli,it Serie A,30,1994,32,2431,76,71.1,27,29,82,19,3,22,0,1.91,44,30,14,0.52,-0.21,,
1876,Manuel Locatelli,it ITA,MF,Juventus,it Serie A,27,1998,36,2994,83,87.5,33.3,36,83,24,0,,1,1.86,49,28,21,0.63,-0.64,,
1877,Bradley Locko,fr FRA,DF,Brest,fr Ligue 1,23,2002,21,1286,61,42,14.3,14,84,8,7,17,1,1.1,20,23,-3,-0.21,0.25,,
1878,Ruben Loftus-Cheek,eng ENG,MFFW,Milan,it Serie A,29,1996,28,1133,40,33.1,12.6,12,68,3,16,20,4,1.86,19,11,8,0.64,0.24,,
1879,Niklas Lomb,de GER,GK,Leverkusen,de Bundesliga,32,1993,0,,,,,0,,0,0,,13,,,,,,,,
1880,Miguel Londoño,es ESP,MF,Espanyol,es La Liga,18,2007,0,,,,,0,,0,0,,2,,,,,,,,
1881,Sean Longstaff,eng ENG,MF,Leeds United,eng Premier League,27,1997,23,1011,44,29.6,11.2,10,84,7,13,13,6,1.35,12,20,-8,-0.71,-0.75,,
1882,Ademola Lookman,ng NGA,FWMF,Atalanta,it Serie A,27,1997,12,795,66,23.2,8.8,9,83,4,3,16,1,1.33,10,13,-3,-0.34,-0.96,,
1883,Ademola Lookman,ng NGA,FWMF,Atlético Madrid,es La Liga,27,1997,12,617,51,18,6.9,9,60,0,3,24,2,1.5,9,11,-2,-0.29,-0.93,,
1884,Anthony Lopes,pt POR,GK,Nantes,fr Ligue 1,34,1990,31,2788,90,93.9,31,31,90,30,0,,0,0.63,25,51,-26,-0.84,-2.32,,
1885,Alberto López,es ESP,GK,Sevilla,es La Liga,21,2003,0,,,,,0,,0,0,,11,,,,,,,,
1886,David López,es ESP,DF,Girona,es La Liga,35,1989,6,293,49,8.6,3.3,3,76,1,3,21,18,0.67,2,7,-5,-1.54,-1.22,,
1887,David López,es ESP,DF,Mallorca,es La Liga,22,2003,14,837,60,24.5,9.3,9,82,7,5,20,24,1.07,12,19,-7,-0.75,-0.65,,
1888,Diego López,es ESP,MFFW,Valencia,es La Liga,23,2002,34,1762,52,51.5,19.6,20,74,6,14,20,2,1.35,15,30,-15,-0.77,-1.09,,
1889,Fer López,es ESP,MF,Wolves,eng Premier League,21,2004,9,235,26,6.9,2.6,2,55,0,7,18,11,0.11,3,9,-6,-2.3,-1.31,,
1890,Fer López,es ESP,MFFW,Celta Vigo,es La Liga,21,2004,17,1170,69,34.2,13,13,81,5,4,30,0,1.29,17,19,-2,-0.15,-0.43,,
1891,Fermin López,es ESP,MF,Barcelona,es La Liga,22,2003,30,1797,60,52.5,20,19,75,7,11,33,1,2.63,54,18,36,1.8,0.53,,
1892,Hugo López,es ESP,MF,Villarreal,es La Liga,18,2007,2,56,28,1.6,0.6,1,45,0,1,11,9,1.5,0,2,-2,-3.21,-3.96,,
1893,Javi López,es ESP,DF,Oviedo,es La Liga,23,2002,25,1711,68,50,19,20,82,12,5,15,7,0.84,17,28,-11,-0.58,0.63,,
1894,Julien López,dz ALG,FWMF,Paris FC,fr Ligue 1,33,1992,5,45,9,1.5,0.5,0,,0,5,9,12,0.6,0,1,-1,-2,-1.94,,
1895,Maxime Lopez,fr FRA,MF,Paris FC,fr Ligue 1,27,1997,26,1960,75,64.1,21.8,22,83,17,4,32,2,1.19,29,36,-7,-0.32,-0.65,,
1896,Pablo López,es ESP,FW,Valencia,es La Liga,19,2006,0,,,,,0,,0,0,,3,,,,,,,,
1897,Pau López,es ESP,GK,Real Betis,es La Liga,30,1994,9,810,90,23.7,9,9,90,9,0,,23,1.56,13,11,2,0.22,-0.09,,
1898,Unai López,es ESP,MF,Rayo Vallecano,es La Liga,29,1995,28,1612,58,47.1,17.9,19,75,4,9,20,4,1.46,20,13,7,0.39,0.89,,
1899,Dachi Lordkipanidze,ge GEO,MF,Cremonese,it Serie A,20,2005,1,29,29,0.8,0.3,0,,0,1,29,20,1,0,0,0,0,0.66,,
1900,Lorran,br BRA,FW,Pisa,it Serie A,19,2006,9,122,14,3.6,1.4,0,,0,9,14,19,0.11,2,8,-6,-4.43,-3.36,,
1901,Iker Losada,es ESP,MF,Levante,es La Liga,23,2001,23,902,39,26.4,10,10,62,0,13,22,14,1,14,16,-2,-0.2,0.23,,
1902,Iker Losada,es ESP,MF,Real Betis,es La Liga,23,2001,0,,,,,0,,0,0,,1,,,,,,,,
1903,Simone Lottici Tessadri,it ITA,MF,Cremonese,it Serie A,19,2006,1,6,6,0.2,0.1,0,,0,1,6,2,0,0,0,0,0,0.66,,
1904,Tom Louchet,fr FRA,MF,Nice,fr Ligue 1,22,2003,27,1367,51,44.7,15.2,14,79,4,13,20,4,1.07,15,28,-13,-0.86,-0.32,,
1905,Marius Louer,fr FRA,DF,Angers,fr Ligue 1,18,2007,9,543,60,17.7,6,6,87,5,3,8,7,0.33,5,13,-8,-1.33,-0.93,,
1906,Sandi Lovrić,si SVN,MF,Udinese,it Serie A,27,1998,6,161,27,4.7,1.8,1,60,0,5,20,14,0.67,2,5,-3,-1.68,-1.68,,
1907,Sandi Lovrić,si SVN,MF,Hellas Verona,it Serie A,27,1998,7,309,44,9,3.4,3,75,0,4,21,0,0.57,0,3,-3,-0.87,0.08,,
1908,Felipe Loyola,cl CHI,MF,Pisa,it Serie A,24,2000,11,538,49,15.7,6,6,64,0,5,31,5,0.09,3,15,-12,-2.01,-0.98,,
1909,Joan Lozano,es ESP,DF,Real Madrid,es La Liga,17,2007,0,,,,,0,,0,0,,3,,,,,,,,
1910,Pol Lozano,es ESP,MF,Espanyol,es La Liga,25,1999,33,2157,65,63.1,24,28,74,10,5,15,2,1.33,30,36,-6,-0.25,0.18,,
1911,Sergio Lozano,es ESP,MF,Levante,es La Liga,26,1999,1,12,12,0.4,0.1,0,,0,1,12,2,0,0,1,-1,-7.5,-7.16,,
1912,Lucas,br BRA,MFDF,Burnley,eng Premier League,24,2001,20,1409,70,41.2,15.7,15,87,14,5,21,13,0.45,16,29,-13,-0.83,0.24,,
1913,Lorenzo Lucca,it ITA,FW,Napoli,it Serie A,24,2000,16,408,26,11.9,4.5,4,72,0,12,10,4,1.88,4,3,1,0.22,-0.41,,
1914,Lorenzo Lucca,it ITA,FW,Nottingham,eng Premier League,24,2000,4,129,32,3.8,1.4,1,70,0,3,20,2,0.5,2,1,1,0.7,0.81,,
1915,Dimitri Lucea,fr FRA,DF,PSG,fr Ligue 1,18,2007,2,60,30,2,0.7,1,45,0,1,15,1,1.5,1,0,1,1.5,0.18,,
1916,Lorenzo Luchino,ar ARG,GK,Sevilla,es La Liga,19,2006,0,,,,,0,,0,0,,1,,,,,,,,
1917,Jhon Lucumí,co COL,DF,Bologna,it Serie A,27,1998,29,2287,79,66.9,25.4,26,85,23,3,22,4,1.48,33,28,5,0.2,0.36,,
1918,Oier Luengo,es ESP,DF,Oviedo,es La Liga,27,1997,3,225,75,6.6,2.5,3,75,2,0,,12,0.25,2,6,-4,-1.6,-0.75,,
1919,Yannik Lührs,de GER,DF,Dortmund,de Bundesliga,21,2003,0,,,,,0,,0,0,,1,,,,,,,,
1920,Florentino Luís,pt POR,MF,Burnley,eng Premier League,25,1999,31,2105,68,61.5,23.4,25,79,9,6,20,4,0.52,20,45,-25,-1.07,-0.25,,
1921,José Luis Gayà,es ESP,DF,Valencia,es La Liga,30,1995,32,2448,77,71.6,27.2,31,79,16,1,9,2,1.16,23,37,-14,-0.51,-0.98,,
1922,Jon de Luis,es ESP,DF,Athletic Club,es La Liga,21,2003,0,,,,,0,,0,0,,6,,,,,,,,
1923,Mario de Luis,es ESP,GK,Atlético Madrid,es La Liga,23,2002,0,,,,,0,,0,0,,5,,,,,,,,
1924,José Luis Morales,es ESP,MF,Levante,es La Liga,38,1987,20,363,18,10.6,4,1,58,0,19,16,15,1,9,7,2,0.5,0.97,,
1925,Douglas Luiz,br BRA,MF,Aston Villa,eng Premier League,27,1998,13,604,46,17.7,6.7,7,75,1,6,13,2,1.23,5,8,-3,-0.45,-0.77,,
1926,Douglas Luiz,br BRA,MF,Nottingham,eng Premier League,27,1998,8,315,39,9.2,3.5,5,51,0,3,19,6,0.63,1,7,-6,-1.71,-1.8,,
1927,Romelu Lukaku,be BEL,FW,Napoli,it Serie A,32,1993,5,44,9,1.3,0.5,0,,0,5,9,4,1.8,1,2,-1,-2.05,-2.66,,
1928,Castello Lukeba,fr FRA,DF,RB Leipzig,de Bundesliga,22,2002,26,2176,84,71.1,24.2,24,88,22,2,27,2,1.88,50,33,17,0.7,0.5,,
1929,Dodi Lukebakio,be BEL,MF,Sevilla,es La Liga,27,1997,2,180,90,5.3,2,2,90,2,0,,0,0,3,5,-2,-1,-0.67,,
1930,Saša Lukić,rs SRB,MF,Fulham,eng Premier League,28,1996,26,1734,67,50.7,19.3,20,80,12,6,24,3,1.19,16,22,-6,-0.31,-0.42,,
1931,Emanuele Lulli,it ITA,DF,Roma,it Serie A,17,2007,0,,,,,0,,0,0,,4,,,,,,,,
1932,Daniel Luna,co COL,MF,Mallorca,es La Liga,22,2003,0,,,,,0,,0,0,,2,,,,,,,,
1933,Kristoffer Lund,us USA,DFMF,Köln,de Bundesliga,23,2002,33,2276,69,74.4,25.3,26,81,12,7,24,1,0.97,35,47,-12,-0.47,-0.24,,
1934,Andriy Lunin,ua UKR,GK,Real Madrid,es La Liga,26,1999,6,540,90,15.8,6,6,90,6,0,,27,2,12,8,4,0.67,-0.52,,
1935,Sebastiano Luperto,it ITA,DF,Cremonese,it Serie A,28,1996,15,1307,87,38.2,14.5,15,87,12,0,,0,0.73,11,26,-15,-1.03,-0.61,,
1936,Sebastiano Luperto,it ITA,DF,Cagliari,it Serie A,28,1996,19,1706,90,49.9,19,19,90,18,0,,4,1.32,22,24,-2,-0.11,0.47,,
1937,Matteo Luppichini,it ITA,GK,Pisa,it Serie A,17,2008,0,,,,,0,,0,0,,4,,,,,,,,
1938,Iker Luque,es ESP,DF,Atlético Madrid,es La Liga,20,2005,1,28,28,0.8,0.3,0,,0,1,28,6,3,2,0,2,6.43,6,,
1939,Mateus Lusuardi,br BRA,DF,Pisa,it Serie A,21,2004,3,198,66,5.8,2.2,3,66,1,0,,5,0,2,5,-3,-1.36,-0.19,,
1940,Zito Luvumbo,ao ANG,FWMF,Mallorca,es La Liga,23,2002,10,508,51,14.9,5.6,6,68,1,4,25,4,1.3,7,5,2,0.35,0.73,,
1941,Zito Luvumbo,ao ANG,MFFW,Cagliari,it Serie A,23,2002,12,329,27,9.6,3.7,2,58,0,10,21,6,0.5,4,8,-4,-1.09,-0.83,,
1942,Babis Lykogiannis,gr GRE,DF,Bologna,it Serie A,31,1993,10,627,63,18.3,7,7,81,4,3,19,23,0.7,5,8,-3,-0.43,-0.62,,
1943,Senne Lynen,be BEL,MF,Werder Bremen,de Bundesliga,26,1999,31,2752,89,89.9,30.6,31,89,26,0,,0,0.9,33,54,-21,-0.69,-0.1,,
1944,Ernestas Lysionok,lt LTU,GK,Genoa,it Serie A,18,2007,0,,,,,0,,0,0,,9,,,,,,,,
1945,Mathias Løvik,no NOR,MF,Parma,it Serie A,21,2003,9,471,52,13.8,5.2,5,79,2,4,19,10,1,5,8,-3,-0.57,-0.12,,
1946,Ian Maatsen,nl NED,DF,Aston Villa,eng Premier League,23,2002,30,1605,54,46.9,17.8,17,82,8,13,17,8,1.7,29,27,2,0.11,-0.14,,
1947,Alexis Mac Allister,ar ARG,MF,Liverpool,eng Premier League,26,1998,37,2658,72,77.7,29.5,31,82,20,6,20,0,1.54,45,41,4,0.14,-0.57,,
1948,Tommaso Macchioni,it ITA,DF,Sassuolo,it Serie A,19,2006,1,90,90,2.6,1,1,90,1,0,,5,0,0,1,-1,-1,-0.92,,
1949,Deiver Machado,co COL,DFMF,Nantes,fr Ligue 1,31,1993,14,907,65,30.5,10.1,12,70,6,2,37,1,0.86,8,13,-5,-0.5,0.29,,
1950,Deiver Machado,co COL,MF,Lens,fr Ligue 1,31,1993,5,273,55,8.9,3,4,68,1,1,1,3,1.8,2,3,-1,-0.33,-1.36,,
1951,Koki Machida,jp JPN,DF,Hoffenheim,de Bundesliga,27,1997,1,44,44,1.4,0.5,1,44,0,0,,0,3,1,1,0,0,-0.39,,
1952,Lanroy Machine,fr FRA,FW,Angers,fr Ligue 1,19,2005,22,519,24,17,5.8,3,66,0,19,17,4,0.91,7,7,0,0,0.67,,
1953,Shuto Machino,jp JPN,FWMF,Gladbach,de Bundesliga,25,1999,32,1076,34,35.2,12,9,79,2,23,16,1,1.16,13,32,-19,-1.59,-1.95,,
1954,Carlos Macià,es ESP,MF,Villarreal,es La Liga,16,2008,5,83,17,2.4,0.9,0,,0,5,17,3,1.8,2,1,1,1.08,0.41,,
1955,James Maddison,eng ENG,FWMF,Tottenham,eng Premier League,28,1996,3,37,12,1.1,0.4,0,,0,3,12,3,1.33,1,0,1,2.43,2.7,,
1956,Brian Madjo,lu LUX,FW,Metz,fr Ligue 1,16,2009,5,157,31,5.1,1.7,2,69,0,3,7,4,0,0,3,-3,-1.72,-0.45,,
1957,Noni Madueke,eng ENG,FWMF,Arsenal,eng Premier League,23,2002,26,1211,47,35.4,13.5,16,64,0,10,18,6,1.96,24,9,15,1.11,-0.07,,
1958,Pablo Maffeo,es ESP,DF,Mallorca,es La Liga,28,1997,31,2662,86,77.8,29.6,30,87,20,1,45,1,1.13,37,41,-4,-0.14,0.58,,
1959,Gabriel Magalhães,br BRA,DF,Arsenal,eng Premier League,27,1997,32,2751,86,80.4,30.6,30,90,29,2,33,0,2.25,56,20,36,1.18,0.1,,
1960,Soungoutou Magassa,fr FRA,MF,West Ham,eng Premier League,21,2003,22,981,45,28.7,10.9,11,74,2,11,15,12,0.73,11,23,-12,-1.1,-0.84,,
1961,Hugo Magnetti,fr FRA,MF,Brest,fr Ligue 1,27,1998,33,2688,81,87.8,29.9,31,85,20,2,19,0,1.18,39,46,-7,-0.23,0.98,,
1962,Frank Magri,cm CMR,FWMF,Toulouse,fr Ligue 1,25,1999,17,1253,74,42.2,13.9,16,77,3,1,28,0,1.53,18,17,1,0.07,0.07,,
1963,Harry Maguire,eng ENG,DF,Manchester Utd,eng Premier League,32,1993,23,1653,72,48.3,18.4,19,84,13,4,13,3,2.04,36,19,17,0.93,0.82,,
1964,Arne Maier,de GER,MF,Augsburg,de Bundesliga,26,1999,1,4,4,0.1,0,0,,0,1,4,10,3,0,0,0,0,0.47,,
1965,Mike Maignan,fr FRA,GK,Milan,it Serie A,30,1995,37,3295,89,96.3,36.6,37,89,36,0,,0,1.81,49,35,14,0.38,-2.5,,
1966,Linton Maina,de GER,MFFW,Köln,de Bundesliga,26,1999,24,1023,43,33.4,11.4,9,70,0,15,26,4,0.92,15,24,-9,-0.79,-0.57,,
1967,Patrick Mainka,de GER,DF,Heidenheim,de Bundesliga,30,1994,34,3060,90,100,34,34,90,34,0,,0,0.76,41,72,-31,-0.91,,,
1968,Kobbie Mainoo,eng ENG,MF,Manchester Utd,eng Premier League,20,2005,28,1662,59,48.6,18.5,16,89,14,12,20,4,2.21,38,22,16,0.87,0.71,,
1969,Ainsley Maitland-Niles,eng ENG,DFMF,Lyon,fr Ligue 1,27,1997,30,2483,83,81.1,27.6,28,85,22,2,48,0,1.83,48,35,13,0.47,0.47,,
1970,Radosław Majecki,pl POL,GK,Brest,fr Ligue 1,25,1999,10,864,86,28.2,9.6,10,86,9,0,,16,0.7,9,15,-6,-0.62,-0.38,,
1971,Lovro Majer,hr CRO,MF,Wolfsburg,de Bundesliga,27,1998,28,1371,49,44.8,15.2,16,70,1,12,21,4,0.75,20,30,-10,-0.66,0.09,,
1972,Hamidou Makalou,ml MLI,MF,Brest,fr Ligue 1,19,2006,17,341,20,11.1,3.8,2,79,1,15,12,16,0.59,3,9,-6,-1.58,-1.38,,
1973,Jean-Victor Makengo,fr FRA,MF,Lorient,fr Ligue 1,27,1998,31,1800,58,58.8,20,23,70,2,8,23,3,1.35,27,26,1,0.05,0.34,,
1974,Jordy Makengo,fr FRA,DF,Freiburg,de Bundesliga,23,2001,20,1178,59,38.5,13.1,12,85,9,8,19,9,1.45,19,20,-1,-0.08,0.16,,
1975,Andrija Maksimović,rs SRB,FW,RB Leipzig,de Bundesliga,18,2007,8,93,12,3,1,0,,0,8,12,14,1.63,0,2,-2,-1.94,-2.57,,
1976,Said El Mala,de GER,FWMF,Köln,de Bundesliga,18,2006,34,1956,58,63.9,21.7,20,79,6,14,28,0,0.94,32,37,-5,-0.23,0.5,,
1977,Tyrell Malacia,nl NED,DF,Manchester Utd,eng Premier League,25,1999,3,18,6,0.5,0.2,0,,0,3,6,25,2,0,1,-1,-5,-5.53,,
1978,Julián Malatini,ar ARG,DF,Werder Bremen,de Bundesliga,24,2001,11,516,47,16.9,5.7,5,71,1,6,27,7,1,4,12,-8,-1.4,-0.86,,
1979,Daniel Maldini,it ITA,FW,Lazio,it Serie A,23,2001,12,687,57,20.1,7.6,9,69,2,3,21,2,1.83,8,11,-3,-0.39,-0.52,,
1980,Daniel Maldini,it ITA,MF,Atalanta,it Serie A,23,2001,9,264,29,7.7,2.9,3,63,0,6,13,12,1.78,1,2,-1,-0.34,-0.8,,
1981,Youssef Maleh,ma MAR,MF,Cremonese,it Serie A,26,1998,14,1100,79,32.2,12.2,14,79,7,0,,0,0.71,9,22,-13,-1.06,-0.6,,
1982,Youssef Maleh,ma MAR,MF,Lecce,it Serie A,26,1998,9,460,51,13.5,5.1,5,82,2,4,13,9,0.44,3,9,-6,-1.17,-0.69,,
1983,Donyell Malen,nl NED,FWMF,Aston Villa,eng Premier League,26,1999,21,656,31,19.2,7.3,5,71,0,16,19,0,2.05,11,10,1,0.14,-0.06,,
1984,Donyell Malen,nl NED,FW,Roma,it Serie A,26,1999,18,1467,82,42.9,16.3,18,82,7,0,,0,1.89,33,17,16,0.98,0.43,,
1985,Roberto Malfitano,it ITA,MF,Cagliari,it Serie A,18,2007,0,,,,,0,,0,0,,4,,,,,,,,
1986,Ruslan Malinovskyi,ua UKR,MF,Genoa,it Serie A,32,1993,34,2235,66,65.4,24.8,28,74,6,6,25,1,1.06,28,32,-4,-0.16,0.29,,
1987,Lennard Maloney,us USA,DFMF,Mainz 05,de Bundesliga,25,1999,21,485,23,15.8,5.4,4,78,2,17,10,11,1.52,3,12,-9,-1.67,-1.67,,
1988,Adrián Malovec,sk SVK,GK,Cremonese,it Serie A,17,2007,0,,,,,0,,0,0,,2,,,,,,,,
1989,Pape Mamadou Sy,sn SEN,GK,Metz,fr Ligue 1,28,1997,8,706,88,23.1,7.8,8,88,7,0,,9,0.38,7,20,-13,-1.66,-0.47,,
1990,Giorgi Mamardashvili,ge GEO,GK,Liverpool,eng Premier League,24,2000,10,867,87,25.4,9.6,10,87,9,0,,26,1,13,18,-5,-0.52,-1.05,,
1991,Felix Mambimbi,ch SUI,FWMF,Le Havre,fr Ligue 1,24,2001,17,530,31,17.3,5.9,7,62,0,10,9,13,0.94,4,8,-4,-0.68,-0.39,,
1992,Aitor Mañas,es ESP,FW,Alavés,es La Liga,22,2003,9,122,14,3.6,1.4,0,,0,9,14,10,1,2,3,-1,-0.74,-0.44,,
1993,Gianluca Mancini,it ITA,DF,Roma,it Serie A,29,1996,36,3059,85,89.4,34,36,85,27,0,,0,1.86,52,26,26,0.76,0.27,,
1994,Christos Mandas,gr GRE,GK,Bournemouth,eng Premier League,23,2001,0,,,,,0,,0,0,,15,,,,,,,,
1995,Christos Mandas,gr GRE,GK,Lazio,it Serie A,23,2001,0,,,,,0,,0,0,,22,,,,,,,,
1996,Reinildo Mandava,mz MOZ,DF,Sunderland,eng Premier League,31,1994,25,1966,79,57.5,21.8,23,83,19,2,23,0,1.6,28,26,2,0.09,0.59,,
1997,Aïssa Mandi,dz ALG,DF,Lille,fr Ligue 1,33,1991,29,2424,84,79.2,26.9,28,86,24,1,6,2,1.83,37,28,9,0.33,-0.51,,
1998,Rolando Mandragora,it ITA,MF,Fiorentina,it Serie A,28,1997,34,2421,71,70.8,26.9,30,75,11,4,41,1,1.03,29,33,-4,-0.15,0.3,,
1999,Filippo Mane,it ITA,DF,Dortmund,de Bundesliga,20,2005,4,131,33,4.3,1.5,2,65,0,2,1,8,2.5,4,2,2,1.37,0.33,,
2000,Mateus Mane,pt POR,MF,Wolves,eng Premier League,17,2007,27,1795,66,52.5,19.9,19,85,15,8,23,0,0.67,16,30,-14,-0.7,0.79,,
2001,Orel Mangala,be BEL,MF,Lyon,fr Ligue 1,27,1998,9,414,46,13.5,4.6,5,67,0,4,20,2,2.11,6,7,-1,-0.22,-0.69,,
2002,Stefano Mangiapoco,it ITA,GK,Juventus,it Serie A,21,2004,0,,,,,0,,0,0,,1,,,,,,,,
2003,Bendito Mantato,eng ENG,MF,Manchester Utd,eng Premier League,17,2008,1,16,16,0.5,0.2,0,,0,1,16,3,1,0,0,0,0,-0.5,,
2004,Brad Mantsounga,cg CGO,DF,Nice,fr Ligue 1,17,2007,1,90,90,2.9,1,1,90,1,0,,4,0,1,5,-4,-4,-3.42,,
2005,Johan Manzambi,ch SUI,MF,Freiburg,de Bundesliga,19,2005,27,2077,77,67.9,23.1,26,78,8,1,45,1,1.37,36,36,0,0,0.55,,
2006,Sekou Mara,fr FRA,FW,Auxerre,fr Ligue 1,23,2002,27,1226,45,40.1,13.6,14,71,1,13,17,2,0.96,17,17,0,0,0.49,,
2007,Sekou Mara,fr FRA,FW,Strasbourg,fr Ligue 1,23,2002,0,,,,,0,,0,0,,2,,,,,,,,
2008,Nikola Maraš,rs SRB,DF,Alavés,es La Liga,29,1995,0,,,,,0,,0,0,,1,,,,,,,,
2009,Alessandro Marcandalli,it ITA,DF,Genoa,it Serie A,22,2002,32,2597,81,75.9,28.9,29,87,24,3,28,4,1.22,36,36,0,0,1.09,,
2010,Marcão,br BRA,DF,Sevilla,es La Liga,29,1996,13,938,72,27.4,10.4,11,84,9,2,8,2,1.23,13,15,-2,-0.19,0.24,,
2011,Solly March,eng ENG,MF,Brighton,eng Premier League,31,1994,4,41,10,1.2,0.5,0,,0,4,10,2,1.5,0,1,-1,-2.2,-2.38,,
2012,Alex Marchal,es ESP,MF,Real Sociedad,es La Liga,17,2007,0,,,,,0,,0,0,,1,,,,,,,,
2013,Vincent Marchetti,fr FRA,MF,Paris FC,fr Ligue 1,28,1997,23,825,36,27,9.2,9,71,1,14,13,2,1.17,15,19,-4,-0.44,-0.48,,
2014,Filip Marchwiński,pl POL,MF,Lecce,it Serie A,23,2002,0,,,,,0,,0,0,,20,,,,,,,,
2015,Pablo Marí,es ESP,DF,Fiorentina,it Serie A,31,1993,11,808,73,23.6,9,9,86,7,2,15,6,0.55,9,19,-10,-1.11,-1.15,,
2016,José María Giménez,uy URU,DF,Atlético Madrid,es La Liga,30,1995,16,1178,74,34.4,13.1,13,85,12,3,26,4,1.88,20,14,6,0.46,-0.02,,
2017,Mariano,do DOM,FW,Alavés,es La Liga,31,1993,10,288,29,8.4,3.2,3,56,0,7,17,17,0.8,2,4,-2,-0.62,-0.34,,
2018,Luca Marianucci,it ITA,DF,Torino,it Serie A,21,2004,10,575,58,16.8,6.4,6,82,4,4,22,5,1.5,9,10,-1,-0.16,0.41,,
2019,Luca Marianucci,it ITA,DF,Napoli,it Serie A,21,2004,2,119,60,3.5,1.3,1,90,1,1,29,19,0.5,2,2,0,0,-0.6,,
2020,Arkaitz Mariezkurrena,es ESP,FW,Real Sociedad,es La Liga,20,2005,1,1,1,0,0,0,,0,1,1,0,1,0,1,-1,-90,-89.97,,
2021,Marius Marin,ro ROU,MF,Pisa,it Serie A,26,1998,23,1281,56,37.5,14.2,18,66,4,5,19,6,0.65,7,22,-15,-1.05,0.21,,
2022,Pablo Marín,es ESP,MF,Real Sociedad,es La Liga,22,2003,34,1502,44,43.9,16.7,15,71,4,19,23,4,1.26,28,35,-7,-0.42,-0.65,,
2023,Rafa Marín,es ESP,DF,Villarreal,es La Liga,23,2002,23,1979,86,57.9,22,21,89,19,2,56,13,2.04,39,26,13,0.59,-0.22,,
2024,Renato Marin,it ITA,GK,PSG,fr Ligue 1,19,2006,2,180,90,5.9,2,2,90,2,0,,17,2,3,2,1,0.5,-0.87,,
2025,Rodrigo Marina,es ESP,FW,Real Betis,es La Liga,19,2006,0,,,,,0,,0,0,,2,,,,,,,,
2026,João Mário Lopes,pt POR,DFMF,Bologna,it Serie A,25,2000,10,735,74,21.5,8.2,10,74,3,0,,5,2.1,10,7,3,0.37,0.37,,
2027,João Mário Lopes,pt POR,MF,Juventus,it Serie A,25,2000,10,258,26,7.5,2.9,2,72,0,8,14,12,2,6,2,4,1.4,0.74,,
2028,Guillermo Maripán,cl CHI,DF,Torino,it Serie A,31,1994,27,2145,79,62.7,23.8,24,84,20,3,41,10,1.15,25,37,-12,-0.5,-0.01,,
2029,Andrik Markgraf,de GER,DF,Union Berlin,de Bundesliga,18,2006,0,,,,,0,,0,0,,6,,,,,,,,
2030,Petar Markovic,at AUT,DF,Bologna,it Serie A,19,2006,0,,,,,0,,0,0,,1,,,,,,,,
2031,Omar Marmoush,eg EGY,FWMF,Manchester City,eng Premier League,26,1999,21,700,33,20.5,7.8,8,65,0,13,14,7,2.05,15,5,10,1.29,0.23,,
2032,Tomas Marques,es ESP,MF,Barcelona,es La Liga,18,2006,2,11,6,0.3,0.1,0,,0,2,6,17,1.5,0,0,0,0,-1.56,,
2033,Marquinhos,br BRA,DF,PSG,fr Ligue 1,31,1994,14,1052,75,34.4,11.7,11,90,11,3,21,15,2.21,24,6,18,1.54,0.33,,
2034,Unai Marrero,es ESP,GK,Real Sociedad,es La Liga,23,2001,1,90,90,2.6,1,1,90,1,0,,35,1,1,1,0,0,0.05,,
2035,Zachariah Marsh,eng ENG,FW,Crystal Palace,eng Premier League,19,2005,0,,,,,0,,0,0,,1,,,,,,,,
2036,Callum Marshall,nir NIR,FW,West Ham,eng Premier League,20,2004,2,60,30,1.8,0.7,0,,0,2,30,4,0,0,2,-2,-3,-2.54,,
2037,Eric Martel,de GER,MFDF,Köln,de Bundesliga,23,2002,31,2559,83,83.6,28.4,30,85,22,1,14,0,1,41,50,-9,-0.32,0.58,,
2038,Aarón Martín,es ESP,MFDF,Genoa,it Serie A,28,1997,33,2156,65,63,24,26,79,15,7,13,5,1.12,28,37,-9,-0.38,-0.3,,
2039,Carlos Martín,es ESP,MFFW,Rayo Vallecano,es La Liga,23,2002,11,450,41,13.2,5,7,57,0,4,12,8,1.36,5,11,-6,-1.2,-1.29,,
2040,Carlos Martín,es ESP,FWMF,Atlético Madrid,es La Liga,23,2002,0,,,,,0,,0,0,,18,,,,,,,,
2041,Gerard Martín,es ESP,DF,Barcelona,es La Liga,23,2002,32,2119,66,62,23.5,26,79,15,6,9,3,2.47,58,16,42,1.78,0.61,,
2042,Iván Martín,es ESP,MF,Girona,es La Liga,26,1999,35,2532,72,74,28.1,29,83,15,6,22,2,1.17,29,36,-7,-0.25,0.66,,
2043,Jon Martin,es ESP,DF,Real Sociedad,es La Liga,19,2006,25,2250,90,65.8,25,25,90,25,0,,8,1.2,42,44,-2,-0.08,-0.08,,
2044,Mario Martín,es ESP,MFFW,Getafe,es La Liga,21,2004,35,2125,61,62.1,23.6,26,71,6,9,32,0,1.29,19,27,-8,-0.34,-0.48,,
2045,Gabriel Martinelli,br BRA,FWMF,Arsenal,eng Premier League,24,2001,30,1081,36,31.6,12,11,64,2,19,20,6,2.2,22,8,14,1.17,0.01,,
2046,Tommaso Martinelli,it ITA,GK,Fiorentina,it Serie A,19,2006,0,,,,,0,,0,0,,18,,,,,,,,
2047,Antonio Martínez,es ESP,MF,Elche,es La Liga,19,2006,0,,,,,0,,0,0,,1,,,,,,,,
2048,Arnau Martinez,es ESP,DFMF,Girona,es La Liga,22,2003,35,2666,76,78,29.6,33,80,18,2,14,2,1.14,34,35,-1,-0.03,1.76,,
2049,Daniel Martinez,es ESP,DF,Atlético Madrid,es La Liga,21,2004,1,90,90,2.6,1,1,90,1,0,,3,0,1,2,-1,-1,-1.51,,
2050,Emiliano Martínez,ar ARG,GK,Aston Villa,eng Premier League,32,1992,32,2835,89,82.9,31.5,32,89,31,0,,0,1.69,46,39,7,0.22,0.22,,
2051,Joaquín Martínez Gauna,es ESP,MFDF,Sevilla,es La Liga,22,2003,21,1408,67,41.2,15.6,14,86,9,7,29,11,1.05,22,24,-2,-0.13,0.41,,
2052,Josep Martinez,es ESP,GK,Inter,it Serie A,27,1998,5,450,90,13.2,5,5,90,5,0,,29,2.6,13,4,9,1.8,0.44,,
2053,Lautaro Martínez,ar ARG,FW,Inter,it Serie A,27,1997,30,2159,72,63.1,24,27,77,4,3,24,3,2.4,60,21,39,1.63,0.56,,
2054,Lisandro Martínez,ar ARG,DF,Manchester Utd,eng Premier League,27,1998,18,1233,69,36.1,13.7,13,87,11,5,20,1,1.89,25,15,10,0.73,0.36,,
2055,Pablo Martínez,es ESP,MF,Levante,es La Liga,27,1998,27,1857,69,54.3,20.6,21,81,8,6,28,1,1.37,25,28,-3,-0.15,0.49,,
2056,Ramón Martínez,es ESP,DF,Sevilla,es La Liga,22,2002,2,102,51,3,1.1,0,,0,2,51,9,1.5,2,3,-1,-0.88,-0.53,,
2057,Toni Martínez,es ESP,FW,Alavés,es La Liga,28,1997,37,2714,73,79.4,30.2,32,80,12,5,28,1,1.08,40,41,-1,-0.03,1.37,,
2058,Adam Marušić,me MNE,DF,Lazio,it Serie A,32,1992,33,2778,84,81.2,30.9,32,86,25,1,30,1,1.45,29,30,-1,-0.03,-0.31,,
2059,Joyeux Masanka Bungi,be BEL,DF,RB Leipzig,de Bundesliga,18,2007,0,,,,,0,,0,0,,1,,,,,,,,
2060,Omar Mascarell,gq EQG,MFDF,Mallorca,es La Liga,32,1993,30,2239,75,65.5,24.9,26,81,17,4,32,4,1.2,32,35,-3,-0.12,0.41,,
2061,Adam Masina,ma MAR,DF,Torino,it Serie A,31,1994,5,235,47,6.9,2.6,2,90,2,3,18,8,0.2,3,11,-8,-3.06,-2.75,,
2062,Patrizio Masini,it ITA,MF,Genoa,it Serie A,24,2001,28,1413,50,41.3,15.7,13,88,11,15,18,9,1.07,15,22,-7,-0.45,-0.31,,
2063,Han-Noah Massengo,fr FRA,MF,Augsburg,de Bundesliga,24,2001,33,2427,74,79.3,27,29,80,14,4,26,0,1.27,31,52,-21,-0.78,-1.49,,
2064,Franco Mastantuono,ar ARG,MFFW,Real Madrid,es La Liga,17,2007,23,1037,45,30.3,11.5,11,70,1,12,22,10,2.48,29,9,20,1.74,0.9,,
2065,Arthur Masuaku,cd COD,DF,Sunderland,eng Premier League,31,1993,3,126,42,3.7,1.4,2,58,0,1,11,8,1.33,1,2,-1,-0.71,-0.58,,
2066,Arthur Masuaku,cd COD,DFMF,Lens,fr Ligue 1,31,1993,4,227,57,7.4,2.5,3,75,1,1,1,5,2.5,7,5,2,0.79,-0.13,,
2067,Clinton Mata,ao ANG,DF,Lyon,fr Ligue 1,32,1992,32,2833,89,92.6,31.5,32,89,29,0,,0,1.75,49,40,9,0.29,-1.3,,
2068,Igor Matanović,hr CRO,FW,Freiburg,de Bundesliga,22,2003,31,1571,51,51.3,17.5,14,84,8,17,23,1,1.52,27,27,0,0,0.36,,
2069,Pape Matar Sarr,sn SEN,MF,Tottenham,eng Premier League,22,2002,26,1398,54,40.9,15.5,13,89,11,13,19,3,1.12,21,23,-2,-0.13,0.18,,
2070,Jean-Philippe Mateta,fr FRA,FW,Crystal Palace,eng Premier League,28,1997,32,2218,69,64.9,24.6,25,81,12,7,27,0,1.09,23,29,-6,-0.24,0.06,,
2071,Nemanja Matić,rs SRB,MF,Sassuolo,it Serie A,36,1988,34,2660,78,77.8,29.6,31,82,19,3,35,0,1.24,35,39,-4,-0.14,-0.14,,
2072,Rudy Matondo,fr FRA,MF,Paris FC,fr Ligue 1,17,2008,11,743,68,24.3,8.3,8,81,3,3,31,0,1.82,12,9,3,0.36,0.6,,
2073,Rudy Matondo,fr FRA,MF,Auxerre,fr Ligue 1,17,2008,16,614,38,20.1,6.8,6,74,3,10,17,3,0.5,4,8,-4,-0.59,-0.37,,
2074,Chrislain Matsima,fr FRA,DF,Augsburg,de Bundesliga,23,2002,18,1489,83,48.7,16.5,17,87,15,1,5,0,1.11,23,33,-10,-0.6,-0.26,,
2075,Jean Mattéo Bahoya,fr FRA,MFFW,Frankfurt,de Bundesliga,20,2005,27,1331,49,43.5,14.8,15,69,4,12,25,2,1.26,22,28,-6,-0.41,-0.51,,
2076,Remi Matthews,eng ENG,GK,Crystal Palace,eng Premier League,31,1994,0,,,,,0,,0,0,,10,,,,,,,,
2077,Alan Matturro,uy URU,DF,Levante,es La Liga,20,2004,19,947,50,27.7,10.5,10,79,8,9,17,11,1,13,22,-9,-0.86,-0.67,,
2078,Giacomo Maucci,it ITA,MF,Pisa,it Serie A,18,2007,0,,,,,0,,0,0,,6,,,,,,,,
2079,Neal Maupay,fr FRA,FWMF,Marseille,fr Ligue 1,28,1996,1,2,2,0.1,0,0,,0,1,2,2,3,0,0,0,0,-0.53,,
2080,Neal Maupay,fr FRA,FW,Sevilla,es La Liga,28,1996,12,865,72,25.3,9.6,10,79,3,2,36,2,1.17,11,14,-3,-0.31,0.08,,
2081,Konstantinos Mavropanos,gr GRE,DF,West Ham,eng Premier League,27,1997,31,2534,82,74.1,28.2,27,90,27,4,26,3,1.03,34,44,-10,-0.36,0.56,,
2082,Christian Mawissa,fr FRA,DFMF,Monaco,fr Ligue 1,20,2005,18,1191,66,38.9,13.2,13,82,9,5,26,2,1.78,23,22,1,0.08,-0.17,,
2083,Yvan Maye,fr FRA,DF,Inter,it Serie A,19,2006,0,,,,,0,,0,0,,3,,,,,,,,
2084,Eliezer Mayenda,es ESP,FWMF,Sunderland,eng Premier League,20,2005,20,759,38,22.2,8.4,8,74,1,12,14,18,1.25,8,9,-1,-0.12,0.05,,
2085,Ezra Mayers,bb BRB,DF,West Ham,eng Premier League,18,2007,6,117,20,3.4,1.3,0,,0,6,20,8,0.33,0,3,-3,-2.31,-1.87,,
2086,Aaron Mayol,,MF,Valencia,es La Liga,,,0,,,,,0,,0,0,,1,,,,,,,,
2087,Borja Mayoral,es ESP,FW,Getafe,es La Liga,28,1997,16,1058,66,30.9,11.8,12,81,6,4,21,5,0.94,9,15,-6,-0.51,-0.51,,
2088,Senny Mayulu,fr FRA,MFFW,PSG,fr Ligue 1,19,2006,26,1672,64,54.6,18.6,21,73,6,5,29,0,2.12,37,15,22,1.18,-0.31,,
2089,Ibrahim Maza,dz ALG,MF,Leverkusen,de Bundesliga,19,2005,28,1849,66,60.4,20.5,20,79,9,8,33,2,1.64,42,27,15,0.73,0.28,,
2090,Noussair Mazraoui,ma MAR,DFMF,Manchester Utd,eng Premier League,27,1997,20,985,49,28.8,10.9,11,72,3,9,22,6,2,19,10,9,0.82,0.45,,
2091,Luca Mazzitelli,it ITA,MF,Cagliari,it Serie A,29,1995,18,767,43,22.4,8.5,9,65,1,9,20,10,1.33,12,9,3,0.35,0.89,,
2092,Alessandro Mazzocchi,it ITA,GK,Parma,it Serie A,17,2008,0,,,,,0,,0,0,,1,,,,,,,,
2093,Pasquale Mazzocchi,it ITA,MF,Napoli,it Serie A,30,1995,16,310,19,9.1,3.4,2,60,0,14,14,17,2.06,3,3,0,0,-0.64,,
2094,Nathan Mbala,,MFFW,Metz,fr Ligue 1,17,2008,13,441,34,14.4,4.9,4,64,0,9,21,1,0.23,8,11,-3,-0.61,0.8,,
2095,Jeremy Mbambi,be BEL,DF,Pisa,it Serie A,17,2008,0,,,,,0,,0,0,,12,,,,,,,,
2096,Samuel Mbangula,be BEL,MFFW,Werder Bremen,de Bundesliga,21,2004,26,1171,45,38.3,13,12,72,1,14,22,3,0.85,15,22,-7,-0.54,0.22,,
2097,Ethan Mbappé,fr FRA,MFFW,Lille,fr Ligue 1,18,2006,18,567,32,18.5,6.3,4,78,0,14,18,0,1.83,11,10,1,0.16,-0.35,,
2098,Kylian Mbappé,fr FRA,FW,Real Madrid,es La Liga,26,1998,31,2599,84,76,28.9,29,88,20,2,25,1,2.29,55,26,29,1,-0.42,,
2099,Ibrahim Mbaye,sn SEN,FWMF,PSG,fr Ligue 1,17,2008,24,1006,42,32.9,11.2,10,69,3,14,23,6,2.29,23,11,12,1.07,-0.37,,
2100,Malick Mbaye,sn SEN,MF,Metz,fr Ligue 1,21,2004,5,300,60,9.8,3.3,3,87,1,2,19,3,0.2,4,7,-3,-0.9,0.44,,
2101,Chancel Mbemba,cd COD,DF,Lille,fr Ligue 1,30,1994,13,954,73,31.2,10.6,9,90,9,4,36,16,2.23,22,15,7,0.66,0.32,,
2102,Bryan Mbeumo,cm CMR,MFFW,Manchester Utd,eng Premier League,25,1999,33,2609,79,76.3,29,31,83,13,2,19,0,1.97,57,36,21,0.72,0.95,,
2103,Hianga'a Mbock,fr FRA,MF,Brest,fr Ligue 1,25,1999,0,,,,,0,,0,0,,2,,,,,,,,
2104,Michel Mboula,ga GAB,DFMF,Metz,fr Ligue 1,22,2003,14,746,53,24.4,8.3,10,68,4,4,16,7,0.43,8,14,-6,-0.72,0.75,,
2105,Pathé Mboup,sn SEN,MF,Brest,fr Ligue 1,21,2003,28,1054,38,34.4,11.7,9,71,1,19,22,3,1.14,12,18,-6,-0.51,-0.24,,
2106,Moustapha Mbow,sn SEN,DF,Paris FC,fr Ligue 1,25,2000,31,2717,88,88.8,30.2,30,90,30,1,17,2,1.23,41,43,-2,-0.07,0.2,,
2107,Ryan Mcaidoo,eng ENG,FW,Manchester City,eng Premier League,17,2008,0,,,,,0,,0,0,,6,,,,,,,,
2108,James Mcatee,eng ENG,MF,Nottingham,eng Premier League,22,2002,14,298,21,8.7,3.3,2,75,1,12,12,21,0.71,4,9,-5,-1.51,-1.57,,
2109,James McConnell,eng ENG,MF,Liverpool,eng Premier League,20,2004,0,,,,,0,,0,0,,1,,,,,,,,
2110,John McGinn,sct SCO,MF,Aston Villa,eng Premier League,30,1994,30,2137,71,62.5,23.7,28,75,6,2,25,0,1.9,37,28,9,0.38,0.52,,
2111,Weston McKennie,us USA,MF,Juventus,it Serie A,26,1998,36,2835,79,82.9,31.5,32,87,23,4,13,1,1.81,53,31,22,0.7,-0.07,,
2112,Mark McKenzie,us USA,DF,Toulouse,fr Ligue 1,26,1999,29,2404,83,80.9,26.7,27,88,24,2,19,0,1.33,37,38,-1,-0.04,-0.36,,
2113,Kian McMahon-Brown,ie IRL,MF,Burnley,eng Premier League,16,2008,0,,,,,0,,0,0,,1,,,,,,,,
2114,Conor McManus,,DF,Brentford,eng Premier League,,,0,,,,,0,,0,0,,1,,,,,,,,
2115,Alfie McNally,eng ENG,GK,Fulham,eng Premier League,20,2004,0,,,,,0,,0,0,,1,,,,,,,,
2116,Dwight McNeil,eng ENG,MF,Everton,eng Premier League,25,1999,22,1168,53,34.2,13,14,76,3,8,13,14,1.45,14,9,5,0.39,0.7,,
2117,Scott McTominay,sct SCO,MF,Napoli,it Serie A,28,1996,33,2791,85,81.6,31,31,88,27,2,38,0,2.09,49,27,22,0.71,0.71,,
2118,Facundo Medina,ar ARG,DF,Marseille,fr Ligue 1,26,1999,17,1365,80,44.6,15.2,16,85,13,1,6,3,1.76,26,23,3,0.2,-0.6,,
2119,Jonas Meffert,de GER,MF,Hamburger SV,de Bundesliga,30,1994,4,145,36,4.7,1.6,1,66,0,3,26,9,1,0,4,-4,-2.48,-2.17,,
2120,Omar Megeed,de GER,MF,Hamburger SV,de Bundesliga,19,2005,0,,,,,0,,0,0,,5,,,,,,,,
2121,Henrik Meister,dk DEN,FW,Pisa,it Serie A,21,2003,28,1515,54,44.3,16.8,15,75,6,13,29,8,0.46,13,28,-15,-0.89,0.53,,
2122,Bamo Meïté,ci CIV,DF,Lorient,fr Ligue 1,23,2001,25,1979,79,64.7,22,22,87,18,3,23,3,1.44,31,29,2,0.09,0.51,,
2123,Kader Meïté,fr FRA,FW,Rennes,fr Ligue 1,17,2007,17,535,31,17.5,5.9,6,52,0,11,20,2,1.59,14,5,9,1.51,1.51,,
2124,Hannibal Mejbri,tn TUN,MF,Burnley,eng Premier League,22,2003,27,1229,46,35.9,13.7,15,70,3,12,15,2,0.74,16,27,-11,-0.81,0.26,,
2125,Cléo Melieres,fr FRA,FW,Metz,fr Ligue 1,20,2005,2,31,16,1,0.3,0,,0,2,16,11,1.5,1,3,-2,-5.81,-4.56,,
2126,Marlon Mena,do DOM,FW,Parma,it Serie A,18,2006,0,,,,,0,,0,0,,8,,,,,,,,
2127,Nuno Mendes,pt POR,DF,PSG,fr Ligue 1,23,2002,20,1256,63,41,14,13,85,10,7,22,4,2.25,29,12,17,1.22,-0.18,,
2128,Brais Méndez,es ESP,MFFW,Real Sociedad,es La Liga,28,1997,29,1660,57,48.5,18.4,21,71,3,8,22,5,1.24,26,27,-1,-0.05,0,,
2129,Rodrigo Mendoza,es ESP,MFFW,Elche,es La Liga,20,2005,16,794,50,23.2,8.8,6,85,2,10,29,3,0.94,11,15,-4,-0.45,-0.32,,
2130,Rodrigo Mendoza,es ESP,MF,Atlético Madrid,es La Liga,20,2005,8,434,54,12.7,4.8,8,54,0,0,,2,1.5,5,8,-3,-0.62,-1.26,,
2131,Antoine Mendy,sn SEN,DF,Nice,fr Ligue 1,21,2004,25,2097,84,68.5,23.3,24,87,21,1,11,6,0.92,26,38,-12,-0.52,0.51,,
2132,Batista Mendy,fr FRA,MF,Sevilla,es La Liga,25,2000,27,1617,60,47.3,18,19,78,10,8,17,5,1.15,16,26,-10,-0.56,-0.36,,
2133,Ferland Mendy,fr FRA,DF,Real Madrid,es La Liga,30,1995,5,207,41,6.1,2.3,3,64,2,2,7,10,2.2,4,2,2,0.87,-0.25,,
2134,Formose Mendy,sn SEN,DF,Lorient,fr Ligue 1,24,2001,2,135,68,4.4,1.5,2,68,1,0,,0,1.5,1,1,0,0,0.09,,
2135,Nobel Mendy,sn SEN,DF,Rayo Vallecano,es La Liga,20,2004,24,1797,75,52.5,20,22,79,12,2,27,7,1.25,21,26,-5,-0.25,-0.36,,
2136,Paul Mendy,sn SEN,FW,Cagliari,it Serie A,18,2007,9,335,37,9.8,3.7,3,72,1,6,20,6,1.44,5,6,-1,-0.27,0.08,,
2137,Diego Menéndez,es ESP,MF,Oviedo,es La Liga,20,2005,0,,,,,0,,0,0,,1,,,,,,,,
2138,Henrique Menke,br BRA,GK,Como,it Serie A,18,2007,0,,,,,0,,0,0,,1,,,,,,,,
2139,Gideon Mensah,gh GHA,DF,Auxerre,fr Ligue 1,27,1998,30,2327,78,76,25.9,26,86,16,4,22,2,1.03,27,28,-1,-0.04,1.07,,
2140,Jeremiah Mensah,de GER,MF,Leverkusen,de Bundesliga,17,2008,0,,,,,0,,0,0,,5,,,,,,,,
2141,Mawuli Mensah,gh GHA,MF,Real Betis,es La Liga,21,2003,0,,,,,0,,0,0,,3,,,,,,,,
2142,Khalis Merah,fr FRA,MFFW,Lyon,fr Ligue 1,18,2007,22,1130,51,36.9,12.6,15,68,0,7,15,12,2.18,20,11,9,0.72,0.53,,
2143,Alex Meret,it ITA,GK,Napoli,it Serie A,28,1997,11,979,89,28.6,10.9,11,89,10,0,,15,2.45,20,12,8,0.74,0.22,,
2144,Mikel Merino,es ESP,MFFW,Arsenal,eng Premier League,29,1996,22,1036,47,30.3,11.5,10,77,5,12,22,2,2.23,22,10,12,1.04,-0.17,,
2145,Quentin Merlin,fr FRA,DFMF,Rennes,fr Ligue 1,23,2002,33,2533,77,82.8,28.1,27,87,23,6,32,1,1.76,45,43,2,0.07,-1.12,,
2146,Max Merrick,eng ENG,GK,Chelsea,eng Premier League,19,2005,0,,,,,0,,0,0,,1,,,,,,,,
2147,Illan Meslier,fr FRA,GK,Leeds United,eng Premier League,25,2000,0,,,,,0,,0,0,,5,,,,,,,,
2148,Daniel Mesonero,es ESP,MF,Real Madrid,es La Liga,19,2005,0,,,,,0,,0,0,,1,,,,,,,,
2149,Rafik Messali,fr FRA,MF,Toulouse,fr Ligue 1,22,2003,12,502,42,16.9,5.6,5,70,2,7,22,1,1.25,8,2,6,1.08,1.26,,
2150,Junior Messias,br BRA,MF,Genoa,it Serie A,34,1991,20,685,34,20,7.6,5,64,0,15,24,5,1.6,11,7,4,0.53,0.99,,
2151,Alejandro Mestanza,es ESP,MF,Getafe,es La Liga,20,2004,3,71,24,2.1,0.8,1,56,0,2,8,0,0.33,1,1,0,0,0.16,,
2152,Sergio Mestre,es ESP,GK,Real Madrid,es La Liga,20,2005,0,,,,,0,,0,0,,29,,,,,,,,
2153,Connor Metcalfe,au AUS,MFFW,St Pauli,de Bundesliga,25,1999,25,592,24,19.3,6.6,3,86,0,22,15,1,0.68,7,13,-6,-0.91,0,,
2154,Dayann Methalie,fr FRA,MF,Toulouse,fr Ligue 1,19,2006,27,1871,69,63,20.8,22,79,6,5,27,0,1.14,21,29,-8,-0.38,-1.12,,
2155,Karol Mets,ee EST,DF,St Pauli,de Bundesliga,32,1993,23,1932,84,63.1,21.5,22,87,18,1,16,3,0.78,17,40,-23,-1.07,-0.43,,
2156,Thomas Meunier,be BEL,DF,Lille,fr Ligue 1,33,1991,25,1909,76,62.4,21.2,21,87,16,4,18,0,2.08,36,19,17,0.8,0.96,,
2157,Alexander Meyer,de GER,GK,Dortmund,de Bundesliga,34,1991,0,,,,,0,,0,0,,34,,,,,,,,
2158,Louis Mezerette,fr FRA,GK,Auxerre,fr Ligue 1,18,2006,0,,,,,0,,0,0,,2,,,,,,,,
2159,Stephen Mfuni,eng ENG,DF,Manchester City,eng Premier League,17,2008,0,,,,,0,,0,0,,5,,,,,,,,
2160,Shumaira Mheuka,eng ENG,FW,Chelsea,eng Premier League,17,2007,1,2,2,0.1,0,0,,0,1,2,0,3,0,0,0,0,-0.16,,
2161,Lucas Michal,fr FRA,MF,Metz,fr Ligue 1,20,2005,9,212,24,6.9,2.4,2,63,0,7,12,1,0.33,2,7,-5,-2.12,-0.89,,
2162,Lucas Michal,fr FRA,FW,Monaco,fr Ligue 1,20,2005,2,59,30,1.9,0.7,0,,0,2,30,6,0,0,1,-1,-1.53,-1.74,,
2163,Rendijs Mihelsons,lv LVA,GK,Genoa,it Serie A,17,2008,0,,,,,0,,0,0,,1,,,,,,,,
2164,Georges Mikautadze,ge GEO,FW,Villarreal,es La Liga,24,2000,32,2109,66,61.7,23.4,23,80,7,9,29,2,1.91,44,30,14,0.6,-0.23,,
2165,Georges Mikautadze,ge GEO,FW,Lyon,fr Ligue 1,24,2000,2,179,90,5.8,2,2,90,1,0,,0,3,4,0,4,2.01,1.73,,
2166,Wisdom Mike,de GER,FW,Bayern Munich,de Bundesliga,16,2008,4,30,8,1,0.3,0,,0,4,8,9,3,4,0,4,12,9.56,,
2167,William Mikelbrencis,fr FRA,MFDF,Hamburger SV,de Bundesliga,21,2004,26,1372,53,44.8,15.2,15,81,5,11,15,6,1.04,17,34,-17,-1.12,-1.28,,
2168,Daniel Mikołajewski,pl POL,FW,Parma,it Serie A,19,2006,3,70,23,2,0.8,1,45,0,2,13,5,1.33,0,0,0,0,0.48,,
2169,Antoni Milambo,nl NED,MF,Brentford,eng Premier League,20,2005,1,45,45,1.3,0.5,1,45,0,0,,3,0,0,3,-3,-6,-6.16,,
2170,Nikola Milenković,rs SRB,DF,Nottingham,eng Premier League,27,1997,38,3375,89,98.7,37.5,37,90,37,1,45,0,1.16,46,51,-5,-0.13,-4.13,,
2171,Lewis Miley,eng ENG,MFDF,Newcastle,eng Premier League,19,2006,23,1496,65,43.7,16.6,15,88,13,8,22,5,1.3,25,22,3,0.18,0.41,,
2172,Arkadiusz Milik,pl POL,FW,Juventus,it Serie A,31,1994,2,36,18,1.1,0.4,0,,0,2,18,6,2,0,0,0,0,-0.72,,
2173,Vanja Milinković-Savić,rs SRB,GK,Napoli,it Serie A,28,1997,27,2430,90,71.1,27,27,90,27,0,,9,1.81,38,24,14,0.52,-0.21,,
2174,Éder Militão,br BRA,DF,Real Madrid,es La Liga,27,1998,16,1139,71,33.3,12.7,14,76,9,2,39,2,2.06,26,9,17,1.34,0.36,,
2175,Luis Milla,es ESP,MF,Getafe,es La Liga,30,1994,37,3271,88,95.6,36.3,37,88,31,0,,0,1.38,32,35,-3,-0.08,1.73,,
2176,Pere Milla,es ESP,MFFW,Espanyol,es La Liga,32,1992,33,1973,60,57.7,21.9,24,73,1,9,26,2,1.33,27,23,4,0.18,1.18,,
2177,Lennon Miller,sct SCO,MF,Udinese,it Serie A,18,2006,24,996,42,29.1,11.1,9,74,1,15,22,13,1.25,19,14,5,0.45,0.75,,
2178,James Milner,eng ENG,MF,Brighton,eng Premier League,39,1986,20,784,39,22.9,8.7,7,76,1,13,19,8,1.4,16,17,-1,-0.11,-0.35,,
2179,Veljko Milosavljević,rs SRB,DF,Bournemouth,eng Premier League,18,2007,7,368,53,10.8,4.1,4,90,4,3,3,15,1.86,5,6,-1,-0.24,-0.39,,
2180,Jovan Milošević,rs SRB,FW,Werder Bremen,de Bundesliga,20,2005,13,488,38,15.9,5.4,5,65,1,8,20,3,0.69,9,11,-2,-0.37,0.37,,
2181,Kim Min-jae,kr KOR,DF,Bayern Munich,de Bundesliga,28,1996,25,1602,64,52.4,17.8,19,82,11,6,8,5,2.56,57,21,36,2.02,-1.06,,
2182,Yerry Mina,co COL,DF,Cagliari,it Serie A,30,1994,26,2150,83,62.9,23.9,26,83,21,0,,3,1.35,26,29,-3,-0.13,0.58,,
2183,Takumi Minamino,jp JPN,MF,Monaco,fr Ligue 1,30,1995,15,944,63,30.8,10.5,11,78,1,4,22,1,1.53,17,14,3,0.29,0.16,,
2184,Tyrone Mings,eng ENG,DF,Aston Villa,eng Premier League,32,1993,17,1324,78,38.7,14.7,15,86,14,2,17,6,1.24,16,23,-7,-0.48,-1.08,,
2185,Óscar Mingueza,es ESP,MF,Celta Vigo,es La Liga,26,1999,34,1968,58,57.5,21.9,21,78,9,13,25,4,1.44,37,26,11,0.5,0.87,,
2186,Yankuba Minteh,gm GAM,MF,Brighton,eng Premier League,21,2004,34,2391,70,69.9,26.6,26,83,11,8,29,2,1.26,39,33,6,0.23,0.23,,
2187,Bojan Miovski,mk MKD,FW,Girona,es La Liga,26,1999,1,44,44,1.3,0.5,1,44,0,0,,0,0,0,3,-3,-6.14,-5.79,,
2188,Rafa Mir,es ESP,FWMF,Elche,es La Liga,28,1997,27,1803,67,52.7,20,21,80,7,6,21,3,1.22,30,24,6,0.3,1.08,,
2189,Juan Miranda,es ESP,DF,Bologna,it Serie A,25,2000,32,2573,80,75.2,28.6,29,87,25,3,20,2,1.63,42,36,6,0.21,0.53,,
2190,Alexis Mirbach,fr FRA,GK,Nantes,fr Ligue 1,20,2005,0,,,,,0,,0,0,,1,,,,,,,,
2191,Fabio Miretti,it ITA,MF,Juventus,it Serie A,21,2003,23,617,27,18,6.9,5,68,0,18,15,8,1.83,17,6,11,1.6,1.09,,
2192,Jacopo Mirra,it ITA,DF,Roma,it Serie A,19,2006,0,,,,,0,,0,0,,6,,,,,,,,
2193,Filippo Missori,it ITA,MF,Sassuolo,it Serie A,21,2004,0,,,,,0,,0,0,,1,,,,,,,,
2194,Tyrick Mitchell,eng ENG,MF,Crystal Palace,eng Premier League,25,1999,38,3251,86,95.1,36.1,36,88,31,2,45,0,1.18,38,47,-9,-0.25,0.28,,
2195,Kaoru Mitoma,jp JPN,MFFW,Brighton,eng Premier League,28,1997,25,1721,69,50.3,19.1,19,82,10,6,28,0,1.4,24,20,4,0.21,0.1,,
2196,Stefan Mitrović,rs SRB,MF,Hellas Verona,it Serie A,22,2002,0,,,,,0,,0,0,,1,,,,,,,,
2197,Maximilian Mittelstädt,de GER,DFMF,Stuttgart,de Bundesliga,28,1997,32,2186,68,71.4,24.3,24,84,12,8,22,1,1.75,49,29,20,0.82,0.62,,
2198,Henrikh Mkhitaryan,am ARM,MF,Inter,it Serie A,36,1989,30,1560,52,45.6,17.3,16,76,7,14,24,3,2.27,44,12,32,1.85,0.78,,
2199,Branimir Mlacic,hr CRO,DF,Udinese,it Serie A,18,2007,7,166,24,4.9,1.8,2,49,0,5,14,8,1.43,2,0,2,1.08,1.22,,
2200,Tadjidine Mmadi,fr FRA,FW,Marseille,fr Ligue 1,18,2007,3,45,15,1.5,0.5,0,,0,3,15,5,1.33,1,1,0,0,-0.54,,
2201,Rui Modesto,ao ANG,MF,Udinese,it Serie A,25,1999,3,119,40,3.5,1.3,0,,0,3,40,14,1,1,2,-1,-0.76,-0.7,,
2202,Luka Modrić,hr CRO,MF,Milan,it Serie A,39,1985,34,2811,83,82.2,31.2,32,87,25,2,17,2,1.94,45,26,19,0.61,0.76,,
2203,Max Moerstedt,de GER,FW,Hoffenheim,de Bundesliga,19,2006,22,420,19,13.7,4.7,1,75,0,21,16,9,1.91,9,7,2,0.43,0.05,,
2204,Terem Moffi,ng NGA,FW,Nice,fr Ligue 1,26,1999,10,488,49,15.9,5.4,6,68,1,4,21,0,0.8,6,11,-5,-0.92,-0.29,,
2205,Mostafa Mohamed,eg EGY,FW,Nantes,fr Ligue 1,27,1997,24,1152,48,38.8,12.8,13,74,2,11,17,8,0.5,7,24,-17,-1.33,-1.03,,
2206,Wael Mohya,de GER,MFFW,Gladbach,de Bundesliga,16,2008,15,552,37,18,6.1,6,63,0,9,20,10,1.07,6,9,-3,-0.49,-0.2,,
2207,Johan Mojica,co COL,DF,Mallorca,es La Liga,32,1992,35,2724,78,79.6,30.3,30,88,23,5,17,1,1.11,37,44,-7,-0.23,0.16,,
2208,David Mokwa,fr FRA,FW,Hoffenheim,de Bundesliga,21,2004,0,,,,,0,,0,0,,3,,,,,,,,
2209,Horaţiu Moldovan,ro ROU,GK,Oviedo,es La Liga,27,1998,2,180,90,5.3,2,2,90,2,0,,36,0,0,4,-4,-2,-1.17,,
2210,Enzo Molebe,fr FRA,FW,Lyon,fr Ligue 1,17,2007,1,10,10,0.3,0.1,0,,0,1,10,7,3,0,0,0,0,-0.38,,
2211,Alberto Moleiro,es ESP,MF,Villarreal,es La Liga,21,2003,37,2478,67,72.5,27.5,30,77,9,7,23,1,1.95,54,31,23,0.84,0.55,,
2212,Adrián Molina,es ESP,GK,Rayo Vallecano,es La Liga,20,2005,0,,,,,0,,0,0,,14,,,,,,,,
2213,Nahuel Molina,ar ARG,DFMF,Atlético Madrid,es La Liga,27,1998,26,1331,51,38.9,14.8,13,84,11,13,19,9,1.88,20,18,2,0.14,-0.55,,
2214,Jon Moncayola,es ESP,MF,Osasuna,es La Liga,27,1998,36,3016,84,88.2,33.5,35,85,21,1,25,0,1,34,45,-11,-0.33,-1.44,,
2215,Isaac Monnier,fr FRA,DF,Lorient,fr Ligue 1,18,2006,0,,,,,0,,0,0,,7,,,,,,,,
2216,Iker Monreal,es ESP,DF,Athletic Club,es La Liga,20,2005,0,,,,,0,,0,0,,14,,,,,,,,
2217,Jano Monserrate,es ESP,MF,Atlético Madrid,es La Liga,19,2006,2,23,12,0.7,0.3,0,,0,2,12,7,0.5,0,0,0,0,-0.48,,
2218,Rubén Montero,es ESP,GK,Alavés,es La Liga,19,2005,0,,,,,0,,0,0,,7,,,,,,,,
2219,Jorge Montes,es ESP,DF,Getafe,es La Liga,21,2004,1,27,27,0.8,0.3,0,,0,1,27,16,0,1,1,0,0,0.16,,
2220,Luca Monticelli,be BEL,MF,Hellas Verona,it Serie A,20,2005,0,,,,,0,,0,0,,2,,,,,,,,
2221,Lorenzo Montipò,it ITA,GK,Hellas Verona,it Serie A,29,1996,35,3150,90,92.1,35,35,90,35,0,,3,0.57,24,54,-30,-0.86,1.14,,
2222,Simon Moore,eng ENG,GK,Sunderland,eng Premier League,35,1990,0,,,,,0,,0,0,,4,,,,,,,,
2223,Jack Moorhouse,ie IRL,MF,Manchester Utd,eng Premier League,19,2005,0,,,,,0,,0,0,,2,,,,,,,,
2224,Ederson Moraes,br BRA,GK,Manchester City,eng Premier League,31,1993,0,,,,,0,,0,0,,2,,,,,,,,
2225,Álvaro Morata,es ESP,FW,Como,it Serie A,32,1992,26,930,36,27.2,10.3,9,69,1,17,18,3,1.73,14,6,8,0.77,-0.24,,
2226,Morato,br BRA,DF,Nottingham,eng Premier League,24,2001,21,1345,64,39.3,14.9,14,89,13,7,14,16,1.29,13,23,-10,-0.67,-0.97,,
2227,Diego Morcillo,es ESP,FW,Alavés,es La Liga,22,2003,1,10,10,0.3,0.1,0,,0,1,10,5,0,0,0,0,0,0.32,,
2228,Javi Morcillo,es ESP,MF,Atlético Madrid,es La Liga,19,2006,5,172,34,5,1.9,1,62,0,4,28,3,1.2,0,1,-1,-0.52,-1.05,,
2229,Afonso Moreira,pt POR,MFFW,Lyon,fr Ligue 1,20,2005,27,1722,64,56.3,19.1,18,88,13,9,15,2,1.93,35,23,12,0.63,0.56,,
2230,Diego Moreira,be BEL,MF,Strasbourg,fr Ligue 1,20,2004,27,2034,75,66.5,22.6,23,84,8,4,26,0,1.52,43,31,12,0.53,0.62,,
2231,Alberto Moreno,es ESP,DF,Como,it Serie A,33,1992,19,1233,65,36.1,13.7,13,84,7,6,24,19,2.05,27,9,18,1.31,0.57,,
2232,Álex Moreno,es ESP,DF,Girona,es La Liga,32,1993,31,2559,83,74.8,28.4,28,89,27,3,23,0,1.13,28,40,-12,-0.42,0,,
2233,Alvaro Moreno,es ESP,GK,Atlético Madrid,es La Liga,19,2006,0,,,,,0,,0,0,,1,,,,,,,,
2234,Fabio Moreno Fell,de GER,FW,Mainz 05,de Bundesliga,25,2000,2,77,39,2.5,0.9,1,76,0,1,1,6,0,0,1,-1,-1.17,-0.93,,
2235,Gerard Moreno,es ESP,FW,Villarreal,es La Liga,33,1992,22,1343,61,39.3,14.9,16,73,4,6,29,2,1.95,32,16,16,1.07,0.64,,
2236,Matias Moreno,ar ARG,DF,Levante,es La Liga,21,2003,28,2252,80,65.8,25,27,83,21,1,6,5,1.29,33,32,1,0.04,1.2,,
2237,Tete Morente,es ESP,MF,Elche,es La Liga,28,1996,13,929,71,27.2,10.3,11,79,5,2,28,3,1.46,9,13,-4,-0.39,-0.24,,
2238,Tete Morente,es ESP,FWMF,Lecce,it Serie A,28,1996,16,859,54,25.1,9.5,9,77,2,7,24,1,0.88,3,14,-11,-1.15,-0.77,,
2239,Stefano Moreo,it ITA,FWMF,Pisa,it Serie A,32,1993,37,2307,62,67.5,25.6,29,75,12,8,18,1,0.49,21,51,-30,-1.17,0.04,,
2240,Mateu Morey,es ESP,DFMF,Mallorca,es La Liga,25,2000,18,704,39,20.6,7.8,9,69,2,9,9,19,0.94,8,18,-10,-1.28,-1.28,,
2241,Ilaix Moriba,gn GUI,MF,Celta Vigo,es La Liga,22,2003,36,2495,69,73,27.7,26,86,22,10,25,0,1.5,40,30,10,0.36,0.85,,
2242,Manu Morlanes,es ESP,MF,Mallorca,es La Liga,26,1999,32,1765,55,51.6,19.6,22,72,2,10,18,2,1.16,26,29,-3,-0.15,0.23,,
2243,Luca Moro,it ITA,FW,Sassuolo,it Serie A,24,2001,14,211,15,6.2,2.3,1,70,0,13,11,24,0.86,1,3,-2,-0.85,-0.8,,
2244,Nikola Moro,hr CRO,MF,Bologna,it Serie A,27,1998,30,1799,60,52.6,20,19,80,10,11,26,8,1.7,27,17,10,0.5,0.89,,
2245,Raúl Moro,es ESP,MF,Osasuna,es La Liga,22,2002,14,625,45,18.3,6.9,7,69,1,7,21,3,0.93,12,12,0,0,0.19,,
2246,Kieran Morrison,nir NIR,MF,Liverpool,eng Premier League,18,2006,0,,,,,0,,0,0,,7,,,,,,,,
2247,Tyler Morton,eng ENG,MF,Lyon,fr Ligue 1,22,2002,29,2517,87,82.3,28,29,87,22,0,,0,1.83,47,30,17,0.61,1.27,,
2248,Mattia Mosconi,it ITA,FW,Inter,it Serie A,18,2007,2,27,14,0.8,0.3,0,,0,2,14,6,2,0,1,-1,-3.33,-4.79,,
2249,Daren Mosengo,fr FRA,MF,Le Havre,fr Ligue 1,18,2006,7,108,15,3.5,1.2,0,,0,7,15,17,1.57,1,0,1,0.83,1.23,,
2250,Cristhian Mosquera,es ESP,DF,Arsenal,eng Premier League,21,2004,20,994,50,29.1,11,9,75,5,11,29,11,2.15,17,8,9,0.81,-0.48,,
2251,Daniel Mosquera,co COL,FW,Hellas Verona,it Serie A,25,1999,22,597,27,17.5,6.6,5,64,0,17,16,6,0.45,8,12,-4,-0.6,0.42,,
2252,Yerson Mosquera,co COL,DF,Wolves,eng Premier League,24,2001,27,2136,79,62.5,23.7,24,86,17,3,26,6,0.7,21,40,-19,-0.8,0.74,,
2253,Edoardo Motta,it ITA,GK,Lazio,it Serie A,20,2005,9,810,90,23.7,9,9,90,9,0,,5,1.89,13,10,3,0.33,0.4,,
2254,Pierre Mounguengue,fr FRA,FW,PSG,fr Ligue 1,17,2008,1,16,16,0.5,0.2,0,,0,1,16,0,1,0,1,-1,-5.63,-6.99,,
2255,Steve Mounié,bj BEN,FW,Augsburg,de Bundesliga,30,1994,0,,,,,0,,0,0,,1,,,,,,,,
2256,Mason Mount,eng ENG,MF,Manchester Utd,eng Premier League,26,1999,23,1017,44,29.7,11.3,12,70,3,11,16,6,1.87,19,15,4,0.35,-0.21,,
2257,Samir El Mourabet,ma MAR,MF,Strasbourg,fr Ligue 1,19,2005,33,2128,64,69.5,23.6,25,76,10,8,27,0,1.58,41,28,13,0.55,0.74,,
2258,Santiago Mouriño,uy URU,DF,Villarreal,es La Liga,23,2002,28,2377,85,69.5,26.4,27,86,20,1,45,4,1.89,51,31,20,0.76,0.24,,
2259,Louis Mouton,fr FRA,MF,Angers,fr Ligue 1,23,2002,32,1891,59,61.8,21,24,73,2,8,17,0,1.09,15,28,-13,-0.62,-0.16,,
2260,Lionel Mpasi,cd COD,GK,Le Havre,fr Ligue 1,30,1994,4,315,79,10.3,3.5,3,90,3,1,45,28,1.25,2,2,0,0,0.39,,
2261,Tarik Muharemovic,ba BIH,DF,Sassuolo,it Serie A,22,2003,32,2835,89,82.9,31.5,32,89,31,0,,3,1.22,37,46,-9,-0.29,-1.05,,
2262,Miro Muheim,ch SUI,MFDF,Hamburger SV,de Bundesliga,27,1998,29,2435,84,79.6,27.1,27,88,23,2,30,0,1.1,33,42,-9,-0.33,0.39,,
2263,Divine Mukasa,eng ENG,MF,Manchester City,eng Premier League,17,2007,2,27,14,0.8,0.3,0,,0,2,14,9,1.5,0,0,0,0,-1.11,,
2264,Ngal'Ayel Mukau,cd COD,MF,Lille,fr Ligue 1,20,2004,30,1534,51,50.1,17,19,71,3,11,16,1,1.8,24,21,3,0.18,-0.53,,
2265,Nordan Mukiele,fr FRA,MF,Rennes,fr Ligue 1,19,2006,8,96,12,3.1,1.1,0,,0,8,12,12,2,4,0,4,3.75,3.6,,
2266,Nordi Mukiele,fr FRA,DF,Sunderland,eng Premier League,27,1997,32,2784,87,81.4,30.9,32,87,29,0,,1,1.38,34,40,-6,-0.19,-0.19,,
2267,Samuele Mulattieri,it ITA,FW,Sassuolo,it Serie A,24,2000,0,,,,,0,,0,0,,1,,,,,,,,
2268,Florian Müller,de GER,GK,Freiburg,de Bundesliga,27,1997,0,,,,,0,,0,0,,33,,,,,,,,
2269,Kevin Müller,de GER,GK,Heidenheim,de Bundesliga,34,1991,0,,,,,0,,0,0,,15,,,,,,,,
2270,Marius Müller,de GER,GK,Wolfsburg,de Bundesliga,32,1993,0,,,0,0,0,,0,0,,18,0.5,3,4,-1,,,,
2271,Abdul Mumin,gh GHA,DF,Rayo Vallecano,es La Liga,27,1998,3,79,26,2.3,0.9,1,60,0,2,10,7,3,1,1,0,0,0.08,,
2272,Romaine Mundle,eng ENG,MF,Sunderland,eng Premier League,22,2003,14,411,29,12,4.6,2,66,0,12,23,1,1.14,5,11,-6,-1.31,-1.31,,
2273,Marshall Munetsi,zw ZIM,MF,Paris FC,fr Ligue 1,29,1996,15,975,65,31.9,10.8,11,80,5,4,25,2,1.67,17,10,7,0.65,1.08,,
2274,Marshall Munetsi,zw ZIM,MFFW,Wolves,eng Premier League,29,1996,13,875,67,25.6,9.7,9,86,6,4,24,1,0.15,6,19,-13,-1.34,-0.35,,
2275,Rodrigo Muniz,br BRA,FW,Fulham,eng Premier League,24,2001,21,1000,48,29.2,11.1,10,74,1,11,23,0,1.38,10,12,-2,-0.18,-0.11,,
2276,Believe Munongo,fr FRA,MF,Metz,fr Ligue 1,15,2009,11,431,39,14.1,4.8,5,62,1,6,20,4,0.36,2,12,-10,-2.09,-0.92,,
2277,Aihen Muñoz,es ESP,DF,Real Sociedad,es La Liga,27,1997,21,848,40,24.8,9.4,9,77,3,12,13,15,1.38,13,19,-6,-0.64,-0.78,,
2278,Daniel Muñoz,co COL,MF,Crystal Palace,eng Premier League,29,1996,29,2399,83,70.1,26.7,29,83,22,0,,0,1.34,31,33,-2,-0.08,0.63,,
2279,Egoitz Muñoz,es ESP,DF,Alavés,es La Liga,20,2005,0,,,,,0,,0,0,,8,,,,,,,,
2280,Iker Muñoz,es ESP,MF,Osasuna,es La Liga,22,2002,19,952,50,27.8,10.6,8,77,2,11,31,18,1.32,12,12,0,0,0.22,,
2281,Javier Muñoz,es ESP,MFFW,Getafe,es La Liga,30,1995,17,551,32,16.1,6.1,4,80,0,13,18,17,1,2,7,-5,-0.82,-0.79,,
2282,Rubén Muñoz,es ESP,DF,Valencia,es La Liga,18,2007,0,,,,,0,,0,0,,1,,,,,,,,
2283,Víctor Muñoz,es ESP,MFFW,Osasuna,es La Liga,22,2003,34,2656,78,77.7,29.5,31,82,15,3,34,0,1.24,32,32,0,0,0.71,,
2284,Arijanet Muric,xk KVX,GK,Sassuolo,it Serie A,26,1998,32,2880,90,84.2,32,32,90,32,0,,6,1.31,40,43,-3,-0.09,0.07,,
2285,Murillo,br BRA,DF,Nottingham,eng Premier League,23,2002,25,2130,85,62.3,23.7,25,85,22,0,,1,1.24,29,29,0,0,0.21,,
2286,Vedat Muriqi,xk KVX,FW,Mallorca,es La Liga,31,1994,37,3128,85,91.5,34.8,36,86,26,1,17,0,1.11,44,51,-7,-0.2,0.72,,
2287,Alex Murphy,ie IRL,DF,Newcastle,eng Premier League,21,2004,2,9,5,0.3,0.1,0,,0,2,5,23,0,0,1,-1,-10,-9.97,,
2288,Jacob Murphy,eng ENG,FWMF,Newcastle,eng Premier League,30,1995,33,1617,49,47.3,18,19,69,1,14,21,3,1.27,24,19,5,0.28,0.63,,
2289,Salim Musah,de GER,FW,Werder Bremen,de Bundesliga,19,2006,8,198,25,6.5,2.2,2,40,0,6,20,3,0.5,3,4,-1,-0.45,0.24,,
2290,Yunus Musah,us USA,MF,Atalanta,it Serie A,22,2002,19,574,30,16.8,6.4,4,70,2,15,20,17,1.79,5,9,-4,-0.63,-1.23,,
2291,Yunus Musah,us USA,MF,Milan,it Serie A,22,2002,1,90,90,2.6,1,1,90,1,0,,1,3,2,0,2,2,1.57,,
2292,Jamal Musiala,de GER,MFFW,Bayern Munich,de Bundesliga,22,2003,15,683,46,22.3,7.6,7,69,1,8,25,0,2.53,31,10,21,2.77,0.31,,
2293,Juan Musso,ar ARG,GK,Atlético Madrid,es La Liga,31,1994,8,720,90,21.1,8,8,90,8,0,,28,1.5,11,13,-2,-0.25,-0.92,,
2294,Cheveyo Muy,nl NED,FW,Milan,it Serie A,18,2006,2,5,3,0.1,0.1,0,,0,2,3,4,3,0,0,0,0,-0.47,,
2295,Yvon Mvogo,ch SUI,GK,Lorient,fr Ligue 1,31,1994,31,2790,90,91.2,31,31,90,31,0,,0,1.35,43,43,0,0,1,,
2296,Joel Mvuka,no NOR,MFDF,Lorient,fr Ligue 1,22,2002,15,560,37,18.3,6.2,5,76,1,10,18,5,1.2,5,18,-13,-2.09,-2.45,,
2297,Junior Mwanga,fr FRA,DFMF,Strasbourg,fr Ligue 1,22,2003,5,377,75,12.3,4.2,5,75,3,0,,4,1.8,3,6,-3,-0.72,-1.19,,
2298,Junior Mwanga,fr FRA,MF,Nantes,fr Ligue 1,22,2003,15,1260,84,42.4,14,15,84,12,0,,0,0.73,15,27,-12,-0.86,-0.28,,
2299,Phillipp Mwene,at AUT,MF,Mainz 05,de Bundesliga,31,1994,29,2069,71,67.6,23,24,82,14,5,20,0,1.17,31,36,-5,-0.22,0.15,,
2300,Vitaliy Mykolenko,ua UKR,DF,Everton,eng Premier League,26,1999,33,2958,90,86.5,32.9,33,90,30,0,,1,1.33,44,47,-3,-0.09,-0.09,,
2301,Joakim Mæhle,dk DEN,MFDF,Wolfsburg,de Bundesliga,28,1997,16,1222,76,39.9,13.6,14,87,11,2,4,0,0.88,15,24,-9,-0.66,0.07,,
2302,David Møller Wolfe,no NOR,MFDF,Wolves,eng Premier League,23,2002,22,1049,48,30.7,11.7,11,79,4,11,16,15,0.5,6,23,-17,-1.46,-0.55,,
2303,Obite N'Dicka,ci CIV,DF,Roma,it Serie A,25,1999,31,2680,86,78.4,29.8,31,86,28,0,,0,1.97,45,25,20,0.67,-0.3,,
2304,Konan N'dri,ne NIG,MF,Lecce,it Serie A,24,2000,27,544,20,15.9,6,1,55,0,26,19,11,0.52,6,14,-8,-1.32,-0.89,,
2305,Stanley N'Soki,fr FRA,DFMF,Union Berlin,de Bundesliga,26,1999,13,816,63,26.7,9.1,10,76,3,3,18,13,0.92,8,18,-10,-1.1,-0.94,,
2306,Bilal Nadir,ma MAR,MF,Marseille,fr Ligue 1,21,2003,20,598,30,19.5,6.6,5,70,1,15,17,5,1.4,22,5,17,2.56,2.52,,
2307,Mahamadou Nagida,cm CMR,DF,Rennes,fr Ligue 1,20,2005,19,805,42,26.3,8.9,7,84,4,12,18,14,1.89,16,14,2,0.22,-0.06,,
2308,Huseini Nakoha,,DF,Levante,es La Liga,,,0,,,,,0,,0,0,,1,,,,,,,,
2309,Amara Nallo,eng ENG,DF,Liverpool,eng Premier League,18,2006,0,,,,,0,,0,0,,1,,,,,,,,
2310,Younes Namli,dk DEN,FWMF,Le Havre,fr Ligue 1,31,1994,12,327,27,10.7,3.6,3,65,0,9,15,3,0.92,4,7,-3,-0.83,-0.53,,
2311,Sebastian Nanasi,se SWE,MF,Strasbourg,fr Ligue 1,23,2002,19,1050,55,34.3,11.7,11,80,5,8,21,9,1.63,24,17,7,0.6,0.42,,
2312,Shafiq Nandja,de GER,DF,Hamburger SV,de Bundesliga,18,2007,2,15,8,0.5,0.2,0,,0,2,8,4,2,0,1,-1,-6,-5.62,,
2313,Nikolas Nartey,dk DEN,MF,Stuttgart,de Bundesliga,25,2000,28,1256,45,41,14,14,74,2,14,16,4,2.07,34,13,21,1.5,1.45,,
2314,Noah Nartey,dk DEN,MFFW,Lyon,fr Ligue 1,19,2005,11,545,50,17.8,6.1,5,81,4,6,23,4,1.55,8,7,1,0.17,-0.26,,
2315,Miguel Narváez,es ESP,GK,Oviedo,es La Liga,23,2002,0,,,,,0,,0,0,,9,,,,,,,,
2316,Andrea Natali,it ITA,DF,Leverkusen,de Bundesliga,17,2008,0,,,,,0,,0,0,,1,,,,,,,,
2317,Natan,br BRA,DF,Real Betis,es La Liga,24,2001,33,2807,85,82.1,31.2,32,87,28,1,25,4,1.64,50,41,9,0.29,-0.01,,
2318,Lapo Nava,it ITA,GK,Cremonese,it Serie A,21,2004,0,,,,,0,,0,0,,38,,,,,,,,
2319,Javi Navarro,es ESP,MF,Valencia,es La Liga,21,2004,0,,,,,0,,0,0,,1,,,,,,,,
2320,Javier Navarro,es ESP,GK,Real Madrid,es La Liga,18,2007,0,,,,,0,,0,0,,2,,,,,,,,
2321,Marcos Navarro,es ESP,DF,Valencia,es La Liga,21,2004,0,,,,,0,,0,0,,2,,,,,,,,
2322,Pau Navarro,es ESP,DF,Villarreal,es La Liga,20,2005,23,1921,84,56.2,21.3,23,84,18,0,,12,1.83,39,26,13,0.61,-0.17,,
2323,Roberto Navarro,es ESP,MF,Athletic Club,es La Liga,23,2002,32,1307,41,38.2,14.5,10,70,3,22,28,3,1.19,23,23,0,0,0.64,,
2324,Corrie Ndaba,ie IRL,DF,Lecce,it Serie A,25,1999,14,543,39,15.9,6,6,70,2,8,15,24,1.07,4,12,-8,-1.33,-0.89,,
2325,Michel Ndary Adopo,fr FRA,MF,Cagliari,it Serie A,25,2000,38,3050,80,89.2,33.9,33,85,22,5,49,0,1.13,35,46,-11,-0.32,0.16,,
2326,Youssouf Ndayishimiye,bi BDI,MF,Nice,fr Ligue 1,26,1998,2,72,36,2.4,0.8,1,60,0,1,12,2,1.5,1,2,-1,-1.25,-0.59,,
2327,Abdoulaye Ndiaye,sn SEN,DF,Parma,it Serie A,23,2002,11,780,71,22.8,8.7,9,78,6,2,40,9,1.36,6,10,-4,-0.46,0.02,,
2328,Iliman Ndiaye,sn SEN,MF,Everton,eng Premier League,25,2000,32,2778,87,81.2,30.9,32,87,21,0,,0,1.28,40,44,-4,-0.13,-0.27,,
2329,Rassoul Ndiaye,sn SEN,MF,Le Havre,fr Ligue 1,23,2001,33,2566,78,83.9,28.5,30,83,15,3,26,0,1.03,25,32,-7,-0.25,0.67,,
2330,Quentin Ndjantou,fr FRA,MF,PSG,fr Ligue 1,18,2007,10,360,36,11.8,4,3,67,1,7,23,1,2.1,11,3,8,2,0.77,,
2331,Tanguy Ndombele,fr FRA,MF,Nice,fr Ligue 1,28,1996,8,275,34,9,3.1,3,69,0,5,13,7,0.75,2,3,-1,-0.33,0.38,,
2332,Cher Ndour,it ITA,MF,Fiorentina,it Serie A,21,2004,33,1876,57,54.9,20.8,20,79,9,13,23,5,1.24,18,22,-4,-0.19,0.1,,
2333,Dan Ndoye,ch SUI,MF,Nottingham,eng Premier League,24,2000,24,1173,49,34.3,13,14,71,3,10,18,5,1.08,15,17,-2,-0.15,-0.11,,
2334,Daniel Ndulue,it ITA,FW,Genoa,it Serie A,18,2007,0,,,,,0,,0,0,,1,,,,,,,,
2335,Joseph Nduquidi,fr FRA,MF,Metz,fr Ligue 1,20,2004,1,7,7,0.2,0.1,0,,0,1,7,2,0,0,1,-1,-12.86,-11.59,,
2336,Sean Neave,eng ENG,FW,Newcastle,eng Premier League,18,2007,1,14,14,0.4,0.2,0,,0,1,14,13,0,0,1,-1,-6.43,-6.4,,
2337,Paul Nebel,de GER,MF,Mainz 05,de Bundesliga,22,2002,30,2073,69,67.7,23,24,82,13,6,17,0,1.27,27,37,-10,-0.43,-0.53,,
2338,Kosta Nedeljković,rs SRB,DF,RB Leipzig,de Bundesliga,19,2005,5,251,50,8.2,2.8,3,80,1,2,6,10,1.8,8,4,4,1.43,0.95,,
2339,Loïc Nego,hu HUN,DFMF,Le Havre,fr Ligue 1,34,1991,30,2339,78,76.4,26,26,87,21,4,18,1,1.17,25,34,-9,-0.35,0.03,,
2340,Tom Negrel,fr FRA,GK,Auxerre,fr Ligue 1,22,2003,0,,,,,0,,0,0,,6,,,,,,,,
2341,Dan Neil,eng ENG,MF,Sunderland,eng Premier League,23,2001,3,14,5,0.4,0.2,0,,0,3,5,19,1.33,0,0,0,0,0.16,,
2342,Till Neininger,de GER,DF,Wolfsburg,de Bundesliga,18,2007,0,,,,,0,,0,0,,1,,,,,,,,
2343,Reiss Nelson,eng ENG,FWMF,Brentford,eng Premier League,25,1999,10,126,13,3.7,1.4,0,,0,10,13,14,1.6,7,2,5,3.57,3.63,,
2344,Victor Nelsson,dk DEN,DF,Hellas Verona,it Serie A,26,1998,38,3315,87,96.9,36.8,37,89,35,1,13,0,0.55,22,59,-37,-1,-1.86,,
2345,David Nemeth,at AUT,DF,St Pauli,de Bundesliga,24,2001,0,,,,,0,,0,0,,6,,,,,,,,
2346,David Neres,br BRA,FWMF,Napoli,it Serie A,28,1997,16,922,58,27,10.2,10,77,1,6,26,1,2,16,7,9,0.88,0.41,,
2347,Martim Neto,pt POR,MF,Elche,es La Liga,22,2003,25,1347,54,39.4,15,15,68,1,10,32,9,1,20,23,-3,-0.2,0.02,,
2348,Pedro Neto,pt POR,MFFW,Chelsea,eng Premier League,25,2000,34,2631,77,76.9,29.2,30,82,16,4,46,0,1.41,45,33,12,0.41,1.09,,
2349,Luca Netz,de GER,MFDF,Gladbach,de Bundesliga,22,2003,15,940,63,30.7,10.4,10,86,7,5,17,5,0.93,14,10,4,0.38,1.02,,
2350,Luca Netz,de GER,DFMF,Nottingham,eng Premier League,22,2003,7,357,51,10.4,4,3,85,1,4,26,6,1.14,7,5,2,0.5,0.65,,
2351,Manuel Neuer,de GER,GK,Bayern Munich,de Bundesliga,39,1986,22,1859,85,60.8,20.7,22,85,19,0,,7,2.73,81,20,61,2.95,1.08,,
2352,Florian Neuhaus,de GER,MFFW,Gladbach,de Bundesliga,28,1997,17,930,55,30.4,10.3,11,71,0,6,25,13,1.29,19,9,10,0.97,1.86,,
2353,Cenny Neumann,de GER,DF,Köln,de Bundesliga,18,2007,2,74,37,2.4,0.8,1,69,0,1,5,3,0.5,3,3,0,0,0.42,,
2354,João Neves,pt POR,MF,PSG,fr Ligue 1,20,2004,21,1287,61,42.1,14.3,13,80,7,8,31,2,2.38,35,14,21,1.47,0.25,,
2355,Yvan Neyou,cm CMR,MF,Getafe,es La Liga,28,1997,5,67,13,2,0.7,0,,0,5,13,10,2,0,2,-2,-2.69,-2.58,,
2356,Jessic Ngankam,de GER,FW,Frankfurt,de Bundesliga,25,2000,3,62,21,2,0.7,0,,0,3,21,2,0.67,1,4,-3,-4.35,-4.32,,
2357,Oumar Ngom,mr MTN,MF,Lecce,it Serie A,21,2004,15,842,56,24.6,9.4,10,74,5,5,20,4,1.13,9,15,-6,-0.64,-0.08,,
2358,Cyril Ngonge,be BEL,FW,Torino,it Serie A,25,2000,20,994,50,29.1,11,11,72,2,9,22,1,1,9,20,-11,-1,-0.7,,
2359,Cyril Ngonge,be BEL,MF,Espanyol,es La Liga,25,2000,9,424,47,12.4,4.7,6,60,0,3,22,2,0.44,4,8,-4,-0.85,-0.61,,
2360,Mikayil Ngor Faye,sn SEN,MFDF,Cremonese,it Serie A,21,2004,8,254,32,7.4,2.8,2,68,0,6,20,21,0.5,2,3,-1,-0.35,0.33,,
2361,Mikayil Ngor Faye,sn SEN,MF,Rennes,fr Ligue 1,21,2004,1,8,8,0.3,0.1,0,,0,1,8,1,1,0,0,0,0,-0.27,,
2362,Nathan Ngoy,be BEL,DF,Lille,fr Ligue 1,22,2003,29,2405,83,78.6,26.7,27,88,26,2,14,2,1.79,38,31,7,0.26,-0.84,,
2363,Bernard Nguene,cm CMR,FW,Nice,fr Ligue 1,18,2006,6,138,23,4.5,1.5,0,,0,6,23,4,0.67,0,3,-3,-1.96,-1.34,,
2364,Rio Ngumoha,eng ENG,MF,Liverpool,eng Premier League,16,2008,19,560,29,16.4,6.2,5,72,1,14,14,18,1.21,16,11,5,0.8,0.65,,
2365,Moussa Niakhaté,sn SEN,DF,Lyon,fr Ligue 1,29,1996,32,2759,86,90.2,30.7,30,90,30,2,30,0,1.69,43,34,9,0.29,-0.9,,
2366,Youssoupha Niang,de GER,MF,Köln,de Bundesliga,19,2006,10,194,19,6.3,2.2,2,60,0,8,9,3,0.6,1,7,-6,-2.78,-2.53,,
2367,Tanguy Nianzou,fr FRA,DF,Sevilla,es La Liga,23,2002,12,655,55,19.2,7.3,8,68,2,4,28,9,1.08,7,16,-9,-1.24,-1.07,,
2368,Cheikh Niasse,sn SEN,MF,Hellas Verona,it Serie A,25,2000,19,970,51,28.4,10.8,11,77,2,8,15,15,0.63,10,20,-10,-0.93,0.03,,
2369,Samuel Nibombé,be BEL,DF,Monaco,fr Ligue 1,17,2007,1,1,1,0,0,0,,0,1,1,9,3,0,0,0,0,-0.18,,
2370,Rasmus Nicolaisen,dk DEN,DF,Toulouse,fr Ligue 1,28,1997,32,2564,80,86.3,28.5,30,84,24,2,15,0,1.36,43,41,2,0.07,0.29,,
2371,Moritz Nicolas,de GER,GK,Gladbach,de Bundesliga,27,1997,34,3060,90,100,34,34,90,34,0,,0,1.12,42,53,-11,-0.32,,,
2372,Hans Nicolussi Caviglia,it ITA,MF,Fiorentina,it Serie A,25,2000,11,585,53,17.1,6.5,7,78,3,4,11,10,0.91,7,12,-5,-0.77,-0.64,,
2373,Hans Nicolussi Caviglia,it ITA,MF,Parma,it Serie A,25,2000,15,869,58,25.4,9.7,10,73,2,5,28,1,1.47,10,11,-1,-0.1,0.5,,
2374,Albert Niculaesei,ro ROU,DF,Elche,es La Liga,17,2008,0,,,,,0,,0,0,,1,,,,,,,,
2375,Julian Niehues,de GER,MF,Heidenheim,de Bundesliga,24,2001,24,1383,58,45.2,15.4,17,71,4,7,25,10,0.88,24,30,-6,-0.39,0.95,,
2376,Oliver Nielsen,dk DEN,DF,Lazio,it Serie A,22,2003,26,1536,59,44.9,17.1,13,89,12,13,29,12,1.58,22,19,3,0.18,0.27,,
2377,Alieu Njie,se SWE,MFFW,Torino,it Serie A,20,2005,15,299,20,8.7,3.3,2,52,0,13,15,21,0.8,5,5,0,0,0.55,,
2378,Justin Njinmah,de GER,FWMF,Werder Bremen,de Bundesliga,24,2000,33,1947,59,63.6,21.6,22,77,6,11,23,1,0.94,18,45,-27,-1.25,-1.57,,
2379,Obed Nkambadio,fr FRA,GK,Paris FC,fr Ligue 1,22,2003,12,1080,90,35.3,12,12,90,12,0,,21,1,18,21,-3,-0.25,-0.25,,
2380,Eddie Nketiah,eng ENG,MF,Crystal Palace,eng Premier League,26,1999,12,424,35,12.4,4.7,2,70,0,10,28,0,1.33,6,12,-6,-1.27,-1.15,,
2381,Niels Nkounkou,fr FRA,MFDF,Torino,it Serie A,24,2000,11,355,32,10.4,3.9,3,71,0,8,18,14,1,6,7,-1,-0.25,0.28,,
2382,Niels Nkounkou,fr FRA,DFMF,Frankfurt,de Bundesliga,24,2000,0,,,,,0,,0,0,,2,,,,,,,,
2383,Christopher Nkunku,fr FRA,FW,Milan,it Serie A,27,1997,32,1356,42,39.6,15.1,15,70,3,17,18,1,1.78,27,13,14,0.93,0.75,,
2384,Felix Nmecha,de GER,MF,Dortmund,de Bundesliga,24,2000,29,2176,75,71.1,24.2,25,83,8,4,23,0,2.31,51,28,23,0.95,-0.37,,
2385,Lukas Nmecha,de GER,FW,Leeds United,eng Premier League,26,1998,31,1083,35,31.7,12,10,71,1,21,18,3,1.13,14,23,-9,-0.75,-0.82,,
2386,Tochukwu Nnadi,ng NGA,MFDF,Marseille,fr Ligue 1,22,2003,8,351,44,11.5,3.9,4,79,1,4,9,2,2.38,6,3,3,0.77,0.27,,
2387,Martin Nogoto Bley,bf BFA,MF,Lorient,fr Ligue 1,19,2006,1,1,1,0,0,0,,0,1,1,8,3,0,0,0,0,0.09,,
2388,Arnaud Nordin,fr FRA,MFFW,Mainz 05,de Bundesliga,27,1998,13,469,36,15.3,5.2,5,71,1,8,15,5,0.69,5,11,-6,-1.15,-1.05,,
2389,Arnaud Nordin,fr FRA,FWMF,Rennes,fr Ligue 1,27,1998,10,570,57,18.6,6.3,7,71,0,3,24,0,1.9,12,4,8,1.26,1.23,,
2390,Brooke Norton-Cuffy,eng ENG,MFDF,Genoa,it Serie A,21,2004,27,2212,82,64.7,24.6,25,86,19,2,32,1,0.96,28,38,-10,-0.41,-0.41,,
2391,Tijjani Noslin,nl NED,FW,Lazio,it Serie A,26,1999,29,1148,40,33.6,12.8,9,77,3,20,23,8,1.34,15,14,1,0.08,0.08,,
2392,Tyrese Noubissié,fr FRA,MF,Strasbourg,fr Ligue 1,16,2009,4,58,15,1.9,0.6,0,,0,4,15,3,1.75,3,0,3,4.66,4.42,,
2393,Noah Nsoki,fr FRA,MF,PSG,fr Ligue 1,18,2007,1,8,8,0.3,0.1,0,,0,1,8,2,3,0,0,0,0,-1.33,,
2394,Randy Nteka,ao ANG,FW,Rayo Vallecano,es La Liga,27,1997,13,374,29,10.9,4.2,3,76,1,10,15,11,1.77,7,6,1,0.24,0.36,,
2395,Ernest Nuamah,gh GHA,FWMF,Lyon,fr Ligue 1,21,2003,3,35,12,1.1,0.4,0,,0,3,12,0,1,0,0,0,0,-0.39,,
2396,Alexander Nübel,de GER,GK,Stuttgart,de Bundesliga,28,1996,34,3060,90,100,34,34,90,34,0,,0,1.82,71,49,22,0.65,,,
2397,Gustavo Nunes,br BRA,MF,Brentford,eng Premier League,19,2005,0,,,,,0,,0,0,,2,,,,,,,,
2398,Matheus Nunes,pt POR,DF,Manchester City,eng Premier League,26,1998,34,2862,84,83.7,31.8,32,87,28,2,35,3,2.21,68,28,40,1.26,0.94,,
2399,Álvaro Núñez,es ESP,DFMF,Elche,es La Liga,25,2000,19,1647,87,48.2,18.3,19,87,14,0,,0,1.21,23,20,3,0.16,0.72,,
2400,Álvaro Núñez,es ESP,DFMF,Celta Vigo,es La Liga,25,2000,6,328,55,9.6,3.6,5,63,0,1,15,7,1.17,7,6,1,0.27,0.16,,
2401,Lucas Núñez,es ESP,MF,Valencia,es La Liga,19,2006,0,,,,,0,,0,0,,10,,,,,,,,
2402,Unai Núñez,es ESP,DF,Hellas Verona,it Serie A,28,1997,17,1265,74,37,14.1,15,82,12,2,21,1,0.71,12,26,-14,-1,-0.08,,
2403,Unai Núñez,es ESP,DF,Valencia,es La Liga,28,1997,13,911,70,26.6,10.1,10,82,6,3,29,2,1.92,16,12,4,0.4,0.86,,
2404,Alessandro Nunziante,it ITA,GK,Udinese,it Serie A,18,2007,0,,,,,0,,0,0,,24,,,,,,,,
2405,Joi Nuredini,al ALB,FW,Genoa,it Serie A,17,2007,1,2,2,0.1,0,0,,0,1,2,4,1,0,0,0,0,0.26,,
2406,Antonio Nusa,no NOR,FWMF,RB Leipzig,de Bundesliga,20,2005,31,2027,65,66.2,22.5,24,77,4,7,26,0,2,42,29,13,0.58,0.05,,
2407,Ethan Nwaneri,eng ENG,MF,Arsenal,eng Premier League,18,2007,6,171,29,5,1.9,0,,0,6,29,11,2.67,8,0,8,4.21,3.21,,
2408,Ethan Nwaneri,eng ENG,MF,Marseille,fr Ligue 1,18,2007,9,324,36,10.6,3.6,3,56,0,6,26,7,1.11,8,5,3,0.83,0.34,,
2409,Lorenzo Nyarko,it ITA,GK,Sassuolo,it Serie A,17,2007,0,,,,,0,,0,0,,1,,,,,,,,
2410,Ørjan Nyland,no NOR,GK,Sevilla,es La Liga,34,1990,5,450,90,13.2,5,5,90,5,0,,32,0.8,7,8,-1,-0.2,0.19,,
2411,Allan Nyom,cm CMR,DF,Getafe,es La Liga,37,1988,15,523,35,15.3,5.8,7,68,2,8,6,15,1.63,8,8,0,0,0.19,,
2412,Trey Nyoni,eng ENG,MF,Liverpool,eng Premier League,18,2007,6,24,4,0.7,0.3,0,,0,6,4,23,2.33,0,1,-1,-3.75,-4.04,,
2413,Pladi Nzinga Pambani,fr FRA,DF,Marseille,fr Ligue 1,18,2007,0,,,,,0,,0,0,,1,,,,,,,,
2414,Rabby Nzingoula,fr FRA,MF,Strasbourg,fr Ligue 1,19,2005,4,51,13,1.7,0.6,0,,0,4,13,6,0.75,1,0,1,1.76,1.47,,
2415,M'Bala Nzola,ao ANG,FW,Pisa,it Serie A,28,1996,16,1052,66,30.8,11.7,11,82,4,5,30,0,0.69,5,15,-10,-0.86,0.47,,
2416,M'Bala Nzola,ao ANG,FW,Sassuolo,it Serie A,28,1996,14,473,34,13.8,5.3,4,72,0,10,19,1,1.43,6,7,-1,-0.19,-0.1,,
2417,Christian Nørgaard,dk DEN,MF,Arsenal,eng Premier League,31,1994,7,106,15,3.1,1.2,1,45,0,6,10,21,3,3,1,2,1.7,0.56,,
2418,Jake O'Brien,ie IRL,DF,Everton,eng Premier League,24,2001,37,3120,84,91.2,34.7,35,87,29,2,42,0,1.32,44,46,-2,-0.06,0.24,,
2419,Luke O'Nien,eng ENG,DF,Sunderland,eng Premier League,30,1994,12,569,47,16.6,6.3,5,90,5,7,17,17,1.58,12,7,5,0.79,1.14,,
2420,Nico O'Reilly,eng ENG,DFMF,Manchester City,eng Premier League,20,2005,34,2646,78,77.4,29.4,29,87,22,5,27,1,2.18,63,25,38,1.29,0.83,,
2421,Matt O'Riley,dk DEN,MF,Marseille,fr Ligue 1,24,2000,15,741,49,24.2,8.2,6,81,2,9,28,2,2.33,16,9,7,0.85,0.42,,
2422,Matt O'Riley,dk DEN,MF,Brighton,eng Premier League,24,2000,6,204,34,6,2.3,2,89,1,4,7,7,1.33,2,3,-1,-0.44,-0.64,,
2423,Adam Obert,sk SVK,DFMF,Cagliari,it Serie A,22,2002,35,2771,79,81,30.8,33,83,19,2,21,1,1.2,28,40,-12,-0.39,-0.25,,
2424,Chidozie Obi-Martin,dk DEN,FW,Manchester Utd,eng Premier League,17,2007,0,,,,,0,,0,0,,1,,,,,,,,
2425,Jan Oblak,si SVN,GK,Atlético Madrid,es La Liga,32,1993,30,2700,90,78.9,30,30,90,30,0,,3,1.9,51,31,20,0.67,0.92,,
2426,Noam Obougou Jacquet,fr FRA,FW,Le Havre,fr Ligue 1,19,2006,5,104,21,3.4,1.2,0,,0,5,21,7,1,1,0,1,0.87,1.26,,
2427,Rafel Obrador,es ESP,MF,Torino,it Serie A,21,2004,16,1116,70,32.6,12.4,14,77,4,2,23,0,1.38,18,20,-2,-0.16,0.5,,
2428,Relja Obrić,si SVN,DF,Atalanta,it Serie A,19,2006,0,,,,,0,,0,0,,14,,,,,,,,
2429,Job Ochieng',ke KEN,MF,Real Sociedad,es La Liga,22,2003,2,93,47,2.7,1,1,67,0,1,26,6,2,2,1,1,0.97,1.05,,
2430,Cas Odenthal,nl NED,DF,Sassuolo,it Serie A,24,2000,1,1,1,0,0,0,,0,1,1,17,0,0,0,0,0,0.11,,
2431,Jens Odgaard,dk DEN,MF,Bologna,it Serie A,26,1999,26,1378,53,40.3,15.3,16,74,4,10,19,9,1.5,22,21,1,0.07,-0.02,,
2432,Wilson Odobert,fr FRA,MFFW,Tottenham,eng Premier League,20,2004,24,985,41,28.8,10.9,10,68,1,14,22,2,1.08,16,13,3,0.27,0.72,,
2433,David Odogu,de GER,DF,Wolfsburg,de Bundesliga,19,2006,0,,,,,0,,0,0,,2,,,,,,,,
2434,David Odogu,de GER,DF,Milan,it Serie A,19,2006,2,6,3,0.2,0.1,0,,0,2,3,33,3,0,0,0,0,-0.47,,
2435,Álvaro Odriozola,es ESP,DF,Real Sociedad,es La Liga,29,1995,5,201,40,5.9,2.2,2,60,0,3,27,17,2,6,4,2,0.9,1.01,,
2436,Tim Oermann,de GER,DF,Leverkusen,de Bundesliga,21,2003,2,18,9,0.6,0.2,0,,0,2,9,10,1,0,2,-2,-10,-10.68,,
2437,Deniz Ofli,tr TUR,DF,Bayern Munich,de Bundesliga,18,2007,1,6,6,0.2,0.1,0,,0,1,6,4,3,0,1,-1,-15,-17.56,,
2438,Oluwaseun Ogbemudia,de GER,DF,Union Berlin,de Bundesliga,19,2006,0,,,,,0,,0,0,,4,,,,,,,,
2439,Ifechukwu Ogbus,ch SUI,DF,Freiburg,de Bundesliga,19,2005,18,1177,65,38.5,13.1,14,80,10,4,16,4,1.33,12,27,-15,-1.15,-1.58,,
2440,Uchenna Ogundu,ng NGA,FW,Augsburg,de Bundesliga,19,2006,5,47,9,1.5,0.5,0,,0,5,9,5,1.4,3,1,2,3.83,4.37,,
2441,Hamzat Ojediran,ng NGA,MF,Lens,fr Ligue 1,21,2003,0,,,,,0,,0,0,,6,,,,,,,,
2442,Temple Ojinnaka,it ITA,MF,Wolves,eng Premier League,20,2005,0,,,,,0,,0,0,,2,,,,,,,,
2443,Noah Okafor,ch SUI,FWMF,Leeds United,eng Premier League,25,2000,28,1561,56,45.6,17.3,19,72,1,9,22,1,1.32,29,26,3,0.17,0.66,,
2444,David Okereke,ng NGA,FWMF,Cremonese,it Serie A,27,1997,10,403,40,11.8,4.5,3,62,0,7,31,2,1.18,7,9,-2,-0.45,0.24,,
2445,Bryan Okoh,ch SUI,DF,Auxerre,fr Ligue 1,22,2003,13,1005,77,32.8,11.2,12,83,10,1,6,1,1.38,16,15,1,0.09,0.57,,
2446,Maduka Okoye,ng NGA,GK,Udinese,it Serie A,25,1999,30,2616,87,76.5,29.1,30,87,29,0,,1,1.37,37,32,5,0.17,1.07,,
2447,Saheed Olagunju,ng NGA,DF,Wolves,eng Premier League,18,2007,0,,,,,0,,0,0,,5,,,,,,,,
2448,Xanet Olaiz,es ESP,DF,Alavés,es La Liga,20,2005,0,,,,,0,,0,0,,2,,,,,,,,
2449,Javier Olaizola,es ESP,DF,Mallorca,es La Liga,18,2007,2,51,26,1.5,0.6,0,,0,2,26,14,1.5,1,1,0,0,0.27,,
2450,Olasagasti,es ESP,MF,Levante,es La Liga,24,2000,33,1734,53,50.7,19.3,18,81,9,15,18,2,1.12,28,32,-4,-0.21,0.33,,
2451,Michael Olise,fr FRA,MF,Bayern Munich,de Bundesliga,23,2001,32,2316,72,75.7,25.7,23,86,14,9,38,1,2.59,94,25,69,2.68,0.62,,
2452,Mathías Olivera,uy URU,DFMF,Napoli,it Serie A,27,1997,25,1370,55,40.1,15.2,15,74,6,10,27,10,2.16,23,13,10,0.66,0.13,,
2453,Tuomas Ollila,fi FIN,DF,Paris FC,fr Ligue 1,25,2000,10,308,31,10.1,3.4,3,79,0,7,10,8,1.1,6,4,2,0.58,0.75,,
2454,Dani Olmo,es ESP,MF,Barcelona,es La Liga,27,1998,33,2067,63,60.4,23,24,75,8,9,30,0,2.48,56,17,39,1.7,0.37,,
2455,Jan Olschowsky,de GER,GK,Gladbach,de Bundesliga,23,2001,0,,,,,0,,0,0,,14,,,,,,,,
2456,Callum Olusesi,eng ENG,MF,Tottenham,eng Premier League,18,2007,1,15,15,0.4,0.2,0,,0,1,15,7,1,1,0,1,6,6.26,,
2457,Tani Oluwaseyi,ca CAN,FW,Villarreal,es La Liga,25,2000,27,901,33,26.3,10,9,70,1,18,15,9,1.78,20,15,5,0.5,-0.25,,
2458,Warmed Omari,km COM,DF,Hamburger SV,de Bundesliga,25,2000,20,1605,80,52.5,17.8,17,87,12,3,45,0,1.1,19,28,-9,-0.5,-0.2,,
2459,Jonas Omlin,ch SUI,GK,Gladbach,de Bundesliga,31,1994,0,,,,,0,,0,0,,14,,,,,,,,
2460,Jonas Omlin,ch SUI,GK,Leverkusen,de Bundesliga,31,1994,0,,,,,0,,0,0,,11,,,,,,,,
2461,Andrew Omobamidele,ie IRL,DF,Strasbourg,fr Ligue 1,23,2002,25,1357,54,44.3,15.1,13,82,8,12,25,2,1.56,25,21,4,0.27,-0.1,,
2462,Wellity Omoruyi,es ESP,DF,Liverpool,eng Premier League,19,2006,0,,,,,0,,0,0,,4,,,,,,,,
2463,Ado Onaiwu,jp JPN,FWMF,Auxerre,fr Ligue 1,29,1995,0,,,,,0,,0,0,,1,,,,,,,,
2464,Amadou Onana,be BEL,MF,Aston Villa,eng Premier League,23,2001,25,1758,70,51.4,19.5,21,81,11,4,17,1,1.96,28,26,2,0.1,-0.17,,
2465,André Onana,cm CMR,GK,Manchester Utd,eng Premier League,29,1996,0,,,,,0,,0,0,,2,,,,,,,,
2466,Jean Onana,cm CMR,MF,Genoa,it Serie A,25,2000,3,45,15,1.3,0.5,0,,0,3,15,18,2,0,1,-1,-2,-1.76,,
2467,Jacob Ondrejka,se SWE,FWMF,Parma,it Serie A,22,2002,16,773,48,22.6,8.6,9,65,0,7,27,9,1.31,8,14,-6,-0.7,-0.29,,
2468,Tyler Onyango,eng ENG,MF,Everton,eng Premier League,22,2003,0,,,,,0,,0,0,,3,,,,,,,,
2469,Frank Onyeka,ng NGA,MF,Brentford,eng Premier League,27,1998,6,92,15,2.7,1,0,,0,6,15,10,1.5,3,2,1,0.98,0.92,,
2470,Loïs Openda,be BEL,FW,RB Leipzig,de Bundesliga,25,2000,2,51,26,1.7,0.6,1,45,0,1,6,0,1.5,0,3,-3,-5.29,-5.95,,
2471,Loïs Openda,be BEL,FWMF,Juventus,it Serie A,25,2000,24,666,28,19.5,7.4,6,69,0,18,14,12,1.71,11,8,3,0.41,-0.38,,
2472,Leon Opitz,de GER,MF,Werder Bremen,de Bundesliga,20,2005,0,,,,,0,,0,0,,2,,,,,,,,
2473,Fredrik Oppegard,no NOR,MFDF,Auxerre,fr Ligue 1,22,2002,23,1246,54,40.7,13.8,15,74,7,8,16,7,0.78,12,19,-7,-0.51,-0.36,,
2474,Louis Oppie,de GER,MF,St Pauli,de Bundesliga,23,2002,23,1620,70,52.9,18,17,87,15,6,22,11,0.57,14,34,-20,-1.11,-0.42,,
2475,Gift Orban,ng NGA,FW,Hellas Verona,it Serie A,23,2002,28,2027,72,59.3,22.5,23,79,9,5,40,1,0.5,14,33,-19,-0.84,0.25,,
2476,Willi Orban,hu HUN,DF,RB Leipzig,de Bundesliga,32,1992,33,2949,89,96.4,32.8,33,89,32,0,,0,1.88,63,46,17,0.52,-1.1,,
2477,Christian Ordoñez,ar ARG,MF,Parma,it Serie A,21,2004,28,1091,39,31.9,12.1,12,67,3,16,18,9,1.29,9,14,-5,-0.41,0.09,,
2478,Luis Orejuela,,DF,Mallorca,es La Liga,,,1,90,90,2.6,1,1,90,1,0,,3,0,1,3,-2,-2,-1.78,,
2479,Nehemiah Oriola,eng ENG,MF,Brighton,eng Premier League,18,2007,1,1,1,0,0,0,,0,1,1,6,3,0,0,0,0,-0.16,,
2480,Gaetano Oristanio,it ITA,FWMF,Parma,it Serie A,22,2002,20,859,43,25.1,9.5,8,65,0,12,28,8,1.25,7,13,-6,-0.63,-0.21,,
2481,Aimar Oroz,es ESP,MFFW,Osasuna,es La Liga,23,2001,31,2139,69,62.5,23.8,26,77,6,5,25,0,1.23,25,29,-4,-0.17,-0.03,,
2482,Riccardo Orsolini,it ITA,MFFW,Bologna,it Serie A,28,1997,35,2111,60,61.7,23.5,26,74,8,9,22,2,1.54,32,31,1,0.04,-0.09,,
2483,Stefan Ortega,de GER,GK,Manchester City,eng Premier League,32,1992,0,,,,,0,,0,0,,1,,,,,,,,
2484,Stefan Ortega,de GER,GK,Nottingham,eng Premier League,32,1992,3,270,90,7.9,3,3,90,3,0,,8,0.33,1,4,-3,-1,-1,,
2485,Iker Ortín,es ESP,DF,Sevilla,es La Liga,21,2004,0,,,,,0,,0,0,,1,,,,,,,,
2486,Ángel Ortíz,es ESP,DF,Real Betis,es La Liga,21,2004,13,584,45,17.1,6.5,7,72,2,6,14,13,1.54,5,9,-4,-0.62,-1.09,,
2487,Asier Osambela,es ESP,DF,Osasuna,es La Liga,21,2004,17,343,20,10,3.8,2,76,0,15,13,18,1.17,10,9,1,0.26,0.47,,
2488,Gabriel Osho,ng NGA,DF,Auxerre,fr Ligue 1,26,1998,2,134,67,4.4,1.5,2,67,1,0,,0,1.5,2,2,0,0,0.31,,
2489,Ibrahim Osman,gh GHA,MFFW,Auxerre,fr Ligue 1,20,2004,14,625,45,20.4,6.9,7,72,2,7,17,2,0.43,3,11,-8,-1.15,-1.08,,
2490,Erblin Osmani,de GER,MF,Bayern Munich,de Bundesliga,16,2009,1,4,4,0.1,0,0,,0,1,4,0,3,0,0,0,0,-2.53,,
2491,Patrick Osterhage,de GER,MF,Freiburg,de Bundesliga,25,2000,20,1189,59,38.9,13.2,13,82,6,7,18,2,1.7,15,17,-2,-0.15,0.04,,
2492,William Osula,dk DEN,FW,Newcastle,eng Premier League,21,2003,24,819,34,23.9,9.1,8,77,2,16,13,2,1.04,11,14,-3,-0.33,-0.36,,
2493,Philip Otele,ng NGA,MFFW,Hamburger SV,de Bundesliga,26,1999,9,471,52,15.4,5.2,7,65,0,2,7,2,1.33,9,6,3,0.57,1.16,,
2494,Sebastian Otoa,dk DEN,DF,Genoa,it Serie A,21,2004,13,829,64,24.2,9.2,9,85,6,4,16,17,1.08,9,17,-8,-0.87,-0.8,,
2495,David Otorbi,es ESP,FW,Valencia,es La Liga,17,2007,0,,,,,0,,0,0,,18,,,,,,,,
2496,Adam El Ouali,fr FRA,MF,Toulouse,fr Ligue 1,18,2006,0,,,,,0,,0,0,,1,,,,,,,,
2497,Abdoul Ouattara,fr FRA,MFDF,Strasbourg,fr Ligue 1,19,2005,28,1768,63,57.8,19.6,19,79,13,9,29,0,1.79,37,27,10,0.51,0.44,,
2498,Dango Ouattara,bf BFA,MF,Brentford,eng Premier League,23,2002,32,2276,71,66.5,25.3,25,84,12,7,25,0,1.25,35,35,0,0,-0.24,,
2499,Kassoum Ouattara,fr FRA,MFDF,Monaco,fr Ligue 1,20,2004,15,967,64,31.6,10.7,12,75,5,3,23,7,1.4,18,20,-2,-0.19,-0.53,,
2500,Assan Ouédraogo,de GER,MF,RB Leipzig,de Bundesliga,19,2006,19,948,50,31,10.5,13,68,1,6,11,0,2.26,29,14,15,1.42,1.25,,
2501,Latif Ouedraogo,bf BFA,DF,Genoa,it Serie A,17,2007,2,51,26,1.5,0.6,0,,0,2,26,6,0.5,0,0,0,0,0.27,,
2502,Azzedine Ounahi,ma MAR,MF,Girona,es La Liga,25,2000,24,1760,73,51.5,19.6,20,83,10,4,28,0,1,22,23,-1,-0.05,0.76,,
2503,Emmanuel Owen,de GER,FW,Leverkusen,de Bundesliga,18,2007,0,,,,,0,,0,0,,1,,,,,,,,
2504,Riley Owen,eng ENG,MF,Brentford,eng Premier League,19,2005,0,,,,,0,,0,0,,1,,,,,,,,
2505,Elisha Owusu,gh GHA,MF,Auxerre,fr Ligue 1,27,1997,29,2344,81,76.6,26,27,86,19,2,15,0,1,26,31,-5,-0.19,0.44,,
2506,Mikel Oyarzabal,es ESP,FW,Real Sociedad,es La Liga,28,1997,34,2710,80,79.2,30.1,30,86,21,4,30,1,1.32,48,45,3,0.1,0.73,,
2507,Max Oyedele,pl POL,MFDF,Strasbourg,fr Ligue 1,20,2004,8,446,56,14.6,5,6,72,3,2,7,4,1.5,9,10,-1,-0.2,-0.61,,
2508,Daniel Oyegoke,eng ENG,MFDF,Hellas Verona,it Serie A,22,2003,15,594,40,17.4,6.6,8,62,1,7,14,10,0.53,4,8,-4,-0.61,0.41,,
2509,Salih Özcan,tr TUR,MF,Dortmund,de Bundesliga,27,1998,11,81,7,2.6,0.9,0,,0,11,7,18,2.27,1,3,-2,-2.22,-3.37,,
2510,Berke Özer,tr TUR,GK,Lille,fr Ligue 1,25,2000,32,2834,89,92.6,31.5,32,89,31,0,,0,1.91,50,34,16,0.51,0.91,,
2511,Cenk Özkacar,tr TUR,DF,Köln,de Bundesliga,24,2000,25,1791,72,58.5,19.9,20,83,14,5,28,9,1,26,40,-14,-0.7,-0.7,,
2512,Pablo,br BRA,MFFW,West Ham,eng Premier League,21,2004,14,823,59,24.1,9.1,10,73,2,4,23,1,1.43,12,12,0,0,0.66,,
2513,Jon Pacheco,es ESP,DF,Alavés,es La Liga,24,2001,22,1735,79,50.7,19.3,20,85,17,2,13,11,1.14,17,29,-12,-0.62,-0.62,,
2514,Jon Pacheco,es ESP,DF,Real Sociedad,es La Liga,24,2001,0,,,,,0,,0,0,,1,,,,,,,,
2515,Willian Pacho,ec ECU,DF,PSG,fr Ligue 1,23,2001,23,1914,83,62.5,21.3,21,88,19,2,38,8,2.09,47,22,25,1.18,-0.4,,
2516,Daniele Padelli,it ITA,GK,Udinese,it Serie A,39,1985,2,180,90,5.3,2,2,90,2,0,,33,0.5,1,2,-1,-0.5,-0.44,,
2517,Alex Padilla,es ESP,GK,Athletic Club,es La Liga,21,2003,1,90,90,2.6,1,1,90,1,0,,33,1.5,4,4,0,0,0.41,,
2518,Kendry Páez,ec ECU,MFFW,Strasbourg,fr Ligue 1,18,2007,15,424,28,13.9,4.7,4,56,0,11,18,3,1.53,6,3,3,0.64,0.36,,
2519,Pablo Pagis,fr FRA,MFFW,Lorient,fr Ligue 1,22,2002,28,1756,63,57.4,19.5,22,72,2,6,28,1,1.43,31,29,2,0.1,0.45,,
2520,Igor Paixão,br BRA,MF,Marseille,fr Ligue 1,25,2000,30,1975,66,64.5,21.9,22,77,7,8,35,0,1.83,40,28,12,0.55,0.05,,
2521,César Palacios,es ESP,MF,Real Madrid,es La Liga,20,2004,5,86,17,2.5,1,0,,0,5,17,4,2.4,4,1,3,3.14,2.09,,
2522,Exequiel Palacios,ar ARG,MF,Leverkusen,de Bundesliga,26,1998,18,1099,61,35.9,12.2,12,81,8,6,21,1,1.89,27,17,10,0.82,0.31,,
2523,Tomás Palacios,ar ARG,DF,Inter,it Serie A,22,2003,0,,,,,0,,0,0,,7,,,,,,,,
2524,Isaac Palazón Camacho,es ESP,MFFW,Rayo Vallecano,es La Liga,30,1994,31,2248,73,65.7,25,27,79,8,4,28,1,1.23,24,31,-7,-0.28,-0.59,,
2525,Alberto Paleari,it ITA,GK,Torino,it Serie A,32,1992,29,2610,90,76.3,29,29,90,29,0,,9,1.28,35,45,-10,-0.34,0.66,,
2526,Marco Palestra,it ITA,MFDF,Cagliari,it Serie A,20,2005,37,3081,83,90.1,34.2,34,88,27,3,33,0,1.14,31,46,-15,-0.44,-0.97,,
2527,João Palhinha,pt POR,MF,Tottenham,eng Premier League,30,1995,33,2198,67,64.3,24.4,23,84,15,10,26,2,1.15,31,37,-6,-0.25,-0.02,,
2528,Matteo Palma,de GER,DF,Udinese,it Serie A,17,2008,5,120,24,3.5,1.3,1,45,0,4,19,12,1,1,3,-2,-1.5,-1.47,,
2529,Cole Palmer,eng ENG,MF,Chelsea,eng Premier League,23,2002,26,1955,75,57.2,21.7,24,79,12,2,33,1,1.04,32,33,-1,-0.05,-0.48,,
2530,Emerson Palmieri,it ITA,DFMF,Marseille,fr Ligue 1,30,1994,28,2114,76,69.1,23.5,23,88,19,5,20,1,1.75,39,30,9,0.38,-0.47,,
2531,Diego Pampín,es ESP,DF,Levante,es La Liga,25,2000,8,534,67,15.6,5.9,6,84,4,2,14,24,0.88,7,15,-8,-1.35,-1.16,,
2532,Alejandro Panach,es ESP,DF,Valencia,es La Liga,19,2006,0,,,,,0,,0,0,,8,,,,,,,,
2533,Jahyann Pandore,fr FRA,MF,Metz,fr Ligue 1,17,2007,4,88,22,2.9,1,0,,0,4,22,1,0.5,2,4,-2,-2.05,-0.77,,
2534,Joaquín Panichelli,ar ARG,FW,Strasbourg,fr Ligue 1,22,2002,27,2193,81,71.7,24.4,24,87,19,3,34,0,1.48,39,29,10,0.41,0.31,,
2535,Nicolò Pannozzo,it ITA,GK,Lazio,it Serie A,17,2008,0,,,,,0,,0,0,,5,,,,,,,,
2536,Leart Paqarada,xk KVX,DF,Heidenheim,de Bundesliga,30,1994,1,6,6,0.2,0.1,1,6,0,0,,1,0,0,0,0,0,0.91,,
2537,Lucas Paquetá,br BRA,MFFW,West Ham,eng Premier League,27,1997,18,1511,84,44.2,16.8,18,84,8,0,,0,0.67,18,32,-14,-0.83,-0.6,,
2538,Victor Parada,es ESP,DF,Alavés,es La Liga,23,2002,30,2146,72,62.7,23.8,25,82,15,5,18,6,1.23,30,38,-8,-0.34,-0.05,,
2539,Piotr Pardel,pl POL,GK,Atalanta,it Serie A,20,2005,0,,,,,0,,0,0,,4,,,,,,,,
2540,Aitor Paredes,es ESP,DF,Athletic Club,es La Liga,25,2000,19,1630,86,47.7,18.1,18,90,18,1,10,15,1.32,26,28,-2,-0.11,0.54,,
2541,Kevin Paredes,us USA,MF,Wolfsburg,de Bundesliga,22,2003,6,164,27,5.4,1.8,1,63,0,5,20,2,0.83,4,4,0,0,0.75,,
2542,Daniel Parejo,es ESP,MF,Villarreal,es La Liga,36,1989,32,1392,44,40.7,15.5,16,73,2,16,14,5,1.84,27,24,3,0.19,-0.83,,
2543,Fabiano Parisi,it ITA,MFFW,Fiorentina,it Serie A,24,2000,23,1520,66,44.4,16.9,18,77,6,5,25,8,1.26,22,21,1,0.06,0.53,,
2544,Thomas Partey,gh GHA,MF,Villarreal,es La Liga,32,1993,25,934,37,27.3,10.4,8,77,4,17,19,4,2.08,15,13,2,0.19,-0.68,,
2545,Mario Pašalić,hr CRO,MF,Atalanta,it Serie A,30,1995,33,1936,59,56.6,21.5,21,80,13,12,21,4,1.39,26,28,-2,-0.09,-1.12,,
2546,Patric,es ESP,MFDF,Lazio,it Serie A,32,1993,14,667,48,19.5,7.4,6,79,4,8,24,13,1.93,8,8,0,0,-0.03,,
2547,Anthony Patterson,eng ENG,GK,Sunderland,eng Premier League,25,2000,0,,,,,0,,0,0,,23,,,,,,,,
2548,Nathan Patterson,sct SCO,DF,Everton,eng Premier League,23,2001,7,241,34,7,2.7,3,77,1,4,3,21,1.57,3,2,1,0.37,0.49,,
2549,Travis Patterson,eng ENG,DF,Aston Villa,eng Premier League,19,2005,0,,,,,0,,0,0,,1,,,,,,,,
2550,Benjamin Pavard,fr FRA,DF,Marseille,fr Ligue 1,29,1996,27,1928,71,63,21.4,22,84,17,5,16,2,1.93,40,24,16,0.75,0.59,,
2551,Benjamin Pavard,fr FRA,DF,Inter,it Serie A,29,1996,1,90,90,2.6,1,1,90,1,0,,1,3,5,0,5,5,3.68,,
2552,Davide Pavesi,it ITA,DF,Cremonese,it Serie A,17,2008,0,,,,,0,,0,0,,3,,,,,,,,
2553,Filip Pavić,hr CRO,MF,Bayern Munich,de Bundesliga,15,2010,0,,,,,0,,0,0,,3,,,,,,,,
2554,Aleksandar Pavlovic,de GER,MF,Bayern Munich,de Bundesliga,21,2004,24,1462,61,47.8,16.2,16,79,8,8,26,8,2.46,56,26,30,1.85,-1.31,,
2555,Strahinja Pavlović,rs SRB,DF,Milan,it Serie A,24,2001,34,2869,84,83.9,31.9,33,86,29,1,29,3,1.76,44,33,11,0.35,-0.8,,
2556,Leonardo Pavoletti,it ITA,FW,Cagliari,it Serie A,36,1988,13,227,17,6.6,2.5,1,56,0,12,14,14,0.54,4,4,0,0,0.37,,
2557,Martín Payero,ar ARG,MF,Cremonese,it Serie A,26,1998,25,1457,58,42.6,16.2,16,75,5,9,29,4,0.96,17,17,0,0,1.15,,
2558,Nicolás Paz,ar ARG,MF,Como,it Serie A,20,2004,35,2878,82,84.2,32,33,86,22,2,25,1,1.77,49,27,22,0.69,-1.64,,
2559,Yeferson Paz,co COL,DF,Sassuolo,it Serie A,23,2002,0,,,,,0,,0,0,,8,,,,,,,,
2560,Myles Peart-Harris,eng ENG,MF,Brentford,eng Premier League,22,2002,1,1,1,0,0,0,,0,1,1,4,3,0,0,0,0,-0.08,,
2561,Jurgen Peci,al ALB,MF,Hellas Verona,it Serie A,18,2007,0,,,,,0,,0,0,,1,,,,,,,,
2562,Ármin Pécsi,hu HUN,GK,Liverpool,eng Premier League,20,2005,0,,,,,0,,0,0,,4,,,,,,,,
2563,Mads Pedersen,dk DEN,MF,Augsburg,de Bundesliga,28,1996,7,210,30,6.9,2.3,1,61,0,6,25,11,1.14,0,5,-5,-2.14,-1.8,,
2564,Marcus Pedersen,no NOR,MFDF,Torino,it Serie A,25,2000,29,2134,74,62.4,23.7,23,85,15,6,32,4,1.21,31,35,-4,-0.17,0.88,,
2565,Alfonso Pedraza,es ESP,DF,Villarreal,es La Liga,29,1996,27,1689,63,49.4,18.8,19,80,10,8,21,9,1.89,39,24,15,0.8,0.23,,
2566,Pedri,es ESP,MF,Barcelona,es La Liga,22,2002,29,2104,73,61.5,23.4,23,83,11,6,32,1,2.52,60,21,39,1.67,0.3,,
2567,Pedro,es ESP,FWMF,Lazio,it Serie A,38,1987,29,982,34,28.7,10.9,9,63,0,20,21,6,1.52,18,13,5,0.46,0.61,,
2568,Zé Pedro Figueiredo,pt POR,DF,Cagliari,it Serie A,28,1997,23,1699,74,49.7,18.9,20,82,11,3,19,4,1.13,21,26,-5,-0.26,0.15,,
2569,Adrià Pedrosa,es ESP,DFMF,Elche,es La Liga,27,1998,26,1090,42,31.9,12.1,8,82,3,18,24,7,1.04,17,27,-10,-0.83,-0.9,,
2570,Adrià Pedrosa,es ESP,DFMF,Sevilla,es La Liga,27,1998,1,6,6,0.2,0.1,0,,0,1,6,1,0,0,0,0,0,0.37,,
2571,Dženan Pejčinović,de GER,FW,Wolfsburg,de Bundesliga,20,2005,30,1460,49,47.7,16.2,16,79,7,14,14,3,0.83,19,37,-18,-1.11,-0.77,,
2572,David Pejičić,si SVN,MF,Udinese,it Serie A,18,2007,0,,,,,0,,0,0,,1,,,,,,,,
2573,Lorenzo Pellegrini,it ITA,MF,Roma,it Serie A,29,1996,24,1463,61,42.8,16.3,20,67,2,4,30,3,1.63,22,14,8,0.49,-0.43,,
2574,Luca Pellegrini,it ITA,DF,Lazio,it Serie A,26,1999,24,1469,61,43,16.3,17,75,3,7,27,9,1.42,16,18,-2,-0.12,-0.26,,
2575,Mateo Pellegrino,ar ARG,FW,Parma,it Serie A,24,2001,37,2984,81,87.3,33.2,34,84,21,3,38,0,1.19,24,38,-14,-0.42,0.4,,
2576,Mattia Pellini,it ITA,DF,Torino,it Serie A,18,2007,0,,,,,0,,0,0,,6,,,,,,,,
2577,Timothee Pembele,fr FRA,MFDF,Le Havre,fr Ligue 1,22,2002,14,381,27,12.5,4.2,2,53,0,12,23,2,1.07,4,5,-1,-0.24,0.13,,
2578,Faris Pemi Moumbagna,cm CMR,FW,Cremonese,it Serie A,25,2000,5,93,19,2.7,1,0,,0,5,19,9,0.4,0,1,-1,-0.97,-0.32,,
2579,Iñaki Peña,es ESP,GK,Barcelona,es La Liga,26,1999,0,,,,,0,,0,0,,2,,,,,,,,
2580,Iñaki Peña,es ESP,GK,Elche,es La Liga,26,1999,16,1440,90,42.1,16,16,90,16,0,,20,0.81,21,28,-7,-0.44,-0.39,,
2581,Mike Penders,be BEL,GK,Strasbourg,fr Ligue 1,20,2005,33,2970,90,97.1,33,33,90,33,0,,0,1.52,57,47,10,0.3,-0.7,,
2582,Plamen Penev,bg BUL,GK,Lecce,it Serie A,17,2008,0,,,,,0,,0,0,,1,,,,,,,,
2583,Nicolas Pépé,ci CIV,MFFW,Villarreal,es La Liga,30,1995,36,2393,66,70,26.6,26,82,13,10,26,2,1.92,56,35,21,0.79,0.35,,
2584,Kojo Peprah Oppong,gh GHA,DF,Nice,fr Ligue 1,21,2004,29,2425,84,79.2,26.9,28,85,23,1,53,3,1,32,43,-11,-0.41,1.29,,
2585,Peque,es ESP,MFFW,Sevilla,es La Liga,22,2002,26,982,38,28.7,10.9,12,66,1,14,14,8,1.23,8,15,-7,-0.64,-0.38,,
2586,Sergiu Perciun,md MDA,MF,Torino,it Serie A,19,2006,0,,,,,0,,0,0,,5,,,,,,,,
2587,Andreas Pereira,br BRA,MF,Fulham,eng Premier League,29,1996,0,,,,,0,,0,0,,1,,,,,,,,
2588,Everton Pereira,fr FRA,MF,Nice,fr Ligue 1,18,2007,3,135,45,4.4,1.5,2,67,0,1,1,3,0.67,2,4,-2,-1.33,-0.69,,
2589,Mathias Pereira Lage,pt POR,MFFW,St Pauli,de Bundesliga,28,1996,28,2018,72,65.9,22.4,25,77,6,3,27,0,0.82,21,37,-16,-0.71,0.58,,
2590,Daniel Peretz,il ISR,GK,Hamburger SV,de Bundesliga,25,2000,0,,,,,0,,0,0,,15,,,,,,,,
2591,Ángel Pérez,es ESP,MFDF,Alavés,es La Liga,22,2002,16,1288,81,37.7,14.3,14,88,10,2,30,1,1.13,22,25,-3,-0.21,0.17,,
2592,Ayoze Pérez,es ESP,FW,Villarreal,es La Liga,32,1993,25,1124,45,32.9,12.5,12,69,1,13,23,2,1.8,22,20,2,0.16,-0.78,,
2593,Francisco Perez,es ESP,MFFW,Rayo Vallecano,es La Liga,22,2002,29,1237,43,36.2,13.7,12,65,0,17,27,6,1.17,14,17,-3,-0.22,-0.22,,
2594,Joselu Pérez,es ESP,DF,Getafe,es La Liga,21,2004,2,22,11,0.6,0.2,0,,0,2,11,11,0.5,2,1,1,4.09,4.28,,
2595,Matías Pérez,cl CHI,DF,Lecce,it Serie A,20,2005,1,31,31,0.9,0.3,1,31,0,0,,26,1,0,0,0,0,0.58,,
2596,Nacho Pérez,es ESP,DF,Levante,es La Liga,16,2008,3,148,49,4.3,1.6,1,77,0,2,36,22,1,2,1,1,0.61,1.02,,
2597,Simone Perilli,it ITA,GK,Hellas Verona,it Serie A,30,1995,3,270,90,7.9,3,3,90,3,0,,35,0.33,1,7,-6,-2,-1.14,,
2598,Mattia Perin,it ITA,GK,Juventus,it Serie A,32,1992,9,765,85,22.4,8.5,9,85,8,0,,25,1.67,15,9,6,0.71,-0.01,,
2599,Romain Perraud,fr FRA,DF,Lille,fr Ligue 1,27,1997,30,2241,75,73.2,24.9,27,82,14,3,12,2,1.83,43,26,17,0.68,0.9,,
2600,Lucas Perri,br BRA,GK,Leeds United,eng Premier League,27,1997,16,1440,90,42.1,16,16,90,16,0,,18,1.13,23,29,-6,-0.37,-0.33,,
2601,Gaëtan Perrin,fr FRA,MFFW,Lille,fr Ligue 1,29,1996,12,338,28,11,3.8,3,72,0,9,13,0,1.92,5,1,4,1.07,0.7,,
2602,Máximo Perrone,ar ARG,MF,Como,it Serie A,22,2003,36,2742,76,80.2,30.5,33,80,21,3,32,1,1.89,53,21,32,1.05,0.52,,
2603,Pavao Pervan,at AUT,GK,Wolfsburg,de Bundesliga,37,1987,0,,,,,0,,0,0,,14,,,,,,,,
2604,Massimo Pessina,it ITA,GK,Bologna,it Serie A,17,2007,4,353,88,10.3,3.9,3,90,3,1,83,33,2.5,7,2,5,1.27,1.33,,
2605,Prosper Peter,ng NGA,FW,Angers,fr Ligue 1,17,2007,29,1273,44,41.6,14.1,14,70,5,15,19,1,1.07,12,28,-16,-1.13,-0.98,,
2606,Alvin Petit Dol,fr FRA,FW,Auxerre,fr Ligue 1,18,2006,0,,,,,0,,0,0,,8,,,,,,,,
2607,Léo Pétrot,fr FRA,DF,Elche,es La Liga,28,1997,32,1572,49,46,17.5,18,79,10,14,10,5,1.22,19,26,-7,-0.4,-0.35,,
2608,Đorđe Petrović,rs SRB,GK,Bournemouth,eng Premier League,25,1999,38,3420,90,100,38,38,90,38,0,,0,1.5,58,54,4,0.11,,,
2609,Giuseppe Pezzella,it ITA,MFDF,Cremonese,it Serie A,27,1997,31,2585,83,75.6,28.7,30,85,23,1,34,0,0.84,25,47,-22,-0.77,-0.44,,
2610,Immanuel Pherai,sr SUR,FWMF,Hamburger SV,de Bundesliga,24,2001,6,35,6,1.1,0.4,0,,0,6,6,4,0.33,0,0,0,0,0.42,,
2611,Luca Philipp,de GER,GK,Hoffenheim,de Bundesliga,24,2000,0,,,,,0,,0,0,,34,,,,,,,,
2612,Maximilian Philipp,de GER,FWMF,Freiburg,de Bundesliga,31,1994,2,29,15,0.9,0.3,0,,0,2,15,7,1.5,0,1,-1,-3.1,-2.95,,
2613,Rayan Philippe,fr FRA,FWMF,Hamburger SV,de Bundesliga,24,2000,28,1285,46,42,14.3,13,73,1,15,22,4,1,15,17,-2,-0.14,0.47,,
2614,Gabriele Piccinini,it ITA,MF,Pisa,it Serie A,24,2001,25,875,35,25.6,9.7,5,77,1,20,25,13,0.4,6,20,-14,-1.44,-0.34,,
2615,Roberto Piccoli,it ITA,FW,Fiorentina,it Serie A,24,2001,32,1672,52,48.9,18.6,16,83,10,16,21,3,1.22,22,20,2,0.11,0.67,,
2616,Charles Pickel,cd COD,MF,Espanyol,es La Liga,28,1997,24,707,29,20.7,7.9,4,64,1,20,23,7,1.25,7,12,-5,-0.64,-0.4,,
2617,Jordan Pickford,eng ENG,GK,Everton,eng Premier League,31,1994,38,3420,90,100,38,38,90,38,0,,0,1.29,47,50,-3,-0.08,,,
2618,Amos Pieper,de GER,DF,Werder Bremen,de Bundesliga,27,1998,19,1502,79,49.1,16.7,19,79,15,0,,3,0.79,18,29,-11,-0.66,0.03,,
2619,Juan Piera,es ESP,FW,Elche,es La Liga,20,2004,0,,,,,0,,0,0,,3,,,,,,,,
2620,Edoardo Pieragnolo,it ITA,DFMF,Sassuolo,it Serie A,22,2003,0,,,,,0,,0,0,,5,,,,,,,,
2621,Marvin Pieringer,de GER,FWMF,Heidenheim,de Bundesliga,25,1999,27,1650,61,53.9,18.3,20,75,5,7,21,0,0.85,28,38,-10,-0.55,0.79,,
2622,Nicholas Pierini,it ITA,FWMF,Sassuolo,it Serie A,26,1998,11,142,13,4.2,1.6,0,,0,11,13,11,1.27,1,0,1,0.63,0.77,,
2623,Santiago Pierotti,ar ARG,MFFW,Lecce,it Serie A,24,2001,37,2597,70,75.9,28.9,31,78,6,6,31,0,1,22,34,-12,-0.42,0.68,,
2624,Balthazar Pierret,fr FRA,MF,Lecce,it Serie A,25,2000,3,27,9,0.8,0.3,0,,0,3,9,1,0.67,0,0,0,0,0.58,,
2625,Oliver Pimlott,eng ENG,MF,Burnley,eng Premier League,18,2007,0,,,,,0,,0,0,,2,,,,,,,,
2626,Andrea Pinamonti,it ITA,FW,Sassuolo,it Serie A,26,1999,36,2552,71,74.6,28.4,32,78,6,4,18,0,1.36,35,39,-4,-0.14,-0.14,,
2627,Thiago Pinar,es ESP,MF,Real Madrid,es La Liga,17,2007,10,592,59,17.3,6.6,8,69,1,2,20,11,1.9,12,6,6,0.91,-0.23,,
2628,Pietro Pinelli,it ITA,MF,Lazio,it Serie A,19,2006,0,,,,,0,,0,0,,3,,,,,,,,
2629,Lander Pinillos,es ESP,MF,Alavés,es La Liga,21,2003,1,2,2,0.1,0,0,,0,1,2,7,0,0,0,0,0,0.32,,
2630,Ethan Pinnock,jm JAM,DF,Brentford,eng Premier League,32,1993,4,318,80,9.3,3.5,4,80,1,0,,32,0.5,2,5,-3,-0.85,-1.02,,
2631,Yéremy Pino,es ESP,MF,Villarreal,es La Liga,22,2002,2,159,80,4.6,1.8,2,80,1,0,,0,3,7,0,7,3.96,3.44,,
2632,Yéremy Pino,es ESP,MFFW,Crystal Palace,eng Premier League,22,2002,34,2080,61,60.8,23.1,26,73,4,8,23,2,1.15,20,28,-8,-0.35,-0.21,,
2633,Carlo Pinsoglio,it ITA,GK,Juventus,it Serie A,35,1990,0,,,,,0,,0,0,,26,,,,,,,,
2634,Nicola Pintus,it ITA,DF,Cagliari,it Serie A,20,2005,0,,,,,0,,0,0,,11,,,,,,,,
2635,Jakub Piotrowski,pl POL,MF,Udinese,it Serie A,27,1997,33,1696,51,49.6,18.8,20,70,4,13,23,2,1.33,21,23,-2,-0.11,-0.05,,
2636,Joël Piroe,sr SUR,FW,Leeds United,eng Premier League,25,1999,16,258,16,7.5,2.9,2,67,0,14,9,21,0.94,4,9,-5,-1.74,-1.69,,
2637,Antonio Pirrò,it ITA,MF,Fiorentina,it Serie A,17,2008,0,,,,,0,,0,0,,1,,,,,,,,
2638,Samuele Pisati,it ITA,FW,Como,it Serie A,16,2009,0,,,,,0,,0,0,,1,,,,,,,,
2639,Niccolò Pisilli,it ITA,MF,Roma,it Serie A,20,2004,25,1295,52,37.9,14.4,13,81,9,12,20,13,1.96,29,16,13,0.9,0.27,,
2640,Matteo Pittarella,it ITA,GK,Milan,it Serie A,17,2008,0,,,,,0,,0,0,,24,,,,,,,,
2641,Damián Pizarro,cl CHI,FW,Le Havre,fr Ligue 1,20,2005,2,28,14,0.9,0.3,0,,0,2,14,3,1,1,0,1,3.21,3.6,,
2642,Elia Plicco,it ITA,MF,Parma,it Serie A,18,2007,0,,,,,0,,0,0,,10,,,,,,,,
2643,Tommaso Pobega,it ITA,MF,Bologna,it Serie A,26,1999,26,1434,55,41.9,15.9,17,75,7,9,18,8,1.69,23,21,2,0.13,0.08,,
2644,Paul Pogba,fr FRA,MF,Monaco,fr Ligue 1,32,1993,6,119,20,3.9,1.3,1,57,0,5,12,3,1.17,1,3,-2,-1.51,-1.76,,
2645,Ernest Poku,nl NED,MF,Leverkusen,de Bundesliga,21,2004,29,1482,51,48.4,16.5,16,73,2,13,25,4,1.69,33,19,14,0.85,0.45,,
2646,Matteo Politano,it ITA,MFFW,Napoli,it Serie A,31,1993,34,2200,65,64.3,24.4,26,78,5,8,23,0,1.97,38,23,15,0.61,0.1,,
2647,Oumar Pona,fr FRA,GK,Angers,fr Ligue 1,19,2006,2,180,90,5.9,2,2,90,2,0,,11,0,1,7,-6,-3,-2.59,,
2648,Alfie Pond,eng ENG,DF,Wolves,eng Premier League,21,2004,0,,,,,0,,0,0,,1,,,,,,,,
2649,Marin Pongračić,hr CRO,DF,Fiorentina,it Serie A,27,1997,35,2918,83,85.3,32.4,33,87,29,2,22,1,1.17,38,41,-3,-0.09,0.98,,
2650,Mihai Popa,ro ROU,GK,Torino,it Serie A,24,2000,0,,,,,0,,0,0,,21,,,,,,,,
2651,Nick Pope,eng ENG,GK,Newcastle,eng Premier League,33,1992,27,2416,89,70.6,26.8,27,89,26,0,,6,1.3,37,38,-1,-0.04,0.05,,
2652,Andrej Popović,rs SRB,DF,Hellas Verona,it Serie A,19,2006,0,,,,,0,,0,0,,1,,,,,,,,
2653,Pedro Porro,es ESP,DF,Tottenham,eng Premier League,25,1999,34,2796,82,81.8,31.1,32,86,26,2,21,0,1.18,40,40,0,0,1.3,,
2654,Portu,es ESP,FWMF,Girona,es La Liga,33,1992,10,474,47,13.9,5.3,4,64,0,6,36,2,0.7,6,11,-5,-0.95,-0.61,,
2655,Stefan Posch,at AUT,DF,Bologna,it Serie A,28,1997,0,,,,,0,,0,0,,2,,,,,,,,
2656,Stefan Posch,at AUT,DF,Como,it Serie A,28,1997,14,393,28,11.5,4.4,3,71,1,11,16,5,2,8,3,5,1.15,0.22,,
2657,Stefan Posch,at AUT,DF,Mainz 05,de Bundesliga,28,1997,16,1395,87,45.6,15.5,16,87,15,0,,0,1.75,26,22,4,0.26,0.96,,
2658,Freddie Potts,eng ENG,MF,West Ham,eng Premier League,21,2003,22,1171,53,34.2,13,12,77,4,10,25,11,1.09,17,25,-8,-0.61,-0.17,,
2659,Kacper Potulski,pl POL,DF,Mainz 05,de Bundesliga,17,2007,15,1065,71,34.8,11.8,9,88,8,6,45,9,1.67,14,17,-3,-0.25,0.02,,
2660,Yussuf Poulsen,dk DEN,FW,Hamburger SV,de Bundesliga,31,1994,15,334,22,10.9,3.7,1,61,0,14,20,1,1.27,4,6,-2,-0.54,-0.14,,
2661,Beñat Prados,es ESP,MF,Athletic Club,es La Liga,24,2001,2,85,43,2.5,0.9,1,61,0,1,24,1,3,1,0,1,1.06,1.49,,
2662,Alexander Prass,at AUT,MF,Hoffenheim,de Bundesliga,24,2001,32,1308,41,42.7,14.5,12,80,4,20,18,2,1.88,25,25,0,0,-0.67,,
2663,Matteo Prati,it ITA,MF,Torino,it Serie A,21,2003,13,614,47,18,6.8,7,66,0,6,26,2,1.46,7,10,-3,-0.44,0.07,,
2664,Matteo Prati,it ITA,MF,Cagliari,it Serie A,21,2003,20,1268,63,37.1,14.1,15,74,5,5,30,2,1.05,13,20,-7,-0.5,-0.25,,
2665,Abdón Prats,es ESP,FW,Mallorca,es La Liga,32,1992,15,143,10,4.2,1.6,0,,0,15,10,21,1.33,4,2,2,1.26,1.59,,
2666,Leonard Prescott,de GER,GK,Bayern Munich,de Bundesliga,15,2009,0,,,,,0,,0,0,,2,,,,,,,,
2667,David Preu,de GER,MF,Union Berlin,de Bundesliga,20,2004,0,,,,,0,,0,0,,14,,,,,,,,
2668,Alejandro Primo,es ESP,GK,Levante,es La Liga,21,2004,0,,,,,0,,0,0,,19,,,,,,,,
2669,Vincenzo Prisco,it ITA,MF,Napoli,it Serie A,16,2008,0,,,,,0,,0,0,,6,,,,,,,,
2670,Sam Proctor,eng ENG,GK,Aston Villa,eng Premier League,18,2006,0,,,,,0,,0,0,,4,,,,,,,,
2671,Grischa Prömel,de GER,MF,Hoffenheim,de Bundesliga,30,1995,33,1758,53,57.5,19.5,16,86,11,17,22,0,1.82,36,33,3,0.15,-0.54,,
2672,Killian Prouchet,fr FRA,DF,Paris FC,fr Ligue 1,20,2005,0,,,,,0,,0,0,,2,,,,,,,,
2673,Ivan Provedel,it ITA,GK,Lazio,it Serie A,31,1994,27,2430,90,71.1,27,27,90,27,0,,0,1.26,26,27,-1,-0.04,-0.22,,
2674,Adrian Przyborek,pl POL,MF,Lazio,it Serie A,18,2007,1,9,9,0.3,0.1,0,,0,1,9,14,3,0,0,0,0,-0.03,,
2675,Javi Puado,es ESP,MFFW,Espanyol,es La Liga,27,1998,10,674,67,19.7,7.5,8,83,3,2,7,0,1.3,10,13,-3,-0.4,-0.11,,
2676,Marc Pubill,es ESP,DF,Atlético Madrid,es La Liga,22,2003,19,1381,73,40.4,15.3,15,85,13,4,25,16,2,26,16,10,0.65,0.3,,
2677,Cameron Puertas,ch SUI,MF,Werder Bremen,de Bundesliga,26,1998,28,1846,66,60.3,20.5,22,80,10,6,15,3,1.04,24,30,-6,-0.29,0.97,,
2678,Christian Pulisic,us USA,FW,Milan,it Serie A,26,1998,30,1609,54,47,17.9,18,75,4,12,21,1,1.77,24,14,10,0.56,0.16,,
2679,Aleksa Puric,rs SRB,DF,Atlético Madrid,es La Liga,22,2003,2,46,23,1.3,0.5,0,,0,2,23,6,1.5,0,1,-1,-1.96,-2.46,,
2680,Giorgio Puzzoli,it ITA,FW,Fiorentina,it Serie A,19,2006,0,,,,,0,,0,0,,4,,,,,,,,
2681,Arkadiusz Pyrka,pl POL,MF,St Pauli,de Bundesliga,22,2002,31,2576,83,84.2,28.6,30,86,23,1,9,2,0.84,24,50,-26,-0.91,0.02,,
2682,Jarell Quansah,eng ENG,DF,Leverkusen,de Bundesliga,22,2003,28,2299,82,75.1,25.5,25,88,21,3,31,2,1.57,44,34,10,0.39,-0.91,,
2683,Leopold Querfeld,at AUT,DF,Union Berlin,de Bundesliga,21,2003,31,2705,87,88.4,30.1,30,90,30,1,5,2,1.03,35,55,-20,-0.67,-2.19,,
2684,Kenny Quetant,fr FRA,FW,Le Havre,fr Ligue 1,19,2006,9,372,41,12.2,4.1,4,72,0,5,17,2,0.67,3,2,1,0.24,0.68,,
2685,Matheo Raab,de GER,GK,Union Berlin,de Bundesliga,26,1998,1,90,90,2.9,1,1,90,1,0,,24,3,1,0,1,1,1.45,,
2686,Dani Raba,es ESP,FW,Valencia,es La Liga,29,1995,13,270,21,7.9,3,3,51,0,10,12,23,1.23,5,4,1,0.33,0.62,,
2687,Adrien Rabiot,fr FRA,MF,Marseille,fr Ligue 1,30,1995,1,90,90,2.9,1,1,90,1,0,,0,0,0,1,-1,-1,-1.58,,
2688,Adrien Rabiot,fr FRA,MF,Milan,it Serie A,30,1995,29,2550,88,74.6,28.3,28,90,27,1,31,0,1.97,41,25,16,0.56,0.36,,
2689,Uroš Radaković,rs SRB,DF,Nantes,fr Ligue 1,31,1994,6,101,17,3.4,1.1,1,65,0,5,7,16,0.67,1,1,0,0,0.72,,
2690,Ionuț Radu,ro ROU,GK,Celta Vigo,es La Liga,28,1997,38,3420,90,100,38,38,90,38,0,,0,1.42,53,48,5,0.13,,,
2691,Riccardo Radu,ro ROU,GK,Juventus,it Serie A,17,2007,0,,,,,0,,0,0,,1,,,,,,,,
2692,Boris Radunović,rs SRB,GK,Cagliari,it Serie A,29,1996,0,,,,,0,,0,0,,9,,,,,,,,
2693,Rafa,es ESP,GK,Sevilla,es La Liga,21,2003,0,,,,,0,,0,0,,3,,,,,,,,
2694,Hamza Rafia,tn TUN,MF,Lecce,it Serie A,26,1999,0,,,,,0,,0,0,,1,,,,,,,,
2695,Ugo Raghouber,fr FRA,MF,Levante,es La Liga,22,2003,16,706,44,20.6,7.8,8,71,2,8,18,2,1.5,7,9,-2,-0.25,0.14,,
2696,Ugo Raghouber,fr FRA,MF,Lille,fr Ligue 1,22,2003,1,3,3,0.1,0,0,,0,1,3,8,3,2,0,2,60,59.62,,
2697,Antonio Raillo,es ESP,DF,Mallorca,es La Liga,33,1991,24,2070,86,60.5,23,23,88,22,1,38,6,1.04,26,32,-6,-0.26,0.01,,
2698,Jesurun Rak Sakyi,gh GHA,FWMF,Crystal Palace,eng Premier League,22,2002,0,,,,,0,,0,0,,1,,,,,,,,
2699,Ylber Ramadani,al ALB,MF,Lecce,it Serie A,29,1996,37,3203,87,93.7,35.6,37,87,25,0,,0,1.03,27,45,-18,-0.51,1.15,,
2700,Diant Ramaj,de GER,GK,Heidenheim,de Bundesliga,23,2001,31,2790,90,91.2,31,31,90,31,0,,2,0.74,38,67,-29,-0.94,-0.27,,
2701,Largie Ramazani,be BEL,FWMF,Leeds United,eng Premier League,24,2001,0,,,,,0,,0,0,,1,,,,,,,,
2702,Largie Ramazani,be BEL,MFFW,Valencia,es La Liga,24,2001,27,1234,46,36.1,13.7,11,84,4,16,19,3,1.41,25,20,5,0.36,0.94,,
2703,Jacobo Ramón,es ESP,DF,Como,it Serie A,20,2005,32,2742,86,80.2,30.5,30,88,28,2,45,1,1.84,53,24,29,0.95,0.02,,
2704,Pablo Ramon,es ESP,DF,Espanyol,es La Liga,24,2001,0,,,,,0,,0,0,,2,,,,,,,,
2705,Gonçalo Ramos,pt POR,FW,PSG,fr Ligue 1,24,2001,30,1318,44,43.1,14.6,13,77,5,17,19,3,2.2,31,13,18,1.23,-0.17,,
2706,Guilherme Ramos,pt POR,DF,Hamburger SV,de Bundesliga,27,1997,8,48,6,1.6,0.5,0,,0,8,6,5,0.75,2,1,1,1.87,2.32,,
2707,Calvin Ramsay,sct SCO,DF,Liverpool,eng Premier League,22,2003,0,,,,,0,,0,0,,17,,,,,,,,
2708,Aaron Ramsdale,eng ENG,GK,Newcastle,eng Premier League,27,1998,12,1004,84,29.4,11.2,11,90,11,1,14,26,1.17,16,17,-1,-0.09,-0.05,,
2709,Aaron Ramsey,eng ENG,MF,Burnley,eng Premier League,22,2003,0,,,,,0,,0,0,,3,,,,,,,,
2710,Jacob Ramsey,eng ENG,MF,Newcastle,eng Premier League,24,2001,28,1450,52,42.4,16.1,15,76,7,13,24,5,1.18,24,29,-5,-0.31,-0.45,,
2711,Luca Ranieri,it ITA,DF,Fiorentina,it Serie A,26,1999,34,2458,72,71.9,27.3,29,83,19,5,12,2,1.21,28,34,-6,-0.22,0.06,,
2712,Grant Ranos,am ARM,FW,Gladbach,de Bundesliga,22,2003,8,119,15,3.9,1.3,0,,0,8,15,5,0.63,3,2,1,0.76,1.12,,
2713,Lilian Raolisoa,fr FRA,MFDF,Angers,fr Ligue 1,25,2000,32,1966,61,64.2,21.8,21,81,8,11,24,0,1.13,18,31,-13,-0.6,-0.1,,
2714,Raphinha,br BRA,MFFW,Barcelona,es La Liga,28,1996,22,1380,63,40.4,15.3,18,71,4,4,28,2,2.77,43,9,34,2.22,1.11,,
2715,Marcus Rashford,eng ENG,MFFW,Barcelona,es La Liga,27,1997,32,1763,55,51.5,19.6,18,76,6,14,29,4,2.47,44,25,19,0.97,-1.2,,
2716,Mathias Rasmussen,no NOR,MF,St Pauli,de Bundesliga,27,1997,13,694,53,22.7,7.7,8,83,5,5,6,1,0.69,8,17,-9,-1.17,-0.33,,
2717,Giacomo Raspadori,it ITA,MFFW,Atalanta,it Serie A,25,2000,13,796,61,23.3,8.8,7,84,5,6,34,1,1.69,16,8,8,0.9,0.66,,
2718,Giacomo Raspadori,it ITA,FW,Atlético Madrid,es La Liga,25,2000,12,236,20,6.9,2.6,1,61,0,11,16,7,1.83,5,4,1,0.38,-0.1,,
2719,Othniel Raterink,nl NED,DF,Cagliari,it Serie A,19,2006,1,7,7,0.2,0.1,0,,0,1,7,12,0,0,0,0,0,0.34,,
2720,Andrei Ratiu,ro ROU,DF,Rayo Vallecano,es La Liga,27,1998,35,2807,80,82.1,31.2,31,88,30,4,18,0,1.43,36,31,5,0.16,1.33,,
2721,Petar Ratkov,rs SRB,FW,Lazio,it Serie A,21,2003,8,233,29,6.8,2.6,2,49,0,6,23,11,1,2,5,-3,-1.16,-1.27,,
2722,Raúl,es ESP,FW,Osasuna,es La Liga,24,2000,36,1041,29,30.4,11.6,6,85,5,30,18,1,1.08,17,20,-3,-0.26,-0.15,,
2723,David Raum,de GER,DF,RB Leipzig,de Bundesliga,27,1998,30,2553,85,83.4,28.4,29,88,25,1,12,1,2.03,57,34,23,0.81,1.52,,
2724,Federico Ravaglia,it ITA,GK,Bologna,it Serie A,25,1999,17,1470,86,43,16.3,16,90,16,1,30,20,0.88,16,29,-13,-0.8,-1.53,,
2725,Luke Rawlings,eng ENG,MF,Wolves,eng Premier League,17,2008,0,,,,,0,,0,0,,5,,,,,,,,
2726,David Raya,es ESP,GK,Arsenal,eng Premier League,29,1995,37,3330,90,97.4,37,37,90,37,0,,0,2.22,69,26,43,1.16,0.16,,
2727,Rayan,br BRA,MF,Bournemouth,eng Premier League,18,2006,15,1111,74,32.5,12.3,13,82,2,2,24,0,1.8,16,10,6,0.49,0.56,,
2728,Abde Rebbach,dz ALG,MFDF,Alavés,es La Liga,26,1998,30,1496,50,43.7,16.6,15,76,7,15,24,7,1.13,21,21,0,0,0.56,,
2729,Federico Redondo,ar ARG,MF,Elche,es La Liga,22,2003,11,179,16,5.2,2,1,63,0,10,12,23,1.17,3,6,-3,-1.51,-1.37,,
2730,Harrison Reed,eng ENG,MF,Fulham,eng Premier League,30,1995,7,94,13,2.7,1,1,63,0,6,5,22,1.57,2,4,-2,-1.91,-1.86,,
2731,Remy Rees-Dottin,eng ENG,FW,Bournemouth,eng Premier League,19,2006,0,,,,,0,,0,0,,7,,,,,,,,
2732,Luca Reggiani,it ITA,DF,Dortmund,de Bundesliga,17,2008,8,511,64,16.7,5.7,6,78,3,2,23,5,2.38,9,7,2,0.35,-0.85,,
2733,Alejandro Rego,es ESP,MF,Athletic Club,es La Liga,22,2003,29,1279,44,37.4,14.2,11,76,5,18,25,7,1.31,20,23,-3,-0.21,0.29,,
2734,Tijjani Reijnders,nl NED,MF,Manchester City,eng Premier League,27,1998,28,1631,58,47.7,18.1,19,77,6,9,18,10,1.93,32,17,15,0.83,-0.53,,
2735,Alberto Reina,es ESP,MF,Oviedo,es La Liga,27,1997,37,2462,67,72,27.4,31,75,9,6,22,0,0.78,21,43,-22,-0.8,0.32,,
2736,Vitor Reis,br BRA,DF,Girona,es La Liga,19,2006,36,3138,87,91.8,34.9,35,89,34,1,33,0,1.03,34,48,-14,-0.4,0.24,,
2737,Rocco Reitz,de GER,MF,Gladbach,de Bundesliga,23,2002,31,2627,85,85.8,29.2,31,85,19,0,,0,1.03,27,46,-19,-0.65,-2.31,,
2738,Nicolai Remberg,de GER,MF,Hamburger SV,de Bundesliga,25,2000,32,2880,90,94.1,32,32,90,32,0,,0,1.16,38,49,-11,-0.34,1.16,,
2739,Álex Remiro,es ESP,GK,Real Sociedad,es La Liga,30,1995,37,3330,90,97.4,37,37,90,37,0,,0,1.22,58,60,-2,-0.05,-0.05,,
2740,Devyne Rensch,nl NED,MF,Roma,it Serie A,22,2003,24,1184,49,34.6,13.2,12,79,5,12,20,12,2.08,21,15,6,0.46,-0.43,,
2741,Guillaume Restes,fr FRA,GK,Toulouse,fr Ligue 1,20,2005,33,2939,89,99,32.7,33,89,32,0,,0,1.32,46,45,1,0.03,0.03,,
2742,Elvis Rexhbeçaj,xk KVX,MF,Augsburg,de Bundesliga,27,1997,26,1118,43,36.5,12.4,10,71,3,16,26,2,1.31,20,21,-1,-0.08,0.61,,
2743,Oriol Rey,es ESP,MF,Levante,es La Liga,27,1998,20,1319,66,38.6,14.7,14,84,9,6,25,12,1.1,23,25,-2,-0.14,0.38,,
2744,Gio Reyna,us USA,MF,Gladbach,de Bundesliga,22,2002,19,520,27,17,5.8,4,65,0,15,17,6,1.42,9,11,-2,-0.35,-0.03,,
2745,Chadi Riad,ma MAR,DF,Crystal Palace,eng Premier League,22,2003,9,552,61,16.1,6.1,6,77,2,3,31,8,0.89,8,8,0,0,0.31,,
2746,Cesc Riba,es ESP,MF,Mallorca,es La Liga,19,2006,0,,,,,0,,0,0,,5,,,,,,,,
2747,Alexsandro Ribeiro,br BRA,DF,Lille,fr Ligue 1,25,1999,9,509,57,16.6,5.7,7,72,5,2,2,11,2,12,5,7,1.24,0.96,,
2748,Rodrigo Ribeiro,pt POR,FW,Augsburg,de Bundesliga,20,2005,14,636,45,20.8,7.1,6,71,0,8,26,3,1.5,6,13,-7,-0.99,-0.66,,
2749,Samuele Ricci,it ITA,MF,Milan,it Serie A,23,2001,31,1312,42,38.4,14.6,11,79,6,20,22,7,2.1,20,17,3,0.21,-0.43,,
2750,Declan Rice,eng ENG,MF,Arsenal,eng Premier League,26,1999,36,3094,86,90.5,34.4,35,88,29,1,23,1,2.19,62,25,37,1.08,-0.86,,
2751,Chris Richards,us USA,DF,Crystal Palace,eng Premier League,25,2000,33,2827,86,82.7,31.4,31,90,30,2,23,1,1.3,37,42,-5,-0.16,0.6,,
2752,Amir Richardson,ma MAR,MF,Fiorentina,it Serie A,23,2002,2,42,21,1.2,0.5,0,,0,2,21,12,0,1,1,0,0,0.24,,
2753,Richarlison,br BRA,FWMF,Tottenham,eng Premier League,28,1997,32,1964,61,57.4,21.8,20,83,12,12,25,1,1.19,29,27,2,0.09,0.77,,
2754,Diego Rico,es ESP,DF,Getafe,es La Liga,32,1993,28,1758,63,51.4,19.5,18,86,15,10,21,9,1.41,17,23,-6,-0.31,-0.31,,
2755,Seth Ridgeon,eng ENG,MF,Fulham,eng Premier League,16,2008,0,,,,,0,,0,0,,5,,,,,,,,
2756,Clemens Riedel,de GER,DF,Espanyol,es La Liga,22,2003,20,1396,70,40.8,15.5,16,82,11,4,20,14,1.2,21,22,-1,-0.06,0.42,,
2757,Fabian Rieder,ch SUI,MF,Augsburg,de Bundesliga,23,2002,32,2343,73,76.6,26,28,82,16,4,13,0,1.25,36,53,-17,-0.65,-0.78,,
2758,Fabian Rieder,ch SUI,MF,Rennes,fr Ligue 1,23,2002,3,133,44,4.3,1.5,2,63,0,1,8,0,1.33,0,2,-2,-1.35,-1.69,,
2759,Lasse Rieß,de GER,GK,Mainz 05,de Bundesliga,24,2001,4,292,73,9.5,3.2,3,90,3,1,22,26,0,3,12,-9,-2.77,-2.77,,
2760,Chris Rigg,eng ENG,MF,Sunderland,eng Premier League,18,2007,18,761,42,22.3,8.5,11,65,2,7,6,18,1.78,10,11,-1,-0.12,0.05,,
2761,Filippo Rinaldi,it ITA,GK,Parma,it Serie A,22,2002,1,90,90,2.6,1,1,90,1,0,,35,1,0,0,0,0,0.49,,
2762,Hugo Rincón,es ESP,DF,Girona,es La Liga,22,2003,33,1750,53,51.2,19.4,16,83,9,17,25,5,1,22,28,-6,-0.31,0.23,,
2763,Luis Rioja,es ESP,MF,Valencia,es La Liga,31,1993,37,2624,71,76.7,29.2,31,79,13,6,29,0,1.32,35,38,-3,-0.1,0.58,,
2764,Rémy Riou,fr FRA,GK,Paris FC,fr Ligue 1,37,1987,0,,,,,0,,0,0,,2,,,,,,,,
2765,Adrian Riquelme,es ESP,MF,Getafe,es La Liga,19,2006,0,,,,,0,,0,0,,17,,,,,,,,
2766,Rodrigo Riquelme,es ESP,MF,Real Betis,es La Liga,25,2000,25,821,33,24,9.1,7,65,0,18,20,11,1.72,8,11,-3,-0.33,-0.81,,
2767,Alberto Risco,es ESP,MF,Getafe,es La Liga,19,2005,0,,,,,0,,0,0,,3,,,,,,,,
2768,Robin Risser,fr FRA,GK,Lens,fr Ligue 1,20,2004,33,2970,90,97.1,33,33,90,33,0,,1,2.03,62,35,27,0.82,-3.18,,
2769,Mihailo Ristić,rs SRB,MFDF,Celta Vigo,es La Liga,29,1995,5,253,51,7.4,2.8,4,63,0,1,2,20,1.6,3,5,-2,-0.71,-0.91,,
2770,Lars Ritzka,de GER,MFDF,St Pauli,de Bundesliga,27,1998,21,966,46,31.6,10.7,12,66,0,9,20,13,0.71,6,21,-15,-1.4,-0.71,,
2771,Niccolò Rizzo,it ITA,DF,Juventus,it Serie A,18,2007,0,,,,,0,,0,0,,1,,,,,,,,
2772,Jannik Robatsch,at AUT,DF,St Pauli,de Bundesliga,20,2004,0,,,,,0,,0,0,,19,,,,,,,,
2773,Sergi Roberto,es ESP,MF,Como,it Serie A,33,1992,20,544,27,15.9,6,5,55,0,15,18,6,1.95,8,7,1,0.17,-0.93,,
2774,Connor Roberts,wls WAL,DFMF,Burnley,eng Premier League,29,1995,0,,,,,0,,0,0,,1,,,,,,,,
2775,Patrick Roberts,eng ENG,FWMF,Sunderland,eng Premier League,28,1997,1,28,28,0.8,0.3,0,,0,1,28,2,0,0,1,-1,-3.21,-3.08,,
2776,Andy Robertson,sct SCO,DF,Liverpool,eng Premier League,31,1994,24,1176,49,34.4,13.1,11,80,4,13,23,14,1.58,22,16,6,0.46,0.3,,
2777,Antonee Robinson,us USA,DFMF,Fulham,eng Premier League,27,1997,22,1492,68,43.6,16.6,17,83,12,5,17,5,1.36,13,19,-6,-0.36,-0.46,,
2778,Joel Roca,es ESP,MFFW,Girona,es La Liga,20,2005,32,1473,46,43.1,16.4,16,70,5,16,22,2,1.06,17,26,-9,-0.55,-0.23,,
2779,Marc Roca,es ESP,MF,Real Betis,es La Liga,28,1996,29,2026,70,59.2,22.5,23,82,17,6,24,6,1.69,36,30,6,0.27,-0.06,,
2780,Ryan Rodin,fr FRA,MF,Auxerre,fr Ligue 1,19,2006,3,26,9,0.8,0.3,0,,0,3,9,4,0,0,1,-1,-3.46,-3.19,,
2781,Kaden Rodney,eng ENG,DFMF,Crystal Palace,eng Premier League,20,2004,1,4,4,0.1,0,0,,0,1,4,10,0,0,0,0,0,0.26,,
2782,Joe Rodon,wls WAL,DF,Leeds United,eng Premier League,27,1997,35,2951,84,86.3,32.8,33,88,30,2,23,0,1.2,42,52,-10,-0.3,-0.88,,
2783,Rodri,es ESP,MF,Manchester City,eng Premier League,29,1996,21,1511,72,44.2,16.8,17,84,12,4,22,1,1.81,28,15,13,0.77,-0.59,,
2784,Alejandro Rodriguez,pt POR,FW,Lyon,fr Ligue 1,17,2008,0,,,,,0,,0,0,,14,,,,,,,,
2785,Álvaro Rodríguez,uy URU,FW,Elche,es La Liga,21,2004,34,2201,65,64.4,24.5,24,83,12,10,21,3,1.06,30,36,-6,-0.25,-0.1,,
2786,Damián Rodríguez,es ESP,MF,Celta Vigo,es La Liga,22,2003,2,150,75,4.4,1.7,2,75,1,0,,12,2,2,3,-1,-0.6,-0.77,,
2787,Dani Rodríguez,es ESP,FWMF,Mallorca,es La Liga,37,1988,2,68,34,2,0.8,0,,0,2,34,1,0.5,1,1,0,0,0.27,,
2788,Guido Rodríguez,ar ARG,MF,West Ham,eng Premier League,31,1994,6,180,30,5.3,2,2,67,0,4,12,15,0.67,1,2,-1,-0.5,0,,
2789,Guido Rodríguez,ar ARG,MF,Valencia,es La Liga,31,1994,16,1309,82,38.3,14.5,14,90,13,2,26,0,1.63,23,19,4,0.28,0.83,,
2790,Javi Rodríguez,es ESP,DF,Celta Vigo,es La Liga,22,2003,33,2558,78,74.8,28.4,28,85,21,5,33,3,1.42,31,33,-2,-0.07,-0.8,,
2791,Jesus Rodríguez,es ESP,MF,Como,it Serie A,19,2005,31,1731,56,50.6,19.2,18,75,3,13,29,3,1.9,39,12,27,1.4,0.92,,
2792,Juan Rodríguez,uy URU,DF,Cagliari,it Serie A,20,2005,17,1310,77,38.3,14.6,16,81,9,1,9,16,1.06,14,23,-9,-0.62,-0.45,,
2793,Ricardo Rodríguez,ch SUI,DF,Real Betis,es La Liga,32,1992,23,1547,67,45.2,17.2,18,84,14,5,7,11,1.91,32,17,15,0.87,1.06,,
2794,Rodrygo,br BRA,MFFW,Real Madrid,es La Liga,24,2001,19,684,36,20,7.6,6,75,1,13,18,3,2.21,11,5,6,0.79,-0.39,,
2795,Robin Roefs,nl NED,GK,Sunderland,eng Premier League,22,2003,35,3150,90,92.1,35,35,90,35,0,,0,1.37,39,46,-7,-0.2,-0.53,,
2796,Mads Roerslev,dk DEN,DFMF,Brentford,eng Premier League,26,1999,0,,,,,0,,0,0,,1,,,,,,,,
2797,Marko Rog,hr CRO,MF,Cagliari,it Serie A,30,1995,0,,,,,0,,0,0,,12,,,,,,,,
2798,Morgan Rogers,eng ENG,MF,Aston Villa,eng Premier League,23,2002,37,3280,89,95.9,36.4,37,89,32,0,,0,1.68,53,48,5,0.14,-1.15,,
2799,Merlin Röhl,de GER,MF,Freiburg,de Bundesliga,23,2002,2,66,33,2.2,0.7,0,,0,2,33,0,0,1,3,-2,-2.73,-2.61,,
2800,Merlin Röhl,de GER,MF,Everton,eng Premier League,23,2002,16,682,43,19.9,7.6,6,83,2,10,19,11,1.06,12,13,-1,-0.13,-0.07,,
2801,Filippo Romagna,it ITA,DF,Sassuolo,it Serie A,28,1997,5,313,63,9.2,3.5,4,65,1,1,55,17,1.4,4,4,0,0,0.12,,
2802,Alessio Romagnoli,it ITA,DF,Lazio,it Serie A,30,1995,32,2666,83,78,29.6,31,86,27,1,14,0,1.41,28,30,-2,-0.07,-0.43,,
2803,Leo Román,es ESP,GK,Mallorca,es La Liga,25,2000,33,2970,90,86.8,33,33,90,33,0,,0,1.12,43,50,-7,-0.21,0.39,,
2804,Miguel Román,es ESP,MF,Celta Vigo,es La Liga,22,2002,19,1311,69,38.3,14.6,14,88,10,5,17,7,1.63,18,13,5,0.34,0.34,,
2805,Alessandro Romano,ch SUI,MF,Roma,it Serie A,19,2006,2,8,4,0.2,0.1,0,,0,2,4,2,3,0,0,0,0,-0.74,,
2806,Marco Romano,it ITA,MF,Genoa,it Serie A,19,2006,0,,,,,0,,0,0,,1,,,,,,,,
2807,Carlos Romero,es ESP,DF,Espanyol,es La Liga,23,2001,36,3191,89,93.3,35.5,36,89,32,0,,0,1.28,41,47,-6,-0.17,2.19,,
2808,Cayetano Romero,es ESP,GK,Levante,es La Liga,20,2005,0,,,,,0,,0,0,,2,,,,,,,,
2809,Cristian Romero,ar ARG,DF,Tottenham,eng Premier League,27,1998,23,1868,81,54.6,20.8,22,84,15,1,31,0,1,26,31,-5,-0.24,-0.01,,
2810,Isaac Romero,es ESP,FWMF,Sevilla,es La Liga,25,2000,29,1484,51,43.4,16.5,18,69,1,11,22,4,1,16,21,-5,-0.3,0.12,,
2811,Iván Romero,es ESP,FWMF,Levante,es La Liga,24,2001,32,2259,71,66.1,25.1,28,77,4,4,25,3,1.16,27,31,-4,-0.16,0.62,,
2812,Zaid Romero,ar ARG,DF,Getafe,es La Liga,25,1999,15,1349,90,39.4,15,15,90,14,0,,0,1.8,16,8,8,0.53,1.14,,
2813,Rômulo,br BRA,FW,RB Leipzig,de Bundesliga,23,2002,30,2188,73,71.5,24.3,27,78,4,3,30,0,1.93,47,27,20,0.82,0.93,,
2814,Salomón Rondón,ve VEN,FW,Oviedo,es La Liga,35,1989,16,1032,65,30.2,11.5,13,75,4,3,18,1,0.69,6,17,-11,-0.96,-0.09,,
2815,Valentin Rongier,fr FRA,MF,Rennes,fr Ligue 1,30,1994,31,2745,89,89.7,30.5,31,89,30,0,,1,1.77,56,44,12,0.39,1.25,,
2816,Marten de Roon,nl NED,MF,Atalanta,it Serie A,34,1991,34,2691,79,78.7,29.9,32,82,18,2,35,1,1.62,42,27,15,0.5,0.5,,
2817,Pablo Rosario,do DOM,DFMF,Nice,fr Ligue 1,28,1997,1,28,28,0.9,0.3,0,,0,1,28,0,3,1,0,1,3.21,3.93,,
2818,Max Rosenfelder,de GER,DF,Freiburg,de Bundesliga,22,2003,12,492,41,16.1,5.5,5,81,3,7,12,2,1.25,6,8,-2,-0.37,-0.23,,
2819,Lucas Rosier,fr FRA,FW,Rennes,fr Ligue 1,18,2007,2,2,1,0.1,0,0,,0,2,1,2,3,0,1,-1,-45,-45.29,,
2820,Valentin Rosier,fr FRA,DFMF,Osasuna,es La Liga,28,1996,31,2547,82,74.5,28.3,30,84,22,1,22,1,1.16,29,37,-8,-0.28,-0.49,,
2821,Francesco Rossi,it ITA,GK,Atalanta,it Serie A,34,1991,0,,,,,0,,0,0,,34,,,,,,,,
2822,Tom Rothe,de GER,MFDF,Union Berlin,de Bundesliga,20,2004,21,1029,49,33.6,11.4,10,81,5,11,20,1,1.1,17,22,-5,-0.44,-0.04,,
2823,Nick Rothweiler,de GER,DF,Heidenheim,de Bundesliga,19,2006,0,,,,,0,,0,0,,3,,,,,,,,
2824,Anthony Rouault,fr FRA,DF,Rennes,fr Ligue 1,24,2001,21,1724,82,56.3,19.2,19,88,17,2,23,11,1.71,30,23,7,0.37,0.23,,
2825,Jonas Rouhi,se SWE,DF,Juventus,it Serie A,21,2004,0,,,,,0,,0,0,,10,,,,,,,,
2826,Thomas Rousseau,fr FRA,MF,Le Havre,fr Ligue 1,17,2008,0,,,,,0,,0,0,,1,,,,,,,,
2827,Leon Routh,eng ENG,DF,Aston Villa,eng Premier League,17,2007,0,,,,,0,,0,0,,2,,,,,,,,
2828,Nicolò Rovella,it ITA,MF,Lazio,it Serie A,23,2001,11,512,47,15,5.7,6,60,1,5,31,5,0.91,7,6,1,0.18,0.18,,
2829,Guido Rovere,it ITA,MF,Bayern Munich,de Bundesliga,18,2007,0,,,,,0,,0,0,,1,,,,,,,,
2830,Jonathan Rowe,eng ENG,MFFW,Bologna,it Serie A,22,2003,28,1605,57,46.9,17.8,17,76,3,11,29,8,1.32,21,20,1,0.06,-0.04,,
2831,Jonathan Rowe,eng ENG,FW,Marseille,fr Ligue 1,22,2003,1,62,62,2,0.7,1,62,0,0,,0,0,0,0,0,0,-0.54,,
2832,Triston Rowe,eng ENG,DF,Aston Villa,eng Premier League,19,2006,0,,,,,0,,0,0,,2,,,,,,,,
2833,James Rowswell,eng ENG,DF,Tottenham,eng Premier League,19,2006,1,1,1,0,0,0,,0,1,1,6,1,0,0,0,0,0.24,,
2834,Amir Rrahmani,xk KVX,DF,Napoli,it Serie A,31,1994,21,1795,85,52.5,19.9,21,85,16,0,,3,2,32,15,17,0.85,0.58,,
2835,Rubén,es ESP,DFMF,Espanyol,es La Liga,24,2001,21,812,39,23.7,9,8,74,2,13,17,17,1.29,10,10,0,0,0.41,,
2836,John Ruddy,eng ENG,GK,Newcastle,eng Premier League,38,1986,0,,,,,0,,0,0,,9,,,,,,,,
2837,Antonio Rüdiger,de GER,DF,Real Madrid,es La Liga,32,1993,18,1490,83,43.6,16.6,16,86,13,2,57,5,2.11,32,16,16,0.97,-0.25,,
2838,Javi Rueda,es ESP,MF,Celta Vigo,es La Liga,23,2002,26,1404,54,41.1,15.6,16,73,5,10,24,8,1.42,19,15,4,0.26,0.21,,
2839,Daniele Rugani,it ITA,DF,Fiorentina,it Serie A,31,1994,6,327,55,9.6,3.6,4,79,2,2,6,7,1.83,2,3,-1,-0.28,-0.04,,
2840,Daniele Rugani,it ITA,DF,Juventus,it Serie A,31,1994,6,250,42,7.3,2.8,3,71,0,3,13,7,1.83,2,3,-1,-0.36,-1.15,,
2841,Matteo Ruggeri,it ITA,DF,Atlético Madrid,es La Liga,23,2002,26,1774,68,51.9,19.7,20,81,13,6,27,11,1.69,33,23,10,0.51,0.07,,
2842,Aitor Ruibal,es ESP,DFMF,Real Betis,es La Liga,29,1996,27,1808,67,52.9,20.1,20,80,9,7,29,4,1.67,30,21,9,0.45,0.34,,
2843,Abel Ruiz,es ESP,FW,Girona,es La Liga,25,2000,9,187,21,5.5,2.1,0,,0,9,21,11,1.44,3,0,3,1.44,1.97,,
2844,Fabián Ruiz Peña,es ESP,MF,PSG,fr Ligue 1,29,1996,20,1131,57,37,12.6,13,74,6,7,24,0,2.3,26,12,14,1.11,-0.33,,
2845,Gerónimo Rulli,ar ARG,GK,Marseille,fr Ligue 1,33,1992,29,2610,90,85.3,29,29,90,29,0,,3,1.77,53,35,18,0.62,0.62,,
2846,Iñaki Rupérez,es ESP,DF,Real Sociedad,es La Liga,22,2003,1,1,1,0,0,0,,0,1,1,0,1,0,0,0,0,0.05,,
2847,Jacen Russell-Rowe,ca CAN,FW,Toulouse,fr Ligue 1,22,2002,13,472,36,15.9,5.2,5,64,0,8,19,1,1.08,7,10,-3,-0.57,-0.72,,
2848,Georginio Rutter,fr FRA,MFFW,Brighton,eng Premier League,23,2002,32,1786,56,52.2,19.8,20,78,4,12,19,4,1.38,27,20,7,0.35,0.41,,
2849,Mathew Ryan,au AUS,GK,Levante,es La Liga,33,1992,36,3240,90,94.7,36,36,90,36,0,,0,1.17,44,56,-12,-0.33,0.67,,
2850,Julian Ryerson,no NOR,MF,Dortmund,de Bundesliga,27,1997,31,2266,73,74.1,25.2,26,84,15,5,17,2,2.23,48,21,27,1.07,0.05,,
2851,Frederik Rønnow,dk DEN,GK,Union Berlin,de Bundesliga,32,1992,30,2640,88,86.3,29.3,30,88,29,0,,0,0.97,33,54,-21,-0.72,-2.22,,
2852,Alexander Røssing-Lelesiit,no NOR,FWMF,Hamburger SV,de Bundesliga,18,2007,11,321,29,10.5,3.6,5,53,0,6,9,4,1.09,1,10,-9,-2.52,-2.36,,
2853,José Sá,pt POR,GK,Wolves,eng Premier League,32,1993,23,2070,90,60.5,23,23,90,23,0,,11,0.74,20,37,-17,-0.74,0.86,,
2854,Elias Saad,tn TUN,MFFW,Augsburg,de Bundesliga,25,1999,10,497,50,16.2,5.5,7,62,0,3,22,4,1,9,14,-5,-0.91,-0.52,,
2855,Idrissa Sabaly,fr FRA,MF,Strasbourg,fr Ligue 1,17,2007,1,56,56,1.8,0.6,1,56,0,0,,1,0,0,3,-3,-4.82,-5.24,,
2856,Stefano Sabelli,it ITA,MFDF,Genoa,it Serie A,32,1993,16,913,57,26.7,10.1,12,73,1,4,10,22,1.56,9,10,-1,-0.1,0.22,,
2857,Alessandro Sabino Russo,it ITA,MF,Cagliari,it Serie A,19,2006,0,,,,,0,,0,0,,1,,,,,,,,
2858,Abdelhamid Sabiri,ma MAR,MF,Fiorentina,it Serie A,28,1996,1,27,27,0.8,0.3,0,,0,1,27,6,1,2,0,2,6.67,6.96,,
2859,Marcel Sabitzer,at AUT,MF,Dortmund,de Bundesliga,31,1994,26,1817,70,59.4,20.2,21,83,11,5,16,3,2.04,39,22,17,0.84,-0.53,,
2860,Coli Saco,ml MLI,MF,Napoli,it Serie A,23,2002,0,,,,,0,,0,0,,1,,,,,,,,
2861,Dominic Sadi,eng ENG,MF,Bournemouth,eng Premier League,21,2003,0,,,,,0,,0,0,,2,,,,,,,,
2862,Noah Sadiki,cd COD,MF,Sunderland,eng Premier League,20,2004,33,2889,88,84.5,32.1,33,88,26,0,,0,1.52,37,42,-5,-0.16,0.01,,
2863,Umar Sadiq,ng NGA,FW,Valencia,es La Liga,28,1997,20,911,46,26.6,10.1,8,79,4,12,23,0,1.65,18,14,4,0.4,0.86,,
2864,Umar Sadiq,ng NGA,FW,Real Sociedad,es La Liga,28,1997,5,153,31,4.5,1.7,2,55,0,3,14,6,0.8,1,2,-1,-0.59,-0.56,,
2865,Edoardo Sadotti,it ITA,DF,Fiorentina,it Serie A,19,2006,0,,,,,0,,0,0,,1,,,,,,,,
2866,Alexis Saelemaekers,be BEL,MF,Milan,it Serie A,26,1999,35,2788,80,81.5,31,33,83,16,2,32,0,1.74,39,30,9,0.29,-0.99,,
2867,Matvei Safonov,ru RUS,GK,PSG,fr Ligue 1,26,1999,15,1350,90,44.1,15,15,90,15,0,,15,2.2,38,14,24,1.6,0.49,,
2868,Emir Sahiti,xk KVX,FW,Hamburger SV,de Bundesliga,26,1998,2,120,60,3.9,1.3,2,60,0,0,,3,0.5,0,1,-1,-0.75,-0.35,,
2869,Osame Sahraoui,ma MAR,MF,Lille,fr Ligue 1,24,2001,18,505,28,16.5,5.6,4,64,0,14,18,3,1.61,12,6,6,1.07,0.75,,
2870,Naime Said Mchindra,km COM,GK,Toulouse,fr Ligue 1,20,2005,0,,,,,0,,0,0,,11,,,,,,,,
2871,Wesley Saïd,fr FRA,MF,Lens,fr Ligue 1,30,1995,29,1991,69,65.1,22.1,26,73,2,3,29,1,2.17,39,21,18,0.81,-0.28,,
2872,Allan Saint-Maximin,fr FRA,MF,Lens,fr Ligue 1,28,1997,10,410,41,13.4,4.6,2,82,1,8,31,0,1.5,14,6,8,1.76,0.97,,
2873,Thomas Sajous,fr FRA,GK,Lille,fr Ligue 1,17,2008,0,,,,,0,,0,0,,3,,,,,,,,
2874,Bukayo Saka,eng ENG,FWMF,Arsenal,eng Premier League,23,2001,31,2222,72,65,24.7,25,82,15,6,27,1,2.35,46,16,30,1.22,0.16,,
2875,Mathis Saka,fr FRA,FW,Toulouse,fr Ligue 1,18,2006,1,8,8,0.3,0.1,0,,0,1,8,2,3,0,0,0,0,-0.03,,
2876,Álex Sala,es ESP,MF,Lecce,it Serie A,24,2001,9,167,19,4.9,1.9,2,52,0,7,9,28,0,2,6,-4,-2.16,-1.66,,
2877,Emanuele Sala,it ITA,MF,Milan,it Serie A,17,2007,0,,,,,0,,0,0,,2,,,,,,,,
2878,Ibrahim Salah,ma MAR,MF,Rennes,fr Ligue 1,23,2001,2,35,18,1.1,0.4,0,,0,2,18,0,1.5,1,2,-1,-2.57,-2.87,,
2879,Mohamed Salah,eg EGY,MF,Liverpool,eng Premier League,33,1992,27,2146,79,62.7,23.8,23,87,16,4,39,2,1.67,40,35,5,0.21,-0.14,,
2880,Jan Salas,es ESP,MF,Mallorca,es La Liga,19,2005,2,17,9,0.5,0.2,0,,0,2,9,0,0.5,1,1,0,0,0.26,,
2881,Kike Salas,es ESP,DF,Sevilla,es La Liga,23,2002,26,2203,85,64.4,24.5,24,90,23,2,26,8,1,26,38,-12,-0.49,-0.34,,
2882,Antonio Salguero,es ESP,DF,Girona,es La Liga,20,2005,0,,,,,0,,0,0,,3,,,,,,,,
2883,Iliesse Salhi,fr FRA,MF,Mallorca,es La Liga,18,2007,0,,,,,0,,0,0,,16,,,,,,,,
2884,Manolis Saliakas,gr GRE,MF,St Pauli,de Bundesliga,28,1996,17,1106,65,36.1,12.3,12,81,4,5,27,8,1.12,12,21,-9,-0.73,0.28,,
2885,William Saliba,fr FRA,DF,Arsenal,eng Premier League,24,2001,31,2614,84,76.4,29,30,86,28,1,45,0,2.29,60,20,40,1.38,0.93,,
2886,José Salinas,es ESP,DF,Espanyol,es La Liga,24,2000,11,257,23,7.5,2.9,2,90,2,9,9,27,1.55,2,9,-7,-2.45,-2.31,,
2887,Mohammed Salisu,gh GHA,DF,Monaco,fr Ligue 1,26,1999,12,1080,90,35.3,12,12,90,12,0,,3,1.17,15,21,-6,-0.5,-1.05,,
2888,Marli Salmon,eng ENG,DF,Arsenal,eng Premier League,15,2009,0,,,,,0,,0,0,,3,,,,,,,,
2889,Nico Salvador,es ESP,DF,Elche,es La Liga,19,2005,0,,,,,0,,0,0,,1,,,,,,,,
2890,Lazar Samardzic,rs SRB,MF,Atalanta,it Serie A,23,2002,26,1030,40,30.1,11.4,11,69,3,15,18,12,1.5,16,14,2,0.17,-0.31,,
2891,Mbwana Samatta,tz TAN,FW,Le Havre,fr Ligue 1,32,1992,27,1542,57,50.4,17.1,17,73,4,10,30,0,0.96,18,21,-3,-0.18,0.36,,
2892,Mama Samba Baldé,gw GNB,FWMF,Brest,fr Ligue 1,29,1995,18,716,40,23.4,8,8,61,0,10,23,0,0.83,7,18,-11,-1.38,-1.34,,
2893,Brice Samba,fr FRA,GK,Rennes,fr Ligue 1,31,1994,32,2880,90,94.1,32,32,90,32,0,,0,1.84,57,44,13,0.41,2.41,,
2894,Albert Sambi Lokonga,be BEL,MF,Hamburger SV,de Bundesliga,25,1999,26,1710,66,55.9,19,20,81,9,6,14,1,1.23,29,29,0,0,0.93,,
2895,Jasper Samooja,fi FIN,GK,Lecce,it Serie A,22,2003,0,,,,,0,,0,0,,38,,,,,,,,
2896,Ishé Samuels-Smith,eng ENG,DF,Strasbourg,fr Ligue 1,19,2006,0,,,,,0,,0,0,,1,,,,,,,,
2897,Antonio Sanabria,py PAR,FW,Cremonese,it Serie A,29,1996,25,945,38,27.6,10.5,10,65,0,15,20,5,1.04,9,12,-3,-0.29,0.51,,
2898,Oihan Sancet,es ESP,MF,Athletic Club,es La Liga,25,2000,28,1788,64,52.3,19.9,22,71,2,6,37,0,1,17,25,-8,-0.4,-0.02,,
2899,Álex Sánchez,es ESP,FW,Elche,es La Liga,19,2006,1,6,6,0.2,0.1,0,,0,1,6,2,0,1,1,0,0,0.21,,
2900,Alexis Sánchez,cl CHI,FWMF,Sevilla,es La Liga,36,1988,28,1308,47,38.2,14.5,11,74,3,17,29,3,1.14,20,32,-12,-0.83,-0.74,,
2901,Antonio Sánchez,es ESP,MFDF,Mallorca,es La Liga,28,1997,30,1073,36,31.4,11.9,9,75,1,21,19,7,1.23,15,21,-6,-0.5,-0.35,,
2902,Ibon Sánchez,es ESP,MF,Athletic Club,es La Liga,21,2004,0,,,,,0,,0,0,,1,,,,,,,,
2903,Juanlu Sánchez,es ESP,MFDF,Sevilla,es La Liga,21,2003,32,1990,62,58.2,22.1,23,75,9,9,29,3,0.94,24,36,-12,-0.54,-0.42,,
2904,Borja Sánchez Laborde,es ESP,MF,Oviedo,es La Liga,29,1996,1,14,14,0.4,0.2,0,,0,1,14,0,0,0,0,0,0,0.9,,
2905,Leo Sãnchez,es ESP,DF,Mallorca,es La Liga,19,2006,0,,,,,0,,0,0,,1,,,,,,,,
2906,Manu Sánchez,es ESP,DF,Levante,es La Liga,24,2000,33,2814,85,82.3,31.3,31,88,25,2,38,4,1.15,37,45,-8,-0.26,0.64,,
2907,Robert Sánchez,es ESP,GK,Chelsea,eng Premier League,27,1997,35,3039,87,88.9,33.8,35,87,33,0,,1,1.34,50,47,3,0.09,-0.62,,
2908,Selton Sánchez,es ESP,MF,Athletic Club,es La Liga,18,2007,7,196,28,5.7,2.2,2,54,0,5,18,13,1.43,3,4,-1,-0.46,-0.07,,
2909,Jadon Sancho,eng ENG,MF,Aston Villa,eng Premier League,25,2000,23,876,38,25.6,9.7,9,67,0,14,20,6,1.74,12,10,2,0.21,0.03,,
2910,Álex Sancris,es ESP,MFFW,Getafe,es La Liga,28,1997,18,708,39,20.7,7.9,5,73,0,13,26,15,0.61,7,9,-2,-0.25,-0.12,,
2911,Philipp Sander,de GER,DFMF,Gladbach,de Bundesliga,27,1998,30,2445,82,79.9,27.2,29,83,18,1,30,1,1,35,39,-4,-0.15,0.88,,
2912,James Sands,us USA,MF,St Pauli,de Bundesliga,25,2000,24,1934,81,63.2,21.5,23,84,15,1,11,0,1,17,34,-17,-0.79,0.33,,
2913,Ibou Sané,sn SEN,FWMF,Metz,fr Ligue 1,20,2005,16,541,34,17.7,6,5,76,0,11,14,4,0.75,8,11,-3,-0.5,0.97,,
2914,Sadibou Sané,sn SEN,DF,Metz,fr Ligue 1,21,2004,23,1940,84,63.4,21.6,22,87,20,1,17,3,0.26,17,48,-31,-1.44,-0.39,,
2915,Arouna Sangante,sn SEN,DF,Le Havre,fr Ligue 1,23,2002,28,2324,83,75.9,25.8,28,83,17,0,,0,1.04,23,33,-10,-0.39,-0.14,,
2916,Buba Sangaré,es ESP,DFMF,Elche,es La Liga,17,2007,12,538,45,15.7,6,8,62,0,4,10,3,1.42,6,9,-3,-0.5,-0.35,,
2917,Buba Sangaré,es ESP,DF,Roma,it Serie A,17,2007,0,,,,,0,,0,0,,9,,,,,,,,
2918,Ibrahim Sangaré,ci CIV,MF,Nottingham,eng Premier League,27,1997,28,2075,74,60.7,23.1,25,82,16,3,12,3,1.32,32,26,6,0.26,0.86,,
2919,Mamadou Sangare,ml MLI,MF,Lens,fr Ligue 1,23,2002,29,2323,80,75.9,25.8,27,84,20,2,33,0,2.1,47,29,18,0.7,-0.89,,
2920,Nhoa Sangui,fr FRA,DF,Paris FC,fr Ligue 1,19,2006,26,1737,67,56.8,19.3,18,89,16,8,16,0,1.35,24,29,-5,-0.26,-0.4,,
2921,Maroan Sannadi,ma MAR,FW,Athletic Club,es La Liga,24,2001,10,288,29,8.4,3.2,2,56,0,8,22,4,1.3,4,8,-4,-1.25,-0.93,,
2922,Kaishū Sano,jp JPN,MF,Mainz 05,de Bundesliga,24,2000,34,3059,90,100,34,34,90,33,0,,0,1.18,44,53,-9,-0.26,-0.26,,
2923,Morgan Sanson,fr FRA,MF,Nice,fr Ligue 1,30,1994,31,1772,57,57.9,19.7,20,79,7,11,17,0,0.9,14,39,-25,-1.27,-1.41,,
2924,Baptiste Santamaria,fr FRA,MF,Valencia,es La Liga,30,1995,19,754,40,22,8.4,7,84,6,12,14,18,1.21,11,17,-6,-0.72,-0.61,,
2925,Yago Santiago,es ESP,MF,Elche,es La Liga,22,2003,9,281,31,8.2,3.1,3,64,0,6,15,10,0.67,3,5,-2,-0.64,-0.47,,
2926,Yellu Santiago,es ESP,MF,Hellas Verona,it Serie A,21,2004,2,6,3,0.2,0.1,0,,0,2,3,12,1,0,0,0,0,0.95,,
2927,Alisson Santos,br BRA,MFFW,Napoli,it Serie A,22,2002,14,834,60,24.4,9.3,9,75,3,5,32,1,1.93,17,9,8,0.86,0.38,,
2928,Andrey Santos,br BRA,MF,Chelsea,eng Premier League,21,2004,27,1260,47,36.8,14,13,71,4,14,24,10,1.48,21,18,3,0.21,0.09,,
2929,Kauã Santos,br BRA,GK,Frankfurt,de Bundesliga,22,2003,13,1084,83,35.4,12,13,83,12,0,,12,1,27,32,-5,-0.42,-0.46,,
2930,Mikel Santos,es ESP,GK,Athletic Club,es La Liga,20,2004,0,,,,,0,,0,0,,3,,,,,,,,
2931,Tiago Santos,pt POR,DF,Lille,fr Ligue 1,23,2002,15,709,47,23.2,7.9,8,79,1,7,11,9,1.33,7,8,-1,-0.13,-0.74,,
2932,Trevan Sanusi,eng ENG,FW,Lorient,fr Ligue 1,18,2007,0,,,,,0,,0,0,,5,,,,,,,,
2933,Paco Sanz,es ESP,DF,Alavés,es La Liga,20,2004,0,,,,,0,,0,0,,1,,,,,,,,
2934,Bara Sapoko Ndiaye,sn SEN,MF,Bayern Munich,de Bundesliga,17,2007,4,143,36,4.7,1.6,2,61,0,2,11,2,2.5,4,6,-2,-1.26,-3.97,,
2935,Javier Sarasa,es ESP,FW,Girona,es La Liga,20,2005,0,,,,,0,,0,0,,1,,,,,,,,
2936,Renzo Saravia,ar ARG,DF,Valencia,es La Liga,32,1993,5,351,70,10.3,3.9,4,68,0,1,80,5,1.6,4,5,-1,-0.26,-0.02,,
2937,Alejo Sarco,ar ARG,FW,Gladbach,de Bundesliga,19,2006,3,53,18,1.7,0.6,0,,0,3,18,4,0.33,1,2,-1,-1.7,-1.4,,
2938,Alejo Sarco,ar ARG,FW,Leverkusen,de Bundesliga,19,2006,3,74,25,2.4,0.8,0,,0,3,25,8,2,0,0,0,0,-0.63,,
2939,Jacopo Sardo,it ITA,MF,Milan,it Serie A,20,2005,0,,,,,0,,0,0,,2,,,,,,,,
2940,Jeremy Sarmiento,ec ECU,MF,Cremonese,it Serie A,23,2002,7,142,20,4.2,1.6,0,,0,7,20,6,1,2,2,0,0,0.69,,
2941,Vincenzo Sarno,it ITA,GK,Cagliari,it Serie A,17,2008,0,,,,,0,,0,0,,10,,,,,,,,
2942,Amin Sarr,se SWE,FWMF,Hellas Verona,it Serie A,24,2001,34,1102,32,32.2,12.2,9,66,0,25,20,2,0.56,8,33,-25,-2.04,-1.61,,
2943,Bouna Sarr,sn SEN,MFDF,Metz,fr Ligue 1,33,1992,12,895,75,29.2,9.9,10,84,6,2,30,2,0.33,9,22,-13,-1.31,-0.02,,
2944,Ismaila Sarr,sn SEN,MF,Crystal Palace,eng Premier League,27,1998,28,2174,78,63.6,24.2,24,85,18,4,34,0,1.18,31,29,2,0.08,0.95,,
2945,Malang Sarr,fr FRA,DF,Lens,fr Ligue 1,26,1999,33,2925,89,95.6,32.5,33,89,32,0,,0,2.12,65,33,32,0.98,1.65,,
2946,Mamadou Sarr,sn SEN,DF,Strasbourg,fr Ligue 1,19,2005,15,1305,87,42.6,14.5,15,87,14,0,,0,1.47,21,16,5,0.34,0.04,,
2947,Mamadou Sarr,sn SEN,DF,Chelsea,eng Premier League,19,2005,3,102,34,3,1.1,1,89,0,2,7,7,1.33,1,3,-2,-1.76,-1.98,,
2948,Giacomo Satalino,it ITA,GK,Sassuolo,it Serie A,26,1999,0,,,,,0,,0,0,,33,,,,,,,,
2949,Martin Satriano,uy URU,FWMF,Getafe,es La Liga,24,2001,18,1603,89,46.9,17.8,18,89,14,0,,0,1.5,16,13,3,0.17,0.61,,
2950,Martin Satriano,uy URU,FW,Lyon,fr Ligue 1,24,2001,11,692,63,22.6,7.7,8,84,4,3,7,2,1.5,11,9,2,0.26,-0.16,,
2951,Mario Sauer,sk SVK,MF,Toulouse,fr Ligue 1,21,2004,25,651,26,21.9,7.2,6,64,1,19,14,5,1.2,11,16,-5,-0.69,-0.92,,
2952,Razvan Sava,ro ROU,GK,Udinese,it Serie A,23,2002,7,620,89,18.1,6.9,6,90,6,1,80,27,1.14,7,14,-7,-1.02,-1.14,,
2953,Sávio,br BRA,MF,Manchester City,eng Premier League,21,2004,24,833,35,24.4,9.3,7,78,3,17,17,3,2.29,15,7,8,0.86,-0.32,,
2954,Nicolò Savona,it ITA,DF,Nottingham,eng Premier League,22,2003,14,1028,73,30.1,11.4,11,85,9,3,31,4,0.93,13,18,-5,-0.44,-0.51,,
2955,Zanos Savva,cy CYP,FW,Torino,it Serie A,19,2005,0,,,,,0,,0,0,,3,,,,,,,,
2956,Saba Sazonov,ge GEO,DF,Torino,it Serie A,23,2002,0,,,,,0,,0,0,,4,,,,,,,,
2957,Amine Sbai,ma MAR,MFFW,Angers,fr Ligue 1,24,2000,25,1818,73,59.4,20.2,23,77,5,2,28,1,1.2,17,26,-9,-0.45,0.28,,
2958,Simone Scaglia,it ITA,GK,Juventus,it Serie A,21,2004,0,,,,,0,,0,0,,10,,,,,,,,
2959,Joe Scally,us USA,DFMF,Gladbach,de Bundesliga,22,2002,32,2608,82,85.2,29,29,88,23,3,18,1,1.19,38,40,-2,-0.07,1.72,,
2960,Giorgio Scalvini,it ITA,DF,Atalanta,it Serie A,21,2003,24,1808,75,52.9,20.1,23,78,12,1,24,5,1.75,29,15,14,0.7,0.64,,
2961,Gianluca Scamacca,it ITA,FW,Atalanta,it Serie A,26,1999,24,1315,55,38.5,14.6,16,67,5,8,30,7,1.25,20,14,6,0.41,0.03,,
2962,Oliver Scarles,eng ENG,DFMF,West Ham,eng Premier League,19,2005,13,659,51,19.3,7.3,9,69,4,4,9,17,0.85,8,16,-8,-1.09,-0.73,,
2963,Dane Scarlett,eng ENG,FW,Tottenham,eng Premier League,21,2004,2,9,5,0.3,0.1,0,,0,2,5,9,1,1,0,1,10,10.26,,
2964,Kevin Schade,de GER,MFFW,Brentford,eng Premier League,23,2001,35,2745,78,80.3,30.5,32,82,18,3,39,0,1.37,41,34,7,0.23,0.76,,
2965,András Schäfer,hu HUN,MF,Union Berlin,de Bundesliga,26,1999,28,1421,51,46.4,15.8,16,74,6,12,20,1,1.07,21,22,-1,-0.06,0.65,,
2966,Fabian Schär,ch SUI,DF,Newcastle,eng Premier League,33,1991,16,1091,68,31.9,12.1,11,88,9,5,25,3,1.75,16,13,3,0.25,0.44,,
2967,Fynn Schenten,de GER,FW,Köln,de Bundesliga,17,2007,7,100,14,3.3,1.1,1,61,0,6,7,3,0.29,2,6,-4,-3.6,-3.3,,
2968,Derry Scherhant,de GER,MF,Freiburg,de Bundesliga,22,2002,31,1301,42,42.5,14.5,12,75,2,19,21,3,1.39,26,24,2,0.14,0.55,,
2969,Patrik Schick,cz CZE,FW,Leverkusen,de Bundesliga,29,1996,28,1988,71,65,22.1,23,80,11,5,29,0,1.64,44,29,15,0.68,0.18,,
2970,Stefan Schimmer,de GER,FW,Heidenheim,de Bundesliga,31,1994,27,820,30,26.8,9.1,3,67,0,24,26,4,0.78,14,18,-4,-0.44,0.65,,
2971,Xaver Schlager,at AUT,MF,RB Leipzig,de Bundesliga,27,1997,26,1837,71,60,20.4,21,83,16,5,21,1,1.88,40,29,11,0.54,-0.05,,
2972,Keven Schlotterbeck,de GER,DF,Augsburg,de Bundesliga,28,1997,24,2031,85,66.4,22.6,22,90,21,2,31,7,1.29,29,36,-7,-0.31,0.48,,
2973,Nico Schlotterbeck,de GER,DF,Dortmund,de Bundesliga,25,1999,28,2520,90,82.4,28,28,90,28,0,,0,2.11,55,29,26,0.93,-0.74,,
2974,Mick Schmetgens,de GER,MF,Werder Bremen,de Bundesliga,17,2007,2,37,19,1.2,0.4,0,,0,2,19,13,1.5,0,0,0,0,0.68,,
2975,Romano Schmid,at AUT,MFFW,Werder Bremen,de Bundesliga,25,2000,34,2982,88,97.5,33.1,34,88,23,0,,0,0.94,34,57,-23,-0.69,-0.69,,
2976,Isaac Schmidt,ch SUI,MFDF,Werder Bremen,de Bundesliga,25,1999,19,682,36,22.3,7.6,6,64,0,13,23,11,0.74,8,13,-5,-0.66,0.02,,
2977,Nick Schmidt,jp JPN,MF,St Pauli,de Bundesliga,17,2007,0,,,,,0,,0,0,,3,,,,,,,,
2978,Niklas Schmidt,de GER,FWMF,Toulouse,fr Ligue 1,27,1998,0,,,,,0,,0,0,,4,,,,,,,,
2979,Joël Schmied,ch SUI,DF,Köln,de Bundesliga,26,1998,16,1078,67,35.2,12,13,77,7,3,25,3,1,18,27,-9,-0.75,-0.52,,
2980,Tim Schnitzer,de GER,MF,Augsburg,de Bundesliga,17,2008,1,6,6,0.2,0.1,0,,0,1,6,1,0,0,1,-1,-15,-14.56,,
2981,Konstantin Schopp,at AUT,DF,Mainz 05,de Bundesliga,19,2005,0,,,,,0,,0,0,,1,,,,,,,,
2982,Jan Schöppner,de GER,MF,Heidenheim,de Bundesliga,26,1999,31,2252,73,73.6,25,29,76,15,2,28,2,0.81,26,51,-25,-1,-0.33,,
2983,Marvin Schwäbe,de GER,GK,Köln,de Bundesliga,30,1995,34,3060,90,100,34,34,90,34,0,,0,0.94,49,63,-14,-0.41,,,
2984,Léo Scienza,br BRA,MF,Heidenheim,de Bundesliga,26,1998,2,180,90,5.9,2,2,90,2,0,,0,0,1,5,-4,-2,-1.16,,
2985,Alex Scott,eng ENG,MF,Bournemouth,eng Premier League,21,2003,37,2849,77,83.3,31.7,34,80,19,3,39,0,1.51,50,42,8,0.25,0.88,,
2986,Simone Scuffet,it ITA,GK,Pisa,it Serie A,29,1996,7,630,90,18.4,7,7,90,7,0,,25,0.43,6,15,-9,-1.29,-0.12,,
2987,Sebastian Sebulonsen,no NOR,DFMF,Köln,de Bundesliga,25,2000,31,2498,81,81.6,27.8,28,85,20,3,36,0,1,35,52,-17,-0.61,-1.09,,
2988,Mohamed Seck,it ITA,DF,Roma,it Serie A,19,2006,0,,,,,0,,0,0,,2,,,,,,,,
2989,Jenson Seelt,nl NED,DF,Wolfsburg,de Bundesliga,22,2003,9,681,76,22.3,7.6,8,84,7,1,6,2,1.22,15,17,-2,-0.26,0.57,,
2990,Jenson Seelt,nl NED,DF,Sunderland,eng Premier League,22,2003,2,134,67,3.9,1.5,1,52,0,1,82,1,1.5,0,2,-2,-1.34,-1.23,,
2991,Alidu Seidu,gh GHA,DF,Rennes,fr Ligue 1,25,2000,21,1186,56,38.8,13.2,13,76,6,8,25,11,1.57,25,24,1,0.08,-0.31,,
2992,Taufik Seidu,es ESP,MF,Atlético Madrid,es La Liga,17,2008,1,23,23,0.7,0.3,0,,0,1,23,4,0,0,1,-1,-3.91,-4.42,,
2993,Nicolas Seiwald,at AUT,MF,RB Leipzig,de Bundesliga,24,2001,33,2694,82,88,29.9,31,85,19,2,23,0,1.88,57,37,20,0.67,0.91,,
2994,Ayumu Seko,jp JPN,MFDF,Le Havre,fr Ligue 1,25,2000,30,2625,88,85.8,29.2,29,90,28,1,22,0,0.87,25,38,-13,-0.45,-0.65,,
2995,Matz Sels,be BEL,GK,Nottingham,eng Premier League,33,1992,31,2668,86,78,29.6,30,89,29,1,13,3,1.29,42,39,3,0.1,0.82,,
2996,Daniel Semedo,pt POR,FW,Lorient,fr Ligue 1,22,2003,0,,,,,0,,0,0,,1,,,,,,,,
2997,Antoine Semenyo,gh GHA,MF,Bournemouth,eng Premier League,25,2000,20,1798,90,52.6,20,20,90,18,0,,0,1.25,31,38,-7,-0.35,-0.96,,
2998,Antoine Semenyo,gh GHA,MFFW,Manchester City,eng Premier League,25,2000,17,1397,82,40.8,15.5,17,82,9,0,,0,2.06,28,14,14,0.9,-0.34,,
2999,Adrian Šemper,hr CRO,GK,Pisa,it Serie A,27,1998,25,2250,90,65.8,25,25,90,25,0,,8,0.48,16,42,-26,-1.04,0.42,,
3000,Marvin Senaya,gh GHA,DFMF,Auxerre,fr Ligue 1,24,2001,25,1780,71,58.2,19.8,20,84,12,5,21,5,0.8,14,28,-14,-0.71,-0.99,,
3001,Marcos Senesi,ar ARG,DF,Bournemouth,eng Premier League,28,1997,37,3288,89,96.1,36.5,37,89,35,0,,0,1.54,56,53,3,0.08,-0.6,,
3002,Suat Serdar,de GER,MF,Hellas Verona,it Serie A,28,1997,20,1108,55,32.4,12.3,12,78,4,8,21,0,0.55,8,24,-16,-1.3,-0.52,,
3003,Leonardo Sernicola,it ITA,DFMF,Cremonese,it Serie A,28,1997,0,,,,,0,,0,0,,2,,,,,,,,
3004,Federico Serra,it ITA,FW,Lazio,it Serie A,19,2006,0,,,,,0,,0,0,,2,,,,,,,,
3005,Mikel Serrano García,es ESP,DF,Osasuna,es La Liga,22,2003,0,,,,,0,,0,0,,1,,,,,,,,
3006,Javier Serrano,es ESP,MF,Atlético Madrid,es La Liga,22,2003,0,,,,,0,,0,0,,1,,,,,,,,
3007,Manuel Serrano,es ESP,DF,Real Madrid,es La Liga,21,2004,1,7,7,0.2,0.1,0,,0,1,7,0,3,1,1,0,0,-1.11,,
3008,Nicolás Serrano,es ESP,MF,Athletic Club,es La Liga,22,2003,16,366,23,10.7,4.1,4,60,0,12,11,20,1.31,5,6,-1,-0.25,0.17,,
3009,Llorenç Serred,es ESP,GK,Espanyol,es La Liga,19,2005,0,,,,,0,,0,0,,2,,,,,,,,
3010,Benjamin Šeško,si SVN,FW,Manchester Utd,eng Premier League,22,2003,30,1643,55,48,18.3,17,79,8,13,23,1,1.8,37,30,7,0.38,-0.22,,
3011,Ryan Sessegnon,eng ENG,DFMF,Fulham,eng Premier League,25,2000,27,1823,68,53.3,20.3,20,85,14,7,19,1,1.33,32,29,3,0.15,0.54,,
3012,Tommy Setford,eng ENG,GK,Arsenal,eng Premier League,19,2006,0,,,,,0,,0,0,,1,,,,,,,,
3013,Park Seungsoo,kr KOR,MF,Newcastle,eng Premier League,18,2007,0,,,,,0,,0,0,,1,,,,,,,,
3014,Stephan El Shaarawy,it ITA,MFFW,Roma,it Serie A,32,1992,20,666,33,19.5,7.4,5,56,0,15,26,11,2,13,3,10,1.35,0.76,,
3015,Leo Shahar,eng ENG,DF,Newcastle,eng Premier League,18,2007,0,,,,,0,,0,0,,11,,,,,,,,
3016,Teddy Sharman,eng ENG,GK,Chelsea,eng Premier League,22,2003,0,,,,,0,,0,0,,9,,,,,,,,
3017,Luke Shaw,eng ENG,DF,Manchester Utd,eng Premier League,30,1995,38,3219,85,94.1,35.8,38,85,23,0,,0,1.87,66,45,21,0.59,1.48,,
3018,Alen Sherri,al ALB,GK,Cagliari,it Serie A,27,1997,0,,,,,0,,0,0,,20,,,,,,,,
3019,Ollie Shield,eng ENG,MF,Brentford,eng Premier League,18,2006,0,,,,,0,,0,0,,7,,,,,,,,
3020,Kento Shiogai,jp JPN,MF,Wolfsburg,de Bundesliga,20,2005,12,318,27,10.4,3.5,2,61,0,10,20,4,0.58,4,4,0,0,0.79,,
3021,Stevan Siba,fr FRA,DF,Lorient,fr Ligue 1,18,2006,0,,,,,0,,0,0,,7,,,,,,,,
3022,Kwasi Sibo,gh GHA,MF,Oviedo,es La Liga,27,1998,26,1681,65,49.2,18.7,21,75,9,5,21,10,0.88,16,26,-10,-0.54,0.71,,
3023,Djibril Sidibé,fr FRA,MFDF,Toulouse,fr Ligue 1,33,1992,32,2141,67,72.1,23.8,25,82,12,7,14,1,1.33,31,34,-3,-0.13,-0.56,,
3024,Armindo Sieb,de GER,FW,Mainz 05,de Bundesliga,22,2003,22,548,25,17.9,6.1,3,72,0,19,17,7,0.82,10,15,-5,-0.82,-0.68,,
3025,Jamil Siebert,de GER,DF,Lecce,it Serie A,23,2002,21,1701,81,49.7,18.9,18,89,17,3,31,17,1,11,29,-18,-0.95,-0.74,,
3026,Benjamin Siegrist,ch SUI,GK,Genoa,it Serie A,33,1992,0,,,,,0,,0,0,,13,,,,,,,,
3027,Ismael Sierra,es ESP,DF,Villarreal,es La Liga,22,2003,0,,,,,0,,0,0,,1,,,,,,,,
3028,Francisco Sierralta,cl CHI,DF,Auxerre,fr Ligue 1,28,1997,10,861,86,28.1,9.6,9,87,7,1,77,14,0.7,6,15,-9,-0.94,-0.9,,
3029,Tim Siersleben,de GER,DF,Heidenheim,de Bundesliga,25,2000,15,1081,72,35.3,12,12,85,9,3,19,16,0.73,16,29,-13,-1.08,-0.26,,
3030,Mathys Silestrie,fr FRA,GK,Rennes,fr Ligue 1,19,2005,2,180,90,5.9,2,2,90,2,0,,29,0,2,6,-4,-2,-2.41,,
3031,Amil Siljević,de GER,GK,Frankfurt,de Bundesliga,18,2007,0,,,,,0,,0,0,,1,,,,,,,,
3032,Lamin Sillah,gm GAM,FW,Nottingham,eng Premier League,19,2006,0,,,,,0,,0,0,,1,,,,,,,,
3033,André Silva,pt POR,FW,Elche,es La Liga,29,1995,31,1849,60,54.1,20.5,22,78,10,9,15,2,1,23,35,-12,-0.58,-0.81,,
3034,Bernardo Silva,pt POR,MF,Manchester City,eng Premier League,30,1994,38,2872,76,84,31.9,34,82,14,4,23,0,2.05,67,30,37,1.16,0.34,,
3035,Éderson Silva,br BRA,MF,Atalanta,it Serie A,26,1999,30,2230,74,65.2,24.8,26,81,16,4,28,3,1.53,30,18,12,0.48,0.26,,
3036,Fábio Silva,pt POR,FWMF,Dortmund,de Bundesliga,23,2002,28,817,29,26.7,9.1,7,68,0,21,16,2,2.11,24,10,14,1.54,0.66,,
3037,Jota Silva,pt POR,FW,Nottingham,eng Premier League,25,1999,1,12,12,0.4,0.1,0,,0,1,12,0,3,0,0,0,0,0.08,,
3038,Eric da Silva Moreira,de GER,DF,Nottingham,eng Premier League,19,2006,0,,,,,0,,0,0,,2,,,,,,,,
3039,Tiago Silva,pt POR,DF,Lyon,fr Ligue 1,17,2007,0,,,,,0,,0,0,,3,,,,,,,,
3040,Marco Silvestri,it ITA,GK,Cremonese,it Serie A,34,1991,4,360,90,10.5,4,4,90,4,0,,34,0.75,4,7,-3,-0.75,-0.1,,
3041,Abdallah Sima,sn SEN,MFFW,Lens,fr Ligue 1,24,2001,21,718,34,23.5,8,6,71,0,15,20,10,1.86,12,11,1,0.13,-1.03,,
3042,Giovanni Simeone,ar ARG,FW,Torino,it Serie A,30,1995,32,2230,70,65.2,24.8,27,77,6,5,32,2,1.31,29,37,-8,-0.32,0.51,,
3043,Giuliano Simeone,ar ARG,MFFW,Atlético Madrid,es La Liga,22,2002,31,2099,68,61.4,23.3,25,75,7,6,35,2,1.9,42,26,16,0.69,0.55,,
3044,Freddie Simmonds,eng ENG,DF,Brighton,eng Premier League,17,2008,0,,,,,0,,0,0,,1,,,,,,,,
3045,Moses Simon,ng NGA,MFFW,Paris FC,fr Ligue 1,30,1995,29,2001,69,65.4,22.2,25,75,1,4,33,2,1.28,31,30,1,0.04,0.38,,
3046,Unai Simón,es ESP,GK,Athletic Club,es La Liga,28,1997,37,3330,90,97.4,37,37,90,37,0,,1,1.22,41,54,-13,-0.35,1.65,,
3047,Xavi Simons,nl NED,MFFW,Tottenham,eng Premier League,22,2003,28,1755,63,51.3,19.5,19,78,10,9,30,0,0.82,26,33,-7,-0.36,-0.25,,
3048,Xavi Simons,nl NED,MF,RB Leipzig,de Bundesliga,22,2003,1,90,90,2.9,1,1,90,1,0,,0,0,0,6,-6,-6,-6.76,,
3049,Jahmai Simpson-Pusey,eng ENG,DF,Köln,de Bundesliga,19,2005,11,863,78,28.2,9.6,10,84,8,1,22,0,0.91,13,19,-6,-0.63,-0.3,,
3050,Bema Sina,gh GHA,DF,Elche,es La Liga,22,2003,0,,,,,0,,0,0,,1,,,,,,,,
3051,Danel Sinani,lu LUX,MFFW,St Pauli,de Bundesliga,28,1997,30,2069,69,67.6,23,23,83,15,7,22,2,0.77,18,43,-25,-1.09,-0.54,,
3052,Dan Sinaté,fr FRA,DF,Angers,fr Ligue 1,19,2006,3,33,11,1.1,0.4,0,,0,3,11,7,0,0,2,-2,-5.45,-4.95,,
3053,Lassine Sinayoko,ml MLI,FWMF,Auxerre,fr Ligue 1,25,1999,32,2770,87,90.5,30.8,32,87,21,0,,0,1.06,33,37,-4,-0.13,1.73,,
3054,Jimmy Sinclair,eng ENG,MF,Nottingham,eng Premier League,18,2006,0,,,,,0,,0,0,,1,,,,,,,,
3055,Wilfried Singo,ci CIV,DFMF,Monaco,fr Ligue 1,24,2000,0,,,,,0,,0,0,,2,,,,,,,,
3056,Tobias Sippel,de GER,GK,Gladbach,de Bundesliga,37,1988,0,,,,,0,,0,0,,3,,,,,,,,
3057,Ibrahima Sissoko,ml MLI,MFDF,Nantes,fr Ligue 1,27,1997,13,803,62,27,8.9,9,83,4,4,15,2,0.5,9,16,-7,-0.78,-0.12,,
3058,Dario Sits,lv LVA,FW,Parma,it Serie A,21,2004,0,,,,,0,,0,0,,1,,,,,,,,
3059,Antonio Sivera,es ESP,GK,Alavés,es La Liga,28,1996,38,3420,90,100,38,38,90,38,0,,0,1.13,44,56,-12,-0.32,,,
3060,Lapo Siviero,it ITA,GK,Torino,it Serie A,18,2006,0,,,,,0,,0,0,,21,,,,,,,,
3061,Telli Siwe,fr FRA,DF,Auxerre,fr Ligue 1,20,2004,4,315,79,10.3,3.5,4,79,3,0,,5,1.5,4,3,1,0.29,0.65,,
3062,Tim Skarke,de GER,MFFW,Union Berlin,de Bundesliga,28,1996,22,623,28,20.4,6.9,4,59,0,18,22,8,1.41,12,12,0,0,0.52,,
3063,Ellyes Skhiri,tn TUN,MFDF,Frankfurt,de Bundesliga,30,1995,25,1444,58,47.2,16,16,81,9,9,17,5,1.36,24,36,-12,-0.75,-1.19,,
3064,Laurs Skjellerup,dk DEN,FW,Sassuolo,it Serie A,22,2002,1,10,10,0.3,0.1,0,,0,1,10,9,0,0,0,0,0,0.11,,
3065,Łukasz Skorupski,pl POL,GK,Bologna,it Serie A,34,1991,19,1592,84,46.5,17.7,19,84,17,0,,4,1.79,26,15,11,0.62,1.02,,
3066,Andreas Skov Olsen,dk DEN,MF,Wolfsburg,de Bundesliga,25,1999,8,362,45,11.8,4,4,67,0,4,24,4,1,7,7,0,0,0.8,,
3067,Robert Skov,dk DEN,DFMF,Union Berlin,de Bundesliga,29,1996,3,220,73,7.2,2.4,3,73,0,0,,1,1,4,6,-2,-0.82,-0.44,,
3068,Wassim Slama,tn TUN,MF,PSG,fr Ligue 1,16,2008,0,,,,,0,,0,0,,1,,,,,,,,
3069,Gaga Slonina,us USA,GK,Chelsea,eng Premier League,21,2004,0,,,,,0,,0,0,,5,,,,,,,,
3070,Tobias Slotsager,dk DEN,DF,Hellas Verona,it Serie A,19,2006,8,446,56,13,5,4,90,4,4,22,28,0.38,2,9,-7,-1.41,-0.53,,
3071,Adam Smith,eng ENG,DF,Bournemouth,eng Premier League,34,1991,22,1077,49,31.5,12,14,73,5,8,7,11,1.45,18,16,2,0.17,0.09,,
3072,Eric Smith,se SWE,DFMF,St Pauli,de Bundesliga,28,1997,27,2311,86,75.5,25.7,26,87,23,1,45,0,0.74,22,43,-21,-0.82,0.38,,
3073,Emile Smith Rowe,eng ENG,MF,Fulham,eng Premier League,25,2000,37,1923,52,56.2,21.4,22,73,1,15,21,0,1.38,27,28,-1,-0.05,0.13,,
3074,Ivan Smolčić,hr CRO,DF,Como,it Serie A,24,2000,28,1662,59,48.6,18.5,19,77,8,9,22,9,2,26,10,16,0.87,-0.16,,
3075,Mezian Soares,pt POR,MF,Lens,fr Ligue 1,15,2009,1,12,12,0.4,0.1,0,,0,1,12,2,3,0,0,0,0,-0.92,,
3076,Eduard Sobol,ua UKR,DFMF,Strasbourg,fr Ligue 1,30,1995,0,,,,,0,,0,0,,11,,,,,,,,
3077,Simon Sohm,ch SUI,MF,Bologna,it Serie A,24,2001,12,717,60,21,8,9,74,2,3,18,5,1.83,8,7,1,0.13,0.06,,
3078,Simon Sohm,ch SUI,MF,Fiorentina,it Serie A,24,2001,16,708,44,20.7,7.9,9,65,1,7,18,4,0.56,6,15,-9,-1.14,-1.14,,
3079,Alex Sola,es ESP,DFFW,Getafe,es La Liga,26,1999,1,13,13,0.4,0.1,0,,0,1,13,2,3,0,0,0,0,0.16,,
3080,Dominic Solanke,eng ENG,FW,Tottenham,eng Premier League,27,1997,15,1001,67,29.3,11.1,11,83,7,4,23,1,0.87,11,21,-10,-0.9,-0.94,,
3081,Carlos Soler,es ESP,MF,Real Sociedad,es La Liga,28,1997,33,2317,70,67.7,25.7,26,81,10,7,31,1,1.21,37,39,-2,-0.08,-0.08,,
3082,Julio Soler,ar ARG,DF,Bournemouth,eng Premier League,20,2005,3,35,12,1,0.4,0,,0,3,12,14,1,0,2,-2,-5.14,-5.3,,
3083,Oumar Solet,fr FRA,DF,Udinese,it Serie A,25,2000,35,2959,85,86.5,32.9,34,87,31,1,16,1,1.31,39,42,-3,-0.09,-0.09,,
3084,Jhon Solis,co COL,MF,Girona,es La Liga,20,2004,12,380,32,11.1,4.2,3,78,1,9,16,5,0.75,2,14,-12,-2.84,-2.72,,
3085,Manor Solomon,il ISR,MF,Villarreal,es La Liga,26,1999,6,150,25,4.4,1.7,1,71,0,5,16,6,2.67,4,1,3,1.8,1.17,,
3086,Manor Solomon,il ISR,FWMF,Tottenham,eng Premier League,26,1999,0,,,,,0,,0,0,,1,,,,,,,,
3087,Manor Solomon,il ISR,FWMF,Fiorentina,it Serie A,26,1999,16,890,56,26,9.9,9,85,5,7,18,0,1.56,11,15,-4,-0.4,-0.23,,
3088,Hugo Solozabal,es ESP,MF,Getafe,es La Liga,22,2003,1,11,11,0.3,0.1,0,,0,1,11,7,0,0,0,0,0,0.16,,
3089,Daniele Sommariva,it ITA,GK,Genoa,it Serie A,28,1997,2,176,88,5.1,2,1,90,1,1,86,35,0,1,4,-3,-1.53,-1.34,,
3090,Yann Sommer,ch SUI,GK,Inter,it Serie A,36,1988,33,2960,90,86.5,32.9,33,90,32,0,,5,2.24,76,30,46,1.4,-0.17,,
3091,Oliver Sonne,pe PER,DF,Burnley,eng Premier League,24,2000,7,169,24,4.9,1.9,1,73,0,6,16,3,0.71,3,4,-1,-0.53,0.46,,
3092,Oliver Sorg,at AUT,DF,Augsburg,de Bundesliga,18,2007,0,,,,,0,,0,0,,1,,,,,,,,
3093,David Soria,es ESP,GK,Getafe,es La Liga,32,1993,38,3420,90,100,38,38,90,38,0,,0,1.34,32,38,-6,-0.16,,,
3094,Borna Sosa,hr CRO,DFMF,Crystal Palace,eng Premier League,27,1998,7,101,14,3,1.1,0,,0,7,14,23,0.71,3,2,1,0.89,1.19,,
3095,Hugo Sotelo,es ESP,MF,Celta Vigo,es La Liga,21,2003,20,1338,67,39.1,14.9,16,78,7,4,24,14,1.1,27,25,2,0.13,0,,
3096,Florian Sotoca,fr FRA,MFFW,Lens,fr Ligue 1,34,1990,26,507,20,16.6,5.6,4,70,1,22,10,8,2.27,15,8,7,1.24,0.4,,
3097,Riccardo Sottil,it ITA,FWMF,Lecce,it Serie A,26,1999,21,1066,51,31.2,11.8,13,66,0,8,25,4,0.86,6,14,-8,-0.68,-0.14,,
3098,Tomáš Souček,cz CZE,MF,West Ham,eng Premier League,30,1995,35,2200,63,64.3,24.4,24,83,15,11,19,0,1.09,32,41,-9,-0.37,0.37,,
3099,Isiaka Soukouna,fr FRA,DF,Rennes,fr Ligue 1,19,2006,0,,,,,0,,0,0,,1,,,,,,,,
3100,Matìas Soulé,ar ARG,MFFW,Roma,it Serie A,22,2003,33,2139,65,62.5,23.8,28,72,1,5,26,0,2,37,17,20,0.84,0.28,,
3101,Aboubaka Soumahoro,fr FRA,MFDF,Hamburger SV,de Bundesliga,20,2005,4,136,34,4.4,1.5,2,52,0,2,17,7,1,0,5,-5,-3.31,-3.03,,
3102,Sambou Soumano,sn SEN,FW,Lorient,fr Ligue 1,24,2001,31,941,30,30.8,10.5,8,66,0,23,18,2,1.23,15,17,-2,-0.19,-0.15,,
3103,Issa Soumaré,sn SEN,FWMF,Le Havre,fr Ligue 1,24,2000,34,2948,87,96.3,32.8,33,88,32,1,45,0,1.03,31,43,-12,-0.37,-0.37,,
3104,Souza,br BRA,MF,Tottenham,eng Premier League,19,2006,4,144,36,4.2,1.6,2,49,0,2,24,8,0.25,1,3,-2,-1.25,-1.06,,
3105,Vinicius Souza,br BRA,MF,Wolfsburg,de Bundesliga,26,1999,24,1764,74,57.6,19.6,22,80,12,2,3,8,0.88,24,35,-11,-0.56,0.34,,
3106,Djibril Sow,ch SUI,MF,Sevilla,es La Liga,28,1997,33,2187,66,63.9,24.3,27,76,10,6,22,2,1,27,43,-16,-0.66,-0.8,,
3107,Djed Spence,eng ENG,DFMF,Tottenham,eng Premier League,24,2000,30,2056,69,60.1,22.8,23,83,16,7,21,4,1.2,30,31,-1,-0.04,0.48,,
3108,Elia Spicuglia,it ITA,FW,Genoa,it Serie A,18,2007,0,,,,,0,,0,0,,1,,,,,,,,
3109,Gerónimo Spina,ar ARG,DF,Atlético Madrid,es La Liga,20,2005,0,,,,,0,,0,0,,1,,,,,,,,
3110,Matteo Spinaccè,it ITA,FW,Inter,it Serie A,19,2006,0,,,,,0,,0,0,,2,,,,,,,,
3111,Leonardo Spinazzola,it ITA,MFDF,Napoli,it Serie A,32,1993,32,1901,59,55.6,21.1,22,76,8,10,22,2,2,35,20,15,0.71,0.3,,
3112,David Spinelli,it ITA,GK,Napoli,it Serie A,17,2008,0,,,,,0,,0,0,,1,,,,,,,,
3113,Marco Sportiello,it ITA,GK,Atalanta,it Serie A,33,1992,1,90,90,2.6,1,1,90,1,0,,37,1,1,1,0,0,-0.41,,
3114,Anton Stach,de GER,MF,Leeds United,eng Premier League,26,1998,29,2370,82,69.3,26.3,28,84,19,1,31,1,1.03,31,36,-5,-0.19,-0.02,,
3115,Alexander Staff,de GER,DF,Frankfurt,de Bundesliga,17,2008,0,,,,,0,,0,0,,2,,,,,,,,
3116,Jens Stage,dk DEN,MF,Werder Bremen,de Bundesliga,28,1996,29,2460,85,80.4,27.3,29,85,21,0,,0,0.97,26,45,-19,-0.7,-0.1,,
3117,Dimitrios Stamatakis,gr GRE,GK,Osasuna,es La Liga,22,2003,0,,,,,0,,0,0,,15,,,,,,,,
3118,Benjamin Stambouli,fr FRA,MF,Metz,fr Ligue 1,34,1990,19,960,51,31.4,10.7,10,83,5,9,15,5,0.58,10,26,-16,-1.5,-0.3,,
3119,Nicolae Stanciu,ro ROU,MF,Genoa,it Serie A,32,1993,4,180,45,5.3,2,2,75,0,2,15,12,0.5,0,1,-1,-0.5,-0.25,,
3120,Otto Stange,de GER,FW,Hamburger SV,de Bundesliga,18,2007,10,293,29,9.6,3.3,2,70,0,8,19,6,0.6,3,5,-2,-0.61,-0.22,,
3121,Josip Stanišić,hr CRO,DF,Bayern Munich,de Bundesliga,25,2000,26,1857,71,60.7,20.6,19,86,15,7,32,1,2.62,78,23,55,2.67,0.35,,
3122,Carl Starfelt,se SWE,DF,Celta Vigo,es La Liga,30,1995,19,1491,78,43.6,16.6,17,86,14,2,17,1,1.37,22,17,5,0.3,0.3,,
3123,Niklas Stark,de GER,DF,Werder Bremen,de Bundesliga,30,1995,14,697,50,22.8,7.7,9,68,2,5,16,5,1.43,9,14,-5,-0.65,0.04,,
3124,Jules Stawiecki,fr FRA,GK,Monaco,fr Ligue 1,18,2007,0,,,,,0,,0,0,,2,,,,,,,,
3125,Jason Steele,eng ENG,GK,Brighton,eng Premier League,34,1990,0,,,,,0,,0,0,,38,,,,,,,,
3126,Karl Steinmann,de GER,DF,Freiburg,de Bundesliga,19,2005,0,,,,,0,,0,0,,6,,,,,,,,
3127,Orri Steinn Óskarsson,is ISL,FW,Real Sociedad,es La Liga,20,2004,20,835,42,24.4,9.3,8,73,2,12,21,1,1.05,19,15,4,0.43,0.64,,
3128,Calvin Stengs,nl NED,FWMF,Pisa,it Serie A,26,1998,4,46,12,1.3,0.5,0,,0,4,12,11,0,0,2,-2,-3.91,-2.77,,
3129,Pascal Stenzel,de GER,MF,Stuttgart,de Bundesliga,29,1996,2,106,53,3.5,1.2,2,53,0,0,,16,1.5,1,2,-1,-0.85,-1.55,,
3130,Joshua Stephenson,,MF,Brentford,eng Premier League,,,0,,,,,0,,0,0,,3,,,,,,,,
3131,Leonidas Stergiou,ch SUI,DF,Heidenheim,de Bundesliga,23,2002,5,206,41,6.7,2.3,1,90,1,4,29,4,1,1,7,-6,-2.62,-1.83,,
3132,Leonidas Stergiou,ch SUI,DF,Stuttgart,de Bundesliga,23,2002,1,1,1,0,0,0,,0,1,1,3,3,0,0,0,0,-0.65,,
3133,Charlie Stevens,wls WAL,MF,Bournemouth,eng Premier League,18,2007,0,,,,,0,,0,0,,1,,,,,,,,
3134,Finley Stevens,wls WAL,DF,St Pauli,de Bundesliga,22,2003,1,27,27,0.9,0.3,0,,0,1,27,10,0,1,0,1,3.33,4.28,,
3135,Angelo Stiller,de GER,MF,Stuttgart,de Bundesliga,24,2001,34,2743,81,89.6,30.5,30,88,23,4,26,0,1.82,65,43,22,0.72,0.72,,
3136,Kevin Stöger,at AUT,MF,Gladbach,de Bundesliga,31,1993,29,1324,46,43.3,14.7,15,73,2,14,17,5,1,13,25,-12,-0.82,-0.87,,
3137,Filip Stojilković,ch SUI,FWMF,Pisa,it Serie A,25,2000,13,658,51,19.2,7.3,8,65,1,5,27,3,0.08,3,16,-13,-1.78,-0.74,,
3138,John Stones,eng ENG,DF,Manchester City,eng Premier League,31,1994,9,439,49,12.8,4.9,5,80,2,4,10,15,1.44,7,10,-3,-0.62,-1.97,,
3139,Jørgen Strand Larsen,no NOR,FW,Crystal Palace,eng Premier League,25,2000,14,903,65,26.4,10,12,71,3,2,26,0,1.14,12,15,-3,-0.3,-0.05,,
3140,Jørgen Strand Larsen,no NOR,FW,Wolves,eng Premier League,25,2000,22,1404,64,41.1,15.6,14,83,7,8,31,0,0.36,6,26,-20,-1.28,-0.34,,
3141,Gabriel Strefezza,br BRA,FW,Parma,it Serie A,28,1997,14,1007,72,29.4,11.2,13,75,3,1,37,0,1.36,8,13,-5,-0.45,0.04,,
3142,Pascal Struijk,nl NED,DF,Leeds United,eng Premier League,25,1999,34,2936,86,85.8,32.6,33,89,31,1,9,2,1.18,42,48,-6,-0.18,0,,
3143,Cristhian Stuani,uy URU,FW,Girona,es La Liga,38,1986,21,412,20,12,4.6,1,63,0,20,17,5,0.9,6,8,-2,-0.44,-0.02,,
3144,Nikola Štulić,rs SRB,FW,Lecce,it Serie A,23,2001,34,1709,50,50,19,20,70,2,14,22,3,1,15,22,-7,-0.37,0.42,,
3145,Denis Suárez,es ESP,MF,Villarreal,es La Liga,31,1994,0,,,,,0,,0,0,,2,,,,,,,,
3146,Denis Suárez,es ESP,MF,Alavés,es La Liga,31,1994,30,1406,47,41.1,15.6,15,69,0,15,24,2,1.07,21,21,0,0,0.54,,
3147,Gabriel Suazo,cl CHI,DFMF,Sevilla,es La Liga,27,1997,29,2096,72,61.3,23.3,25,81,19,4,18,1,1.31,28,37,-9,-0.39,-0.05,,
3148,Luka Sučić,hr CRO,MFFW,Real Sociedad,es La Liga,22,2002,22,1022,46,29.9,11.4,10,70,2,12,27,13,1.23,22,17,5,0.44,0.7,,
3149,Petar Sučić,hr CRO,MF,Inter,it Serie A,21,2003,34,1765,52,51.6,19.6,21,74,7,13,16,3,2.21,42,21,21,1.07,-0.72,,
3150,Yukinari Sugawara,jp JPN,DFMF,Werder Bremen,de Bundesliga,25,2000,31,2428,78,79.3,27,29,82,20,2,21,1,1.03,32,43,-11,-0.41,1.3,,
3151,Pavel Šulc,cz CZE,FWMF,Lyon,fr Ligue 1,24,2000,27,1566,58,51.2,17.4,17,80,7,10,20,1,1.81,28,22,6,0.34,-0.08,,
3152,Niklas Süle,de GER,DF,Dortmund,de Bundesliga,29,1995,11,486,44,15.9,5.4,7,61,1,4,15,9,2.09,12,7,5,0.93,-0.16,,
3153,Ibrahim Sulemana,gh GHA,MF,Bologna,it Serie A,22,2003,3,45,15,1.3,0.5,0,,0,3,15,12,1.33,1,1,0,0,-0.08,,
3154,Ibrahim Sulemana,gh GHA,MF,Atalanta,it Serie A,22,2003,0,,,,,0,,0,0,,1,,,,,,,,
3155,Ibrahim Sulemana,gh GHA,MF,Cagliari,it Serie A,22,2003,16,860,54,25.1,9.6,7,87,5,9,28,1,1.13,5,15,-10,-1.05,-0.94,,
3156,Kamaldeen Sulemana,gh GHA,MF,Atalanta,it Serie A,23,2002,25,1011,40,29.6,11.2,9,70,1,16,24,9,1.52,17,12,5,0.45,0.07,,
3157,Ivan Sulev,bg BUL,MF,Cagliari,it Serie A,18,2006,0,,,,,0,,0,0,,4,,,,,,,,
3158,Crysencio Summerville,nl NED,MFFW,West Ham,eng Premier League,23,2001,31,2470,80,72.2,27.4,29,84,14,2,19,0,1.16,34,42,-8,-0.29,0.75,,
3159,Tomáš Suslov,sk SVK,FW,Hellas Verona,it Serie A,23,2002,11,446,41,13,5,5,68,1,6,18,0,0.55,1,7,-6,-1.21,-0.3,,
3160,Ethan Sutherland,sct SCO,FW,Wolves,eng Premier League,19,2006,0,,,,,0,,0,0,,3,,,,,,,,
3161,Yuito Suzuki,jp JPN,MF,Freiburg,de Bundesliga,23,2001,25,1632,65,53.3,18.1,18,79,6,7,31,4,1.28,31,31,0,0,0.38,,
3162,Zion Suzuki,jp JPN,GK,Parma,it Serie A,22,2002,20,1800,90,52.6,20,20,90,20,0,,3,0.8,14,28,-14,-0.7,-0.48,,
3163,Mattias Svanberg,se SWE,MF,Wolfsburg,de Bundesliga,26,1999,24,861,36,28.1,9.6,8,67,0,16,21,1,0.92,13,24,-11,-1.15,-0.62,,
3164,Daniel Svensson,se SWE,MF,Dortmund,de Bundesliga,23,2002,33,2454,74,80.2,27.3,27,86,22,6,22,1,2.12,54,28,26,0.95,-0.53,,
3165,Velizar-Ilia Svetozarov Iliev,bg BUL,GK,Cagliari,it Serie A,20,2005,0,,,,,0,,0,0,,1,,,,,,,,
3166,Mile Svilar,rs SRB,GK,Roma,it Serie A,25,1999,38,3420,90,100,38,38,90,38,0,,0,1.92,59,31,28,0.74,,,
3167,Williot Swedberg,se SWE,FWMF,Celta Vigo,es La Liga,21,2004,29,1270,44,37.1,14.1,13,63,0,16,28,2,1.45,19,16,3,0.21,0.13,,
3168,Niklas Swider,de GER,MF,Gladbach,de Bundesliga,18,2007,0,,,,,0,,0,0,,3,,,,,,,,
3169,Grégoire Swiderski,ca CAN,GK,Alavés,es La Liga,19,2005,0,,,,,0,,0,0,,13,,,,,,,,
3170,Lamine Sy,mr MTN,DF,Auxerre,fr Ligue 1,22,2002,24,1536,64,50.2,17.1,17,84,12,7,16,10,1.04,21,21,0,0,0.59,,
3171,Abakar Sylla,ci CIV,DF,Strasbourg,fr Ligue 1,22,2002,1,2,2,0.1,0,0,,0,1,2,5,1,0,0,0,0,-0.32,,
3172,Abakar Sylla,ci CIV,DF,Nantes,fr Ligue 1,22,2002,2,65,33,2.2,0.7,1,45,0,1,20,0,0,1,3,-2,-2.77,-2.12,,
3173,Fodé Sylla,fr FRA,MF,Lens,fr Ligue 1,19,2006,4,99,25,3.2,1.1,1,58,0,3,14,14,3,3,1,2,1.82,0.94,,
3174,Wojciech Szczęsny,pl POL,GK,Barcelona,es La Liga,35,1990,8,720,90,21.1,8,8,90,8,0,,27,1.5,14,15,-1,-0.12,-2.12,,
3175,Luca Szimionas,ro ROU,MF,Hellas Verona,it Serie A,18,2006,0,,,,,0,,0,0,,2,,,,,,,,
3176,Dominik Szoboszlai,hu HUN,MFDF,Liverpool,eng Premier League,24,2000,36,3231,90,94.5,35.9,36,90,34,0,,0,1.5,60,51,9,0.25,-0.23,,
3177,Sebastian Szymański,pl POL,MF,Rennes,fr Ligue 1,26,1999,16,776,49,25.4,8.6,10,66,0,6,19,0,1.75,15,12,3,0.35,0.11,,
3178,Alexander Sørloth,no NOR,FW,Atlético Madrid,es La Liga,29,1995,35,1980,57,57.9,22,20,76,9,15,31,0,1.8,35,27,8,0.36,-0.26,,
3179,Jocelin Ta Bi,ci CIV,MF,Sunderland,eng Premier League,20,2005,1,38,38,1.1,0.4,1,38,0,0,,4,0,0,0,0,0,0.16,,
3180,Musa Al-Taamari,jo JOR,MFFW,Rennes,fr Ligue 1,28,1997,33,2212,67,72.3,24.6,25,79,4,8,31,0,1.79,45,32,13,0.53,0.95,,
3181,Haris Tabaković,ba BIH,FW,Gladbach,de Bundesliga,31,1994,32,2382,74,77.8,26.5,28,81,10,4,29,0,1.19,36,34,2,0.08,1.8,,
3182,Nicolás Tagliafico,ar ARG,DF,Lyon,fr Ligue 1,32,1992,20,1310,66,42.8,14.6,14,85,8,6,20,6,1.55,21,15,6,0.41,0.05,,
3183,Jonathan Tah,de GER,DF,Bayern Munich,de Bundesliga,29,1996,28,2018,72,65.9,22.4,23,85,18,5,14,5,2.61,79,23,56,2.5,-0.09,,
3184,Alain Taho,al ALB,GK,Inter,it Serie A,18,2007,0,,,,,0,,0,0,,11,,,,,,,,
3185,Kōta Takai,jp JPN,DF,Gladbach,de Bundesliga,20,2004,8,342,43,11.2,3.8,3,90,3,5,14,5,0.75,2,10,-8,-2.11,-2.01,,
3186,Kōta Takai,jp JPN,DF,Tottenham,eng Premier League,20,2004,0,,,,,0,,0,0,,1,,,,,,,,
3187,Chemsdine Talbi,ma MAR,MFFW,Sunderland,eng Premier League,20,2005,28,1561,56,45.6,17.3,16,78,2,12,26,3,1.46,23,14,9,0.52,1.25,,
3188,Montassar Talbi,tn TUN,DF,Lorient,fr Ligue 1,27,1998,29,2610,90,85.3,29,29,90,29,0,,0,1.41,43,44,-1,-0.03,0.37,,
3189,Mor Talla Ndiaye,sn SEN,DF,Liverpool,eng Premier League,17,2008,0,,,,,0,,0,0,,3,,,,,,,,
3190,Yassin Tallal,es ESP,MF,Getafe,es La Liga,20,2005,0,,,,,0,,0,0,,1,,,,,,,,
3191,Adrien Tameze,cm CMR,DF,Torino,it Serie A,31,1994,24,1120,47,32.7,12.4,12,77,5,12,17,13,1.13,13,26,-13,-1.04,-0.81,,
3192,Ao Tanaka,jp JPN,MF,Leeds United,eng Premier League,26,1998,28,1315,47,38.5,14.6,14,75,0,14,19,9,1.43,22,21,1,0.07,0.41,,
3193,Sander Tangvik,no NOR,GK,Hamburger SV,de Bundesliga,22,2002,1,90,90,2.9,1,1,90,1,0,,15,1,1,1,0,0,0.42,,
3194,Axel Tapé,fr FRA,MFDF,Leverkusen,de Bundesliga,17,2007,6,222,37,7.3,2.5,2,63,0,4,24,10,2,8,4,4,1.62,1.08,,
3195,Edmond Tapsoba,bf BFA,DF,Leverkusen,de Bundesliga,26,1999,29,2575,89,84.2,28.6,29,89,28,0,,0,1.79,60,38,22,0.77,0.95,,
3196,James Tarkowski,eng ENG,DF,Everton,eng Premier League,32,1992,37,3330,90,97.4,37,37,90,37,0,,0,1.32,47,48,-1,-0.03,1.97,,
3197,Rouven Tarnutzer,ch SUI,FW,Freiburg,de Bundesliga,18,2007,1,7,7,0.2,0.1,0,,0,1,7,2,0,0,1,-1,-12.86,-12.71,,
3198,César Tárrega,es ESP,DF,Valencia,es La Liga,23,2002,32,2598,81,76,28.9,29,88,28,3,16,4,1.34,35,41,-6,-0.21,0.12,,
3199,Charlie Tasker,eng ENG,DF,Brighton,eng Premier League,19,2006,0,,,,,0,,0,0,,1,,,,,,,,
3200,Tylel Tati,fr FRA,DF,Nantes,fr Ligue 1,17,2008,20,1721,86,57.9,19.1,20,86,17,0,,2,0.7,19,37,-18,-0.94,-0.58,,
3201,Nuno Tavares,pt POR,DF,Lazio,it Serie A,25,2000,23,1473,64,43.1,16.4,17,81,11,6,15,10,1.35,20,18,2,0.12,0.17,,
3202,Marcus Tavernier,eng ENG,MF,Bournemouth,eng Premier League,26,1999,34,2731,80,79.9,30.3,31,86,15,3,24,0,1.38,45,44,1,0.03,-0.36,,
3203,Kenneth Taylor,nl NED,MF,Lazio,it Serie A,23,2002,17,1394,82,40.8,15.5,17,82,8,0,,1,1.53,14,17,-3,-0.19,-0.37,,
3204,Loum Tchaouna,fr FRA,MFFW,Burnley,eng Premier League,21,2003,29,1272,44,37.2,14.1,14,71,2,15,18,9,0.41,13,24,-11,-0.78,0.31,,
3205,Jackson Tchatchoua,cm CMR,MFDF,Wolves,eng Premier League,23,2001,31,1845,60,53.9,20.5,19,82,14,12,24,6,0.55,17,37,-20,-0.98,0.22,,
3206,Aurélien Tchouaméni,fr FRA,MF,Real Madrid,es La Liga,25,2000,33,2615,79,76.5,29.1,31,83,20,2,16,1,2.33,57,26,31,1.07,-0.16,,
3207,Alex Teixeira,fr FRA,GK,Le Havre,fr Ligue 1,18,2007,0,,,,,0,,0,0,,1,,,,,,,,
3208,Mathys Tel,fr FRA,MFFW,Tottenham,eng Premier League,20,2005,31,1349,44,39.4,15,13,78,3,18,19,7,1,26,23,3,0.2,0.72,,
3209,Nathan Tella,ng NGA,MF,Leverkusen,de Bundesliga,26,1999,17,868,51,28.4,9.6,10,75,0,7,17,0,1.59,23,17,6,0.62,0.01,,
3210,Nahuel Tenaglia,ar ARG,DF,Alavés,es La Liga,29,1996,36,3239,90,94.7,36,36,90,35,0,,2,1.08,41,53,-12,-0.33,-0.33,,
3211,Arnau Tenas,es ESP,GK,Villarreal,es La Liga,24,2001,10,900,90,26.3,10,10,90,10,0,,26,1.5,21,16,5,0.5,-0.25,,
3212,Marc-André ter Stegen,de GER,GK,Barcelona,es La Liga,33,1992,0,,,,,0,,0,0,,4,,,,,,,,
3213,Marc-André ter Stegen,de GER,GK,Girona,es La Liga,33,1992,2,180,90,5.3,2,2,90,2,0,,0,0.5,1,2,-1,-0.5,-0.08,,
3214,Filippo Terracciano,it ITA,DF,Cremonese,it Serie A,22,2003,36,3011,84,88,33.5,33,89,28,3,29,0,0.94,28,45,-17,-0.51,1.25,,
3215,Pietro Terracciano,it ITA,GK,Milan,it Serie A,35,1990,2,125,63,3.7,1.4,1,90,1,1,35,34,3,4,0,4,2.88,2.5,,
3216,Ramón Terrats,es ESP,MF,Espanyol,es La Liga,24,2000,29,1030,36,30.1,11.4,12,63,0,17,16,5,1.03,10,21,-11,-0.96,-0.92,,
3217,Martin Terrier,fr FRA,MFFW,Leverkusen,de Bundesliga,28,1997,18,675,38,22.1,7.5,7,63,0,11,22,3,1.61,15,12,3,0.4,-0.28,,
3218,Tanner Tessmann,us USA,MF,Lyon,fr Ligue 1,23,2001,29,1953,67,63.8,21.7,22,82,14,7,21,0,1.86,32,21,11,0.51,0.34,,
3219,Kenny Tete,nl NED,DF,Fulham,eng Premier League,29,1995,22,1791,81,52.4,19.9,21,85,15,1,8,6,1.55,24,24,0,0,0.22,,
3220,Jordan Teze,nl NED,MFDF,Monaco,fr Ligue 1,25,1999,33,2489,75,81.3,27.7,28,83,18,5,35,1,1.55,52,44,8,0.29,0.6,,
3221,Florian Thauvin,fr FRA,MF,Lens,fr Ligue 1,32,1993,33,2443,74,79.8,27.1,29,80,6,4,31,0,2.03,53,27,26,0.96,0.23,,
3222,Arthur Theate,be BEL,DF,Frankfurt,de Bundesliga,25,2000,24,2141,89,70,23.8,24,89,21,0,,4,1.29,46,52,-6,-0.25,-0.45,,
3223,Igor Thiago,br BRA,FW,Brentford,eng Premier League,24,2001,38,3282,86,96,36.5,37,88,30,1,31,0,1.39,52,49,3,0.08,0.08,,
3224,Aliou Thiaré,sn SEN,DF,Le Havre,fr Ligue 1,21,2003,0,,,,,0,,0,0,,1,,,,,,,,
3225,Malick Thiaw,de GER,DF,Newcastle,eng Premier League,23,2001,35,2965,85,86.7,32.9,33,88,31,2,24,3,1.26,47,52,-5,-0.15,-0.75,,
3226,Jan Thielmann,de GER,MFFW,Köln,de Bundesliga,23,2002,26,1540,59,50.3,17.1,20,72,4,6,18,1,1.04,22,31,-9,-0.53,-0.23,,
3227,Adrien Thomasson,fr FRA,MF,Lens,fr Ligue 1,31,1993,32,2683,84,87.7,29.8,31,86,22,1,30,0,2,56,33,23,0.77,-1.14,,
3228,Morten Thorsby,no NOR,MF,Genoa,it Serie A,29,1996,13,731,56,21.4,8.1,8,79,3,5,20,10,1.31,14,13,1,0.12,0.49,,
3229,Morten Thorsby,no NOR,MF,Cremonese,it Serie A,29,1996,11,643,58,18.8,7.1,8,74,4,3,17,2,0.91,4,12,-8,-1.12,-0.57,,
3230,Kristian Thorstvedt,no NOR,MF,Sassuolo,it Serie A,26,1999,32,2460,77,71.9,27.3,27,86,24,5,26,0,1.5,39,36,3,0.11,0.77,,
3231,Khéphren Thuram,fr FRA,MF,Juventus,it Serie A,24,2001,35,2442,70,71.4,27.1,30,77,14,5,25,1,1.8,49,25,24,0.88,0.61,,
3232,Marcus Thuram,fr FRA,FW,Inter,it Serie A,27,1997,29,1900,66,55.6,21.1,24,75,6,5,22,2,2.41,47,19,28,1.33,-0.21,,
3233,Jim Thwaites,eng ENG,MF,Manchester Utd,eng Premier League,17,2007,0,,,,,0,,0,0,,1,,,,,,,,
3234,Cheikh Tidiane Sabaly,sn SEN,MFFW,Metz,fr Ligue 1,26,1999,14,967,69,31.6,10.7,12,79,6,2,13,0,0.79,8,24,-16,-1.49,-0.29,,
3235,Youri Tielemans,be BEL,MF,Aston Villa,eng Premier League,28,1997,25,1862,74,54.4,20.7,21,85,14,4,21,0,1.88,32,27,5,0.24,0.13,,
3236,Phillip Tietz,de GER,FW,Augsburg,de Bundesliga,28,1997,10,198,20,6.5,2.2,0,,0,10,20,4,0.5,3,2,1,0.45,0.99,,
3237,Phillip Tietz,de GER,FW,Mainz 05,de Bundesliga,28,1997,19,1610,85,52.6,17.9,19,85,9,0,,0,1.68,30,22,8,0.45,1.5,,
3238,Edoardo Tigani,it ITA,MF,Parma,it Serie A,19,2006,0,,,,,0,,0,0,,3,,,,,,,,
3239,Malik Tillman,us USA,MF,Leverkusen,de Bundesliga,23,2002,29,1674,58,54.7,18.6,18,79,7,11,22,0,1.79,31,25,6,0.32,-0.65,,
3240,Jurriën Timber,nl NED,DF,Arsenal,eng Premier League,24,2001,30,2454,82,71.8,27.3,28,85,23,2,34,0,2.23,51,20,31,1.14,-0.07,,
3241,Quinten Timber,nl NED,MF,Marseille,fr Ligue 1,24,2001,15,1105,74,36.1,12.3,14,78,4,1,9,0,1.6,14,16,-2,-0.16,-1.08,,
3242,Adama Timera,fr FRA,DF,Espanyol,es La Liga,20,2005,0,,,,,0,,0,0,,4,,,,,,,,
3243,Jean-Clair Todibo,fr FRA,DF,West Ham,eng Premier League,25,1999,23,1814,79,53,20.2,22,82,16,1,1,7,1,25,36,-11,-0.55,-0.1,,
3244,Umut Tohumcu,de GER,MF,Hoffenheim,de Bundesliga,20,2004,5,136,27,4.4,1.5,1,58,0,4,20,10,0.8,1,4,-3,-1.99,-2.48,,
3245,Corentin Tolisso,fr FRA,MF,Lyon,fr Ligue 1,30,1994,30,2302,77,75.2,25.6,26,84,17,4,31,0,1.6,42,32,10,0.39,0.03,,
3246,Jeremy Toljan,de GER,DF,Levante,es La Liga,30,1994,37,3164,86,92.5,35.2,37,86,28,0,,0,1.14,44,56,-12,-0.34,0.36,,
3247,Tiago Tomás,pt POR,MFFW,Stuttgart,de Bundesliga,23,2002,27,1020,38,33.3,11.3,10,70,0,17,19,0,1.81,27,23,4,0.35,-0.44,,
3248,Bodin Tomašević,me MNE,DF,Bologna,it Serie A,19,2006,0,,,,,0,,0,0,,3,,,,,,,,
3249,Fikayo Tomori,eng ENG,DF,Milan,it Serie A,27,1997,33,2554,77,74.7,28.4,31,82,20,2,13,3,2.03,37,21,16,0.56,0.36,,
3250,Sandro Tonali,it ITA,MF,Newcastle,eng Premier League,25,2000,35,2534,72,74.1,28.2,31,80,16,4,12,0,1.31,32,37,-5,-0.18,-0.48,,
3251,Giacomo Toniolo,it ITA,GK,Hellas Verona,it Serie A,21,2004,0,,,,,0,,0,0,,34,,,,,,,,
3252,Luka Topalović,si SVN,MF,Inter,it Serie A,19,2006,1,10,10,0.3,0.1,0,,0,1,10,1,1,1,0,1,9,7.6,,
3253,Keke Topp,de GER,FW,Werder Bremen,de Bundesliga,21,2004,20,638,32,20.8,7.1,7,65,1,13,14,7,0.9,9,10,-1,-0.14,0.68,,
3254,Noel Törnqvist,se SWE,GK,Como,it Serie A,23,2002,0,,,,,0,,0,0,,21,,,,,,,,
3255,Pablo Torre,es ESP,MFFW,Mallorca,es La Liga,22,2003,35,1599,46,46.8,17.8,19,69,1,16,18,3,1.09,23,27,-4,-0.23,0.07,,
3256,Nil Torreguitart,es ESP,GK,Mallorca,es La Liga,23,2001,0,,,,,0,,0,0,,4,,,,,,,,
3257,Jofre Torrents,es ESP,DF,Barcelona,es La Liga,18,2007,3,50,17,1.5,0.6,0,,0,3,17,11,3,3,2,1,1.8,0.25,,
3258,Ferran Torres,es ESP,FW,Barcelona,es La Liga,25,2000,33,1965,60,57.5,21.8,23,74,5,10,27,2,2.39,50,20,30,1.37,-0.42,,
3259,Pau Torres,es ESP,DF,Aston Villa,eng Premier League,28,1997,21,1676,80,49,18.6,18,88,15,3,31,11,1.9,28,19,9,0.48,0.59,,
3260,Lorenzo Torriani,it ITA,GK,Milan,it Serie A,20,2005,0,,,,,0,,0,0,,16,,,,,,,,
3261,Lucas Torró,es ESP,MF,Osasuna,es La Liga,31,1994,34,2293,67,67,25.5,31,73,12,3,10,2,0.97,24,37,-13,-0.51,-1.07,,
3262,Jordan Torunarigha,de GER,DF,Hamburger SV,de Bundesliga,27,1997,24,1962,82,64.1,21.8,21,88,16,3,35,5,1.08,23,35,-12,-0.55,-0.39,,
3263,Alex Tóth,hu HUN,MF,Bournemouth,eng Premier League,19,2005,9,140,16,4.1,1.6,2,57,0,7,4,7,2.33,3,3,0,0,-0.11,,
3264,Abdoulaye Touré,gn GUI,MF,Le Havre,fr Ligue 1,31,1994,11,740,67,24.2,8.2,8,83,4,3,26,0,1.18,6,8,-2,-0.24,0.14,,
3265,Alpha Touré,sn SEN,MF,Metz,fr Ligue 1,19,2006,30,1606,54,52.5,17.8,16,81,7,14,22,2,0.53,15,37,-22,-1.23,0.13,,
3266,Bazoumana Touré,ci CIV,MFFW,Hoffenheim,de Bundesliga,19,2006,30,2308,77,75.4,25.6,29,79,10,1,27,3,1.7,49,44,5,0.19,-0.76,,
3267,Idrissa Touré,de GER,MF,Pisa,it Serie A,27,1998,32,2279,71,66.6,25.3,26,83,19,6,19,4,0.53,17,46,-29,-1.15,0.12,,
3268,Ilane Touré,fr FRA,MF,Monaco,fr Ligue 1,18,2006,2,35,18,1.1,0.4,0,,0,2,18,6,0,0,2,-2,-5.14,-5.38,,
3269,Ousmane Toure,fr FRA,DF,Lille,fr Ligue 1,20,2005,1,51,51,1.7,0.6,1,51,0,0,,0,1,2,2,0,0,-0.45,,
3270,Souleymane Touré,fr FRA,DF,Lorient,fr Ligue 1,22,2003,1,29,29,0.9,0.3,0,,0,1,29,1,3,3,0,3,9.31,9.49,,
3271,Lucas Tousart,fr FRA,MFDF,Brest,fr Ligue 1,28,1997,24,834,35,27.3,9.3,9,67,0,15,16,3,1.21,8,17,-9,-0.97,-0.85,,
3272,Nicolas Trabucchi,it ITA,DF,Parma,it Serie A,17,2007,0,,,,,0,,0,0,,13,,,,,,,,
3273,James Trafford,eng ENG,GK,Manchester City,eng Premier League,22,2002,4,360,90,10.5,4,4,90,4,0,,34,0.75,6,6,0,0,-1.24,,
3274,Mattéo Tramoni,fr FRA,MFFW,Pisa,it Serie A,25,2000,27,1600,59,46.8,17.8,21,71,4,6,19,6,0.56,15,35,-20,-1.13,0.11,,
3275,Adama Traoré,es ESP,FWMF,West Ham,eng Premier League,29,1996,9,121,13,3.5,1.3,0,,0,9,13,3,1.22,1,5,-4,-2.98,-2.57,,
3276,Adama Traoré,es ESP,MF,Fulham,eng Premier League,29,1996,15,274,18,8,3,1,75,0,14,14,6,1.2,4,7,-3,-0.99,-0.96,,
3277,Bertrand Traoré,bf BFA,MFFW,Sunderland,eng Premier League,29,1995,12,632,53,18.5,7,9,64,0,3,19,4,1.75,7,9,-2,-0.28,-0.16,,
3278,Boubacar Traoré,ml MLI,MF,Metz,fr Ligue 1,23,2001,20,1387,69,45.3,15.4,16,82,6,4,19,0,0.5,13,32,-19,-1.23,0.11,,
3279,Hamari Traoré,ml MLI,DF,Paris FC,fr Ligue 1,33,1992,18,1150,64,37.6,12.8,14,78,6,4,14,1,1.28,19,17,2,0.16,0.39,,
3280,Hamari Traoré,ml MLI,DF,Real Sociedad,es La Liga,33,1992,0,,,,,0,,0,0,,2,,,,,,,,
3281,Omar Traoré,de GER,DFMF,Heidenheim,de Bundesliga,27,1998,26,1501,58,49.1,16.7,16,78,8,10,26,7,0.65,21,41,-20,-1.2,-0.56,,
3282,Kevin Trapp,de GER,GK,Paris FC,fr Ligue 1,35,1990,22,1980,90,64.7,22,22,90,22,0,,11,1.45,29,29,0,0,0.25,,
3283,Mark Travers,ie IRL,GK,Everton,eng Premier League,26,1999,0,,,,,0,,0,0,,37,,,,,,,,
3284,Óscar Trejo,ar ARG,MF,Rayo Vallecano,es La Liga,37,1988,7,144,21,4.2,1.6,1,65,0,6,13,25,0.88,3,3,0,0,0.08,,
3285,Yael Trepy,,FW,Cagliari,it Serie A,,,8,91,11,2.7,1,0,,0,8,11,13,0.25,2,1,1,0.99,1.37,,
3286,Mike Trésor,be BEL,FWMF,Burnley,eng Premier League,26,1999,6,43,7,1.3,0.5,0,,0,6,7,2,0.33,2,2,0,0,0.99,,
3287,Philipp Treu,de GER,DFMF,Freiburg,de Bundesliga,24,2000,28,2186,78,71.4,24.3,24,87,18,4,27,4,1.32,33,38,-5,-0.21,-0.1,,
3288,Christopher Trimmel,at AUT,MFDF,Union Berlin,de Bundesliga,38,1987,29,1861,64,60.8,20.7,22,75,6,7,30,4,1.24,29,31,-2,-0.1,0.8,,
3289,Kieran Trippier,eng ENG,DF,Newcastle,eng Premier League,34,1990,21,1586,76,46.4,17.6,18,84,11,3,23,8,1.05,22,27,-5,-0.28,-0.43,,
3290,Pol Tristán,es ESP,GK,Espanyol,es La Liga,23,2002,0,,,,,0,,0,0,,17,,,,,,,,
3291,Mariano Troilo,ar ARG,DF,Parma,it Serie A,22,2003,21,1625,77,47.5,18.1,18,85,14,3,31,12,1.09,14,26,-12,-0.66,-0.36,,
3292,Leandro Trossard,be BEL,FWMF,Arsenal,eng Premier League,30,1994,31,2000,65,58.5,22.2,21,81,5,10,30,3,2.23,42,15,27,1.22,0.14,,
3293,Adrien Truffert,fr FRA,DF,Bournemouth,eng Premier League,23,2001,38,3379,89,98.8,37.5,38,89,36,0,,0,1.5,58,51,7,0.19,6.77,,
3294,Paul Tschernuth,at AUT,GK,Heidenheim,de Bundesliga,23,2002,0,,,,,0,,0,0,,1,,,,,,,,
3295,Kostas Tsimikas,gr GRE,MF,Roma,it Serie A,29,1996,18,644,36,18.8,7.2,6,68,1,12,20,17,1.61,8,7,1,0.14,-0.74,,
3296,Heorhii Tsitaishvili,ge GEO,MFDF,Metz,fr Ligue 1,24,2000,33,2449,74,80,27.2,28,84,16,5,19,0,0.48,25,59,-34,-1.25,0.22,,
3297,Viktor Tsyhankov,ua UKR,MFFW,Girona,es La Liga,27,1997,32,2630,82,76.9,29.2,31,84,18,1,28,0,1.09,29,39,-10,-0.34,0.34,,
3298,Axel Tuanzebe,cd COD,DF,Burnley,eng Premier League,27,1997,14,1201,86,35.1,13.3,14,86,12,0,,0,0.71,16,26,-10,-0.75,0.35,,
3299,Kareem Tunde,es ESP,MF,Levante,es La Liga,19,2005,21,1133,54,33.1,12.6,17,64,2,4,11,0,1.38,15,20,-5,-0.4,-0.04,,
3300,Stefano Turati,it ITA,GK,Sassuolo,it Serie A,23,2001,6,532,89,15.6,5.9,6,89,5,0,,25,1.17,6,7,-1,-0.17,-0.08,,
3301,Beñat Turrientes,es ESP,MF,Real Sociedad,es La Liga,23,2002,27,1348,50,39.4,15,16,70,4,11,21,10,1.33,24,21,3,0.2,0.42,,
3302,Timur Tuterov,ua UKR,MF,Sunderland,eng Premier League,20,2005,0,,,,,0,,0,0,,4,,,,,,,,
3303,Harry Tyrer,eng ENG,GK,Everton,eng Premier League,23,2001,0,,,,,0,,0,0,,1,,,,,,,,
3304,Stefanos Tzimas,gr GRE,FW,Brighton,eng Premier League,19,2006,9,139,15,4.1,1.5,1,23,0,8,15,2,1.56,7,2,5,3.24,3.21,,
3305,Christantus Uche,ng NGA,FW,Crystal Palace,eng Premier League,22,2003,14,173,12,5.1,1.9,0,,0,14,12,11,0.64,3,4,-1,-0.52,-0.27,,
3306,Christantus Uche,ng NGA,FW,Getafe,es La Liga,22,2003,3,270,90,7.9,3,3,90,3,0,,0,2,4,4,0,0,0.17,,
3307,Destiny Udogie,it ITA,DFMF,Tottenham,eng Premier League,22,2002,20,1338,67,39.1,14.9,14,83,7,6,29,1,1,18,25,-7,-0.47,-0.38,,
3308,Matthieu Udol,fr FRA,MFDF,Lens,fr Ligue 1,29,1996,34,3002,88,98.1,33.4,33,90,30,1,45,0,2.06,62,35,27,0.81,-5.4,,
3309,Manuel Ugarte,uy URU,MF,Manchester Utd,eng Premier League,24,2001,22,887,40,25.9,9.9,8,80,3,14,17,15,1.55,12,23,-11,-1.12,-2.18,,
3310,Chibuike Ugochukwu,fr FRA,MF,Rennes,fr Ligue 1,17,2008,0,,,,,0,,0,0,,1,,,,,,,,
3311,Lesley Ugochukwu,fr FRA,MF,Burnley,eng Premier League,21,2004,35,2336,67,68.3,26,27,78,5,8,29,2,0.6,28,50,-22,-0.85,0.4,,
3312,Filip Ugrinic,ch SUI,MF,Valencia,es La Liga,26,1999,27,1504,56,44,16.7,17,74,3,10,24,4,1.3,18,24,-6,-0.36,-0.22,,
3313,Lukas Ullrich,de GER,DFMF,Gladbach,de Bundesliga,21,2004,23,1305,57,42.6,14.5,14,79,5,9,22,11,0.78,19,29,-10,-0.69,-0.64,,
3314,Sven Ulreich,de GER,GK,Bayern Munich,de Bundesliga,36,1988,1,90,90,2.9,1,1,90,1,0,,11,1,1,1,0,0,-2.61,,
3315,Enes Ünal,tr TUR,FW,Bournemouth,eng Premier League,28,1997,23,232,10,6.8,2.6,0,,0,23,10,4,1.65,8,3,5,1.94,1.97,,
3316,Deniz Undav,de GER,FWMF,Stuttgart,de Bundesliga,29,1996,29,2241,77,73.2,24.9,25,84,13,4,36,0,1.83,55,36,19,0.76,0.43,,
3317,Dayot Upamecano,fr FRA,DF,Bayern Munich,de Bundesliga,26,1998,24,1794,75,58.6,19.9,21,81,13,3,30,7,2.75,77,19,58,2.91,0.92,,
3318,Jan Urbich,de GER,DF,Gladbach,de Bundesliga,21,2004,3,39,13,1.3,0.4,0,,0,3,13,4,1.33,0,1,-1,-2.31,-2.01,,
3319,Jonas Urbig,de GER,GK,Bayern Munich,de Bundesliga,21,2003,14,1111,79,36.3,12.3,11,90,11,3,40,17,2.64,40,15,25,2.03,-0.79,,
3320,Can Uzun,tr TUR,MF,Frankfurt,de Bundesliga,19,2005,21,1156,55,37.8,12.8,15,68,2,6,23,2,1.19,28,27,1,0.08,0.31,,
3321,Josha Vagnoman,de GER,DFMF,Stuttgart,de Bundesliga,24,2000,27,1587,59,51.9,17.6,18,84,11,9,9,4,1.78,32,29,3,0.17,-0.99,,
3322,Victor Valdepeñas,es ESP,DF,Real Madrid,es La Liga,18,2006,1,77,77,2.3,0.9,1,77,0,0,,0,3,2,1,1,1.17,0.07,,
3323,Hákon Valdimarsson,is ISL,GK,Brentford,eng Premier League,23,2001,1,90,90,2.6,1,1,90,1,0,,37,3,4,3,1,1,0.95,,
3324,Lautaro Valenti,ar ARG,DF,Parma,it Serie A,26,1999,27,2252,83,65.8,25,25,87,23,2,39,4,1.15,19,31,-12,-0.48,-0.02,,
3325,Óscar Valentín,es ESP,MF,Rayo Vallecano,es La Liga,30,1994,33,2108,64,61.6,23.4,26,76,11,7,19,4,1.39,19,19,0,0,0.21,,
3326,Nicolás Valentini,ar ARG,DF,Hellas Verona,it Serie A,24,2001,21,1409,67,41.2,15.7,15,86,13,6,21,6,0.71,10,22,-12,-0.77,0.31,,
3327,Germán Valera,es ESP,MFDF,Elche,es La Liga,23,2002,36,2857,79,83.5,31.7,33,85,17,3,20,0,1.17,41,48,-7,-0.22,-0.06,,
3328,Emanuele Valeri,it ITA,MFDF,Parma,it Serie A,26,1998,34,2643,78,77.3,29.4,29,86,23,5,29,0,1.26,21,32,-11,-0.37,0.44,,
3329,Martin Valjent,sk SVK,DF,Mallorca,es La Liga,29,1995,37,3308,89,96.7,36.8,37,89,36,0,,0,1.05,44,56,-12,-0.33,-1.93,,
3330,Álex Valle,es ESP,DF,Como,it Serie A,21,2004,28,2026,72,59.2,22.5,23,84,18,5,17,8,1.82,34,17,17,0.76,-0.47,,
3331,Álvaro Vallés,es ESP,GK,Real Betis,es La Liga,28,1997,28,2520,90,73.7,28,28,90,28,0,,10,1.54,44,36,8,0.29,-0.01,,
3332,Mattia Valoti,it ITA,FWMF,Cremonese,it Serie A,31,1993,0,,,,,0,,0,0,,12,,,,,,,,
3333,Jean Valou,ci CIV,DF,Villarreal,es La Liga,18,2006,0,,,,,0,,0,0,,5,,,,,,,,
3334,Federico Valverde,uy URU,MFDF,Real Madrid,es La Liga,27,1998,33,2740,83,80.1,30.4,31,86,23,2,40,0,2.33,66,28,38,1.25,0.72,,
3335,Kévin Van Den Kerkhof,dz ALG,DFMF,Metz,fr Ligue 1,29,1996,0,,,,,0,,0,0,,1,,,,,,,,
3336,Ignace Van Der Brempt,be BEL,DF,Como,it Serie A,23,2002,20,931,47,27.2,10.3,11,74,4,9,13,14,2.1,20,10,10,0.97,0.03,,
3337,Virgil van Dijk,nl NED,DF,Liverpool,eng Premier League,34,1991,38,3420,90,100,38,38,90,38,0,,0,1.58,63,53,10,0.26,,,
3338,Vladyslav Vanat,ua UKR,FW,Girona,es La Liga,23,2002,27,1942,72,56.8,21.6,27,72,7,0,,0,1.37,21,26,-5,-0.23,0.44,,
3339,Jari Vandeputte,be BEL,MF,Cremonese,it Serie A,29,1996,32,1944,61,56.8,21.6,23,72,6,9,32,3,1.03,18,28,-10,-0.46,0.45,,
3340,Vanderson,br BRA,DFMF,Monaco,fr Ligue 1,24,2001,14,616,44,20.1,6.8,7,66,2,7,22,1,1.43,9,11,-2,-0.29,-0.59,,
3341,Maarten Vandevoordt,be BEL,GK,RB Leipzig,de Bundesliga,23,2002,12,1052,88,34.4,11.7,11,90,11,1,62,22,2.17,25,15,10,0.86,0.45,,
3342,Charles Vanhoutte,be BEL,MF,Nice,fr Ligue 1,26,1998,26,1772,68,57.9,19.7,21,81,10,5,15,3,1.04,23,33,-10,-0.51,0.4,,
3343,Jamie Vardy,eng ENG,FW,Cremonese,it Serie A,38,1987,29,2105,73,61.5,23.4,24,82,15,5,29,1,0.86,19,32,-13,-0.56,0.27,,
3344,Obed Vargas,mx MEX,MF,Atlético Madrid,es La Liga,19,2005,12,740,62,21.6,8.2,8,80,5,4,24,4,1.25,12,14,-2,-0.24,-0.91,,
3345,Ruben Vargas,ch SUI,MFFW,Sevilla,es La Liga,26,1998,24,1594,66,46.6,17.7,20,74,2,4,28,0,1.17,18,27,-9,-0.51,-0.26,,
3346,Nikola Vasilj,ba BIH,GK,St Pauli,de Bundesliga,29,1995,34,3060,90,100,34,34,90,34,0,,0,0.76,29,60,-31,-0.91,,,
3347,Devis Vásquez,co COL,GK,Roma,it Serie A,27,1998,0,,,,,0,,0,0,,23,,,,,,,,
3348,Johan Vásquez,mx MEX,DF,Genoa,it Serie A,26,1998,36,3215,89,94,35.7,36,89,34,0,,2,1.11,39,49,-10,-0.28,-0.28,,
3349,Dominic Vavassori,it ITA,FW,Atalanta,it Serie A,19,2005,1,10,10,0.3,0.1,0,,0,1,10,5,1,1,0,1,9,8.63,,
3350,Denis Vavro,sk SVK,DF,Wolfsburg,de Bundesliga,29,1996,17,1176,69,38.4,13.1,13,89,11,4,5,8,0.94,16,27,-11,-0.84,-0.22,,
3351,José Luis García Vayá,es ESP,MFDF,Valencia,es La Liga,26,1998,31,2225,72,65.1,24.7,26,82,12,5,20,7,1.29,24,34,-10,-0.4,-0.48,,
3352,Robinio Vaz,fr FRA,FW,Marseille,fr Ligue 1,18,2007,14,379,27,12.4,4.2,3,59,0,11,18,2,1.86,16,6,10,2.37,2.11,,
3353,Robinio Vaz,fr FRA,FW,Roma,it Serie A,18,2007,12,216,18,6.3,2.4,0,,0,12,18,5,1.75,3,2,1,0.42,-0.34,,
3354,Franco Vázquez,ar ARG,FWMF,Cremonese,it Serie A,36,1989,15,524,35,15.3,5.8,4,74,1,11,21,5,0.93,5,11,-6,-1.03,-0.44,,
3355,Jesus Vazquez,es ESP,DFMF,Valencia,es La Liga,22,2003,24,974,41,28.5,10.8,7,87,5,17,21,14,1.38,21,18,3,0.28,0.72,,
3356,Lucas Vázquez,es ESP,MF,Leverkusen,de Bundesliga,34,1991,12,481,40,15.7,5.3,6,63,1,6,18,4,1.92,11,2,9,1.68,1.27,,
3357,Luis Vázquez,ar ARG,FW,Getafe,es La Liga,24,2001,17,1194,70,34.9,13.3,14,77,2,3,37,1,1.59,12,7,5,0.38,0.82,,
3358,Matías Vecino,uy URU,MF,Lazio,it Serie A,33,1991,13,603,46,17.6,6.7,5,73,2,8,30,2,1.62,7,4,3,0.45,0.51,,
3359,Matías Vecino,uy URU,MF,Celta Vigo,es La Liga,33,1991,6,135,23,3.9,1.5,2,57,0,4,6,4,1.33,1,3,-2,-1.33,-1.53,,
3360,Danilo Veiga,pt POR,DF,Lecce,it Serie A,22,2002,36,3020,84,88.3,33.6,33,88,29,3,41,1,1.06,25,42,-17,-0.51,0.62,,
3361,Renato Veiga,pt POR,DF,Villarreal,es La Liga,22,2003,32,2481,78,72.5,27.6,27,88,26,5,21,3,1.84,50,37,13,0.47,-0.77,,
3362,Joël Veltman,nl NED,DF,Brighton,eng Premier League,33,1992,24,1058,44,30.9,11.8,9,83,7,15,21,9,1.75,18,12,6,0.51,0.51,,
3363,Micky van de Ven,nl NED,DF,Tottenham,eng Premier League,24,2001,35,3041,87,88.9,33.8,35,87,32,0,,1,1.09,43,47,-4,-0.12,1.07,,
3364,Unai Vencedor Paris,es ESP,MF,Athletic Club,es La Liga,24,2000,0,,,,,0,,0,0,,1,,,,,,,,
3365,Unai Vencedor Paris,es ESP,MF,Levante,es La Liga,24,2000,16,812,51,23.7,9,11,67,0,5,15,9,0.88,7,16,-9,-1,-0.82,,
3366,Lorenzo Venturino,it ITA,FW,Genoa,it Serie A,19,2006,2,40,20,1.2,0.4,0,,0,2,20,19,0.5,0,0,0,0,0.27,,
3367,Lorenzo Venturino,it ITA,MF,Roma,it Serie A,19,2006,10,207,21,6.1,2.3,1,45,0,9,18,6,1.8,6,2,4,1.74,1.07,,
3368,Gioele Venuti,it ITA,GK,Udinese,it Serie A,16,2009,0,,,,,0,,0,0,,5,,,,,,,,
3369,Nikolas Veratschnig,at AUT,MFDF,Mainz 05,de Bundesliga,22,2003,21,660,31,21.6,7.3,6,67,2,15,17,8,1.1,9,13,-4,-0.55,-0.36,,
3370,Bart Verbruggen,nl NED,GK,Brighton,eng Premier League,22,2002,38,3420,90,100,38,38,90,38,0,,0,1.39,52,46,6,0.16,,,
3371,Calvin Verdonk,id IDN,DF,Lille,fr Ligue 1,28,1997,18,790,44,25.8,8.8,7,84,3,11,19,7,1.61,9,10,-1,-0.11,-0.75,,
3372,Antonio Vergara,it ITA,MF,Napoli,it Serie A,22,2003,12,612,51,17.9,6.8,8,73,1,4,8,17,2.17,11,9,2,0.29,-0.35,,
3373,Arthur Vermeeren,be BEL,MF,Marseille,fr Ligue 1,20,2005,20,828,41,27.1,9.2,10,68,4,10,15,10,1.8,11,14,-3,-0.33,-1.17,,
3374,Ioan Vermeșan,ro ROU,FW,Hellas Verona,it Serie A,18,2006,6,80,13,2.3,0.9,0,,0,6,13,7,0.33,1,1,0,0,0.97,,
3375,Théo Vermot,fr FRA,GK,Marseille,fr Ligue 1,28,1997,0,,,,,0,,0,0,,2,,,,,,,,
3376,Jozhua Vertrouwd,nl NED,DF,Rayo Vallecano,es La Liga,20,2004,9,446,50,13,5,3,87,2,6,31,22,1.33,6,9,-3,-0.61,-0.61,,
3377,Mikel Vesga,es ESP,MF,Athletic Club,es La Liga,32,1993,23,465,20,13.6,5.2,1,45,0,22,19,13,1.13,6,13,-7,-1.35,-1.11,,
3378,Giorgio Vezzosi,it ITA,DF,Sassuolo,it Serie A,19,2006,0,,,,,0,,0,0,,1,,,,,,,,
3379,Guglielmo Vicario,it ITA,GK,Tottenham,eng Premier League,28,1996,31,2790,90,81.6,31,31,90,31,0,,2,0.97,40,50,-10,-0.32,-0.47,,
3380,Carlos Vicente,es ESP,MF,Alavés,es La Liga,26,1999,21,1258,60,36.8,14,11,79,6,10,39,0,1.05,12,19,-7,-0.5,-0.29,,
3381,Nacho Vidal,es ESP,DF,Oviedo,es La Liga,30,1995,29,2263,78,66.2,25.1,27,83,16,2,16,2,0.79,18,32,-14,-0.56,1,,
3382,Fabio Vieira,pt POR,MFFW,Hamburger SV,de Bundesliga,25,2000,29,2206,76,72.1,24.5,25,84,10,4,24,0,1.14,29,36,-7,-0.29,0.45,,
3383,Tommaso Vigilati,it ITA,DF,Cremonese,it Serie A,17,2008,0,,,,,0,,0,0,,1,,,,,,,,
3384,Arthur Vignaud,fr FRA,GK,PSG,fr Ligue 1,17,2008,0,,,,,0,,0,0,,1,,,,,,,,
3385,Julián Vignolo,ar ARG,MF,Toulouse,fr Ligue 1,18,2006,13,195,15,6.6,2.2,1,45,0,12,13,20,1.15,4,4,0,0,-0.03,,
3386,Mauro Vigorito,it ITA,GK,Como,it Serie A,35,1990,0,,,,,0,,0,0,,37,,,,,,,,
3387,Marc Vilaplana,es ESP,DF,Getafe,es La Liga,22,2003,0,,,,,0,,0,0,,3,,,,,,,,
3388,Gonzalo Villar,es ESP,MF,Elche,es La Liga,27,1998,12,718,60,21,8,8,80,4,4,19,4,1.42,11,10,1,0.13,0.43,,
3389,Iván Villar,es ESP,GK,Celta Vigo,es La Liga,28,1997,0,,,,,0,,0,0,,38,,,,,,,,
3390,Federico Viñas,uy URU,FWMF,Oviedo,es La Liga,27,1998,33,2439,74,71.3,27.1,28,83,12,5,26,0,0.85,20,38,-18,-0.66,0.8,,
3391,Alessandro Vinciguerra,it ITA,FW,Cagliari,it Serie A,19,2005,0,,,,,0,,0,0,,1,,,,,,,,
3392,Giulio Vincinati,it ITA,FW,Udinese,it Serie A,17,2007,0,,,,,0,,0,0,,3,,,,,,,,
3393,Jan Virgili,es ESP,MFFW,Mallorca,es La Liga,19,2006,31,1792,58,52.4,19.9,19,79,5,12,24,0,1.13,28,31,-3,-0.15,0.24,,
3394,Mattia Viti,it ITA,MFDF,Fiorentina,it Serie A,23,2002,10,265,27,7.7,2.9,2,65,0,8,17,7,0.6,1,6,-5,-1.7,-1.58,,
3395,Martin Vitík,cz CZE,DF,Bologna,it Serie A,22,2003,19,1325,70,38.7,14.7,14,81,11,5,37,13,1.58,17,18,-1,-0.07,-0.24,,
3396,Vitinha,pt POR,MF,PSG,fr Ligue 1,25,2000,29,2119,73,69.2,23.5,24,81,18,5,35,2,2.24,50,19,31,1.32,-0.02,,
3397,Vitinha,pt POR,FWMF,Genoa,it Serie A,25,2000,35,2226,64,65.1,24.7,28,75,5,7,17,2,1.06,26,34,-8,-0.32,-0.17,,
3398,Daniel Vivian,es ESP,DF,Athletic Club,es La Liga,26,1999,31,2564,83,75,28.5,28,87,26,3,40,1,1.06,28,44,-16,-0.56,-0.67,,
3399,Odysseas Vlachodimos,gr GRE,GK,Sevilla,es La Liga,31,1994,33,2970,90,86.8,33,33,90,33,0,,3,1.18,39,52,-13,-0.39,-0.19,,
3400,Rareș Vlad,ro ROU,GK,Mallorca,es La Liga,19,2006,0,,,,,0,,0,0,,1,,,,,,,,
3401,Valeri Vladimirov,bg BUL,DF,Milan,it Serie A,17,2008,0,,,,,0,,0,0,,2,,,,,,,,
3402,Dušan Vlahović,rs SRB,FW,Juventus,it Serie A,25,2000,19,968,51,28.3,10.8,11,73,2,8,21,1,1.58,16,12,4,0.37,-0.47,,
3403,Nikola Vlašić,hr CRO,MFFW,Torino,it Serie A,27,1997,37,3043,82,89,33.8,36,84,23,1,33,0,1.19,37,57,-20,-0.59,-0.83,,
3404,Mërgim Vojvoda,xk KVX,MFDF,Como,it Serie A,30,1995,30,1591,53,46.5,17.7,19,69,4,11,26,7,1.9,33,14,19,1.07,0.24,,
3405,Cristian Volpato,au AUS,FW,Sassuolo,it Serie A,21,2003,24,1064,44,31.1,11.8,11,70,0,13,23,8,1.33,19,14,5,0.42,0.77,,
3406,Alexis Vossah,fr FRA,MF,Toulouse,fr Ligue 1,17,2008,23,1092,47,36.8,12.1,12,73,2,11,20,7,1.39,22,15,7,0.58,0.86,,
3407,Aster Vranckx,be BEL,MF,Sassuolo,it Serie A,22,2002,16,690,43,20.2,7.7,9,63,0,7,18,15,0.94,4,9,-5,-0.65,-0.69,,
3408,Stefan de Vrij,nl NED,DF,Inter,it Serie A,33,1992,11,670,61,19.6,7.4,8,82,5,3,5,27,2.45,19,8,11,1.48,0.07,,
3409,Ante Vuković,hr CRO,GK,Pisa,it Serie A,20,2004,0,,,,,0,,0,0,,1,,,,,,,,
3410,İsak Vural,tr TUR,MF,Pisa,it Serie A,19,2006,15,752,50,22,8.4,9,70,2,6,20,6,0.53,6,16,-10,-1.2,-0.02,,
3411,Luka Vušković,hr CRO,DF,Hamburger SV,de Bundesliga,18,2007,28,2442,87,79.8,27.1,27,90,26,1,13,1,1.29,35,41,-6,-0.22,0.94,,
3412,Luka Vušković,hr CRO,DF,Tottenham,eng Premier League,18,2007,0,,,,,0,,0,0,,2,,,,,,,,
3413,Yannik Wagner,de GER,FW,Heidenheim,de Bundesliga,18,2007,4,49,12,1.6,0.5,0,,0,4,12,5,0.75,3,0,3,5.51,6.53,,
3414,Elye Wahi,ci CIV,FW,Nice,fr Ligue 1,22,2003,14,922,66,30.1,10.2,11,76,2,3,30,0,0.93,11,15,-4,-0.39,0.41,,
3415,Elye Wahi,ci CIV,FW,Frankfurt,de Bundesliga,22,2003,10,324,32,10.6,3.6,3,75,0,7,14,2,1.9,7,13,-6,-1.67,-1.73,,
3416,Hauke Wahl,de GER,DF,St Pauli,de Bundesliga,31,1994,30,2592,86,84.7,28.8,29,88,28,1,27,0,0.77,25,47,-22,-0.76,0.97,,
3417,Luca Waldschmidt,de GER,FWMF,Köln,de Bundesliga,29,1996,24,677,28,22.1,7.5,7,60,0,17,15,8,0.75,17,10,7,0.93,1.72,,
3418,Kyle Walker,eng ENG,DFMF,Burnley,eng Premier League,35,1990,36,3096,86,90.5,34.4,35,88,32,1,9,1,0.61,31,66,-35,-1.02,-0.46,,
3419,Kyle Walker-Peters,eng ENG,DF,West Ham,eng Premier League,28,1997,23,1383,60,40.4,15.4,15,85,12,8,14,15,1.13,20,25,-5,-0.33,0.29,,
3420,Sebastian Walukiewicz,pl POL,DF,Sassuolo,it Serie A,25,2000,34,2852,84,83.4,31.7,33,86,27,1,22,0,1.35,37,40,-3,-0.09,0.06,,
3421,Matthias Wamu,be BEL,MF,Monaco,fr Ligue 1,16,2008,0,,,,,0,,0,0,,1,,,,,,,,
3422,Aaron Wan-Bissaka,cd COD,DFMF,West Ham,eng Premier League,27,1997,25,2081,83,60.8,23.1,23,87,19,2,36,5,0.96,27,43,-16,-0.69,-0.49,,
3423,James Ward-Prowse,eng ENG,MF,West Ham,eng Premier League,30,1994,5,413,83,12.1,4.6,5,83,2,0,,1,0.6,2,11,-9,-1.96,-1.66,,
3424,James Ward-Prowse,eng ENG,MF,Burnley,eng Premier League,30,1994,13,684,53,20,7.6,7,82,4,6,18,1,0.54,6,16,-10,-1.32,-0.43,,
3425,Ollie Watkins,eng ENG,FW,Aston Villa,eng Premier League,29,1995,37,2839,77,83,31.5,33,82,13,4,33,0,1.76,48,38,10,0.32,0.78,,
3426,Tom Watson,eng ENG,MF,Brighton,eng Premier League,19,2006,6,62,10,1.8,0.7,0,,0,6,10,5,1.33,2,2,0,0,-0.16,,
3427,Timothy Weah,us USA,MFDF,Marseille,fr Ligue 1,25,2000,29,2253,78,73.6,25,26,82,15,3,37,1,1.69,47,34,13,0.52,-0.04,,
3428,Tobias Weigel,de GER,FW,Heidenheim,de Bundesliga,18,2007,1,2,2,0.1,0,0,,0,1,2,1,0,0,0,0,0,0.91,,
3429,Nelson Weiper,de GER,FW,Mainz 05,de Bundesliga,20,2005,24,558,23,18.2,6.2,3,83,2,21,15,4,1.04,4,12,-8,-1.29,-1.25,,
3430,Max Weiß,de GER,GK,Burnley,eng Premier League,21,2004,3,270,90,7.9,3,3,90,3,0,,35,0.67,3,4,-1,-0.33,0.7,,
3431,Danny Welbeck,eng ENG,FW,Brighton,eng Premier League,34,1990,37,2258,61,66,25.1,26,79,7,11,18,0,1.41,33,28,5,0.2,0.12,,
3432,Reece Welch,eng ENG,DF,Everton,eng Premier League,21,2003,0,,,,,0,,0,0,,8,,,,,,,,
3433,Timo Werner,de GER,FWMF,RB Leipzig,de Bundesliga,29,1996,3,14,5,0.5,0.2,0,,0,3,5,1,1,0,2,-2,-12.86,-13.48,,
3434,Wesley,br BRA,MF,Real Sociedad,es La Liga,20,2005,5,88,18,2.6,1,1,45,0,4,11,11,0.8,1,4,-3,-3.07,-3.1,,
3435,Wesley,br BRA,MF,Roma,it Serie A,21,2003,30,2448,82,71.6,27.2,28,85,17,2,37,0,2,47,17,30,1.1,1.29,,
3436,Adam Wharton,eng ENG,MF,Crystal Palace,eng Premier League,21,2004,34,2552,75,74.6,28.4,29,83,15,5,30,0,1.15,33,43,-10,-0.35,-0.35,,
3437,Ben White,eng ENG,DF,Arsenal,eng Premier League,27,1997,12,702,59,20.5,7.8,9,72,4,3,19,17,1.83,10,6,4,0.51,-0.81,,
3438,Archie Whitehall,eng ENG,MF,Nottingham,eng Premier League,19,2006,0,,,,,0,,0,0,,1,,,,,,,,
3439,Jack Whittaker,eng ENG,MF,Sunderland,eng Premier League,18,2006,0,,,,,0,,0,0,,1,,,,,,,,
3440,Silvan Widmer,ch SUI,MF,Mainz 05,de Bundesliga,32,1993,27,1810,67,59.2,20.1,22,78,6,5,19,5,1.37,29,26,3,0.15,1.01,,
3441,Mats Wieffer,nl NED,DF,Brighton,eng Premier League,25,1999,26,1903,73,55.6,21.1,23,79,14,3,29,0,1.54,31,26,5,0.24,0.18,,
3442,Luca Williams Barnett,eng ENG,FW,Tottenham,eng Premier League,16,2008,0,,,,,0,,0,0,,6,,,,,,,,
3443,Iñaki Williams,gh GHA,MFFW,Athletic Club,es La Liga,31,1994,30,2157,72,63.1,24,25,78,10,5,39,0,1.2,25,34,-9,-0.38,0.05,,
3444,Neco Williams,wls WAL,DF,Nottingham,eng Premier League,24,2001,37,3204,87,93.7,35.6,36,88,33,1,46,0,1.19,45,47,-2,-0.06,0.36,,
3445,Nico Williams,es ESP,MF,Athletic Club,es La Liga,23,2002,25,1674,67,48.9,18.6,20,74,2,5,40,0,1.32,24,27,-3,-0.16,0.46,,
3446,Estêvão Willian,br BRA,MF,Chelsea,eng Premier League,18,2007,22,848,39,24.8,9.4,12,54,0,10,20,3,1.36,19,11,8,0.85,0.92,,
3447,Joe Willock,eng ENG,MF,Newcastle,eng Premier League,25,1999,24,983,41,28.7,10.9,10,70,1,14,20,13,1.46,13,18,-5,-0.46,-0.57,,
3448,Callum Wilson,eng ENG,FW,West Ham,eng Premier League,33,1992,32,1251,39,36.6,13.9,11,69,2,21,23,5,1.16,23,24,-1,-0.07,0.67,,
3449,Harry Wilson,wls WAL,MF,Fulham,eng Premier League,28,1997,36,2673,74,78.2,29.7,32,81,8,4,23,0,1.44,40,38,2,0.07,0.79,,
3450,James Wilson,sct SCO,FW,Tottenham,eng Premier League,18,2007,0,,,,,0,,0,0,,2,,,,,,,,
3451,Patrick Wimmer,at AUT,MF,Wolfsburg,de Bundesliga,24,2001,25,1621,65,53,18,21,73,3,4,24,0,1,27,32,-5,-0.28,0.91,,
3452,Jonas Wind,dk DEN,FW,Wolfsburg,de Bundesliga,26,1999,11,481,44,15.7,5.3,5,75,1,6,17,2,0.45,5,13,-8,-1.5,-0.94,,
3453,Ben Winterburn,eng ENG,MF,Bournemouth,eng Premier League,20,2004,1,7,7,0.2,0.1,0,,0,1,7,0,0,0,2,-2,-25.71,-25.87,,
3454,Florian Wirtz,de GER,MF,Liverpool,eng Premier League,22,2003,33,2378,72,69.5,26.4,27,82,9,6,27,0,1.61,38,32,6,0.23,-0.12,,
3455,Tom Wisbereit,de GER,GK,Union Berlin,de Bundesliga,17,2007,0,,,,,0,,0,0,,3,,,,,,,,
3456,Yoane Wissa,cd COD,FW,Newcastle,eng Premier League,28,1996,19,531,28,15.5,5.9,4,70,0,15,17,4,1.11,10,11,-1,-0.17,-0.14,,
3457,Axel Witsel,be BEL,MF,Girona,es La Liga,36,1989,32,2526,79,73.9,28.1,30,82,21,2,28,1,1.03,31,41,-10,-0.36,0.25,,
3458,Maximilian Wöber,at AUT,DF,Werder Bremen,de Bundesliga,27,1998,2,37,19,1.2,0.4,0,,0,2,19,3,0.5,0,0,0,0,0.68,,
3459,Marius Wolf,de GER,MF,Augsburg,de Bundesliga,30,1995,29,1019,35,33.3,11.3,12,64,1,17,15,4,1.17,17,19,-2,-0.18,0.44,,
3460,Nick Woltemade,de GER,MF,Stuttgart,de Bundesliga,23,2002,1,90,90,2.9,1,1,90,1,0,,0,0,1,2,-1,-1,-1.7,,
3461,Nick Woltemade,de GER,FWMF,Newcastle,eng Premier League,23,2002,33,1902,58,55.6,21.1,24,73,3,9,16,1,1.24,31,29,2,0.09,0.33,,
3462,Jeong Woo-yeong,kr KOR,MFFW,Union Berlin,de Bundesliga,25,1999,28,1197,43,39.1,13.3,13,69,2,15,20,2,1.21,16,22,-6,-0.45,-0.06,,
3463,Chris Wood,nz NZL,FW,Nottingham,eng Premier League,33,1991,15,901,60,26.3,10,11,74,0,4,22,0,1.13,14,14,0,0,0.11,,
3464,Freddie Woodman,eng ENG,GK,Liverpool,eng Premier League,28,1997,3,213,71,6.2,2.4,2,90,2,1,33,16,2,6,4,2,0.85,0.62,,
3465,Christopher Wooh,cm CMR,DF,Rennes,fr Ligue 1,23,2001,2,64,32,2.1,0.7,1,10,0,1,54,0,1.5,1,0,1,1.41,1.17,,
3466,Joe Worrall,eng ENG,DF,Burnley,eng Premier League,28,1997,11,500,45,14.6,5.6,5,83,4,6,14,13,0.82,10,11,-1,-0.18,0.93,,
3467,James Wright,eng ENG,GK,Aston Villa,eng Premier League,20,2004,0,,,,,0,,0,0,,8,,,,,,,,
3468,Will Wright,,FW,Liverpool,eng Premier League,,,0,,,,,0,,0,0,,4,,,,,,,,
3469,Daniel Xavier Semedo,fr FRA,MF,Lorient,fr Ligue 1,21,2003,1,11,11,0.4,0.1,0,,0,1,11,5,1,1,0,1,8.18,8.3,,
3470,Granit Xhaka,ch SUI,MF,Sunderland,eng Premier League,32,1992,34,2904,85,84.9,32.3,32,89,30,2,29,0,1.5,38,39,-1,-0.03,0.84,,
3471,Lamine Yamal,es ESP,MFFW,Barcelona,es La Liga,18,2007,28,2262,81,66.1,25.1,26,85,16,2,29,0,2.61,62,23,39,1.55,0,,
3472,Daniel Yáñez,es ESP,MF,Real Madrid,es La Liga,18,2007,2,47,24,1.4,0.5,0,,0,2,24,1,3,3,1,2,3.83,2.76,,
3473,Roman Yaremchuk,ua UKR,FW,Lyon,fr Ligue 1,29,1995,11,561,51,18.3,6.2,5,74,0,6,32,1,1.36,12,9,3,0.48,0.12,,
3474,Yehor Yarmoliuk,ua UKR,MF,Brentford,eng Premier League,21,2004,37,2659,72,77.7,29.5,30,83,15,7,26,0,1.41,42,42,0,0,-0.35,,
3475,Gessime Yassine,ma MAR,MF,Strasbourg,fr Ligue 1,19,2005,12,510,43,16.7,5.7,6,72,2,6,13,5,1.58,8,9,-1,-0.18,-0.6,,
3476,Ryan Yates,eng ENG,MF,Nottingham,eng Premier League,27,1997,22,617,28,18,6.9,2,77,1,20,23,10,1.45,14,7,7,1.02,1.34,,
3477,Terry Yegbe,gh GHA,DF,Metz,fr Ligue 1,24,2001,24,1963,82,64.2,21.8,22,87,18,2,30,8,0.58,24,51,-27,-1.24,0.16,,
3478,Bertuğ Yıldırım,tr TUR,FW,Rennes,fr Ligue 1,23,2002,1,3,3,0.1,0,0,,0,1,3,2,1,0,0,0,0,-0.26,,
3479,Kenan Yıldız,tr TUR,MFFW,Juventus,it Serie A,20,2005,36,2825,78,82.6,31.4,33,83,12,3,25,1,1.81,49,26,23,0.73,0.13,,
3480,Angel Yondjo Matah,cm CMR,FW,Lille,fr Ligue 1,18,2007,0,,,,,0,,0,0,,1,,,,,,,,
3481,Darlin Yongwa,cm CMR,DFMF,Lorient,fr Ligue 1,24,2000,23,1312,57,42.9,14.6,14,84,12,9,15,4,1.04,18,20,-2,-0.14,-0.09,,
3482,Leny Yoro,fr FRA,DF,Manchester Utd,eng Premier League,19,2005,32,1740,54,50.9,19.3,18,82,9,14,20,5,1.72,28,33,-5,-0.26,-1.54,,
3483,Mousslim Youssouf,km COM,DF,Nice,fr Ligue 1,19,2006,0,,,,,0,,0,0,,1,,,,,,,,
3484,Ali Yousuf,ly LBY,DF,Nantes,fr Ligue 1,24,2001,13,969,75,32.6,10.8,10,89,9,3,27,3,0.69,6,15,-9,-0.84,-0.21,,
3485,Etienne Youte Kinkoue,fr FRA,DFMF,Le Havre,fr Ligue 1,23,2002,9,419,47,13.7,4.7,4,87,3,5,14,12,1.33,5,8,-3,-0.64,-0.34,,
3486,Illia Zabarnyi,ua UKR,DF,PSG,fr Ligue 1,22,2002,28,2387,85,78,26.5,26,89,25,2,34,4,2.25,57,25,32,1.21,-0.53,,
3487,Yassir Zabiri,ma MAR,MF,Rennes,fr Ligue 1,20,2005,6,48,8,1.6,0.5,0,,0,6,8,6,1.67,1,0,1,1.87,1.64,,
3488,Mattia Zaccagni,it ITA,FW,Lazio,it Serie A,30,1995,26,2104,81,61.5,23.4,26,81,15,0,,1,1.42,20,21,-1,-0.04,-0.18,,
3489,Gioele Zacchi,it ITA,GK,Sassuolo,it Serie A,22,2003,1,8,8,0.2,0.1,0,,0,1,8,33,0,0,0,0,0,0.11,,
3490,Yvan Zaddy,ci CIV,MF,Auxerre,fr Ligue 1,19,2006,1,1,1,0,0,0,,0,1,1,9,3,0,1,-1,-90,-89.74,,
3491,Dan-Axel Zagadou,fr FRA,DF,Stuttgart,de Bundesliga,26,1999,3,209,70,6.8,2.3,3,70,1,0,,8,2.33,4,4,0,0,-0.69,,
3492,Stephan Zagadou,fr FRA,DF,Le Havre,fr Ligue 1,16,2008,8,495,62,16.2,5.5,6,77,1,2,16,7,1.38,4,5,-1,-0.18,0.2,,
3493,Warren Zaïre-Emery,fr FRA,DFMF,PSG,fr Ligue 1,19,2006,32,2447,76,80,27.2,27,83,18,5,39,0,2.19,60,23,37,1.36,0.19,,
3494,Denis Zakaria,ch SUI,DFMF,Monaco,fr Ligue 1,28,1996,24,2031,85,66.4,22.6,23,88,19,1,12,0,1.67,40,32,8,0.35,0.53,,
3495,Arsen Zakharyan,ru RUS,MF,Real Sociedad,es La Liga,22,2003,17,458,27,13.4,5.1,3,59,0,14,20,15,1,11,13,-2,-0.39,-0.39,,
3496,Nicola Zalewski,pl POL,MF,Atalanta,it Serie A,23,2002,33,1897,57,55.5,21.1,24,69,5,9,28,3,1.64,29,13,16,0.76,0.82,,
3497,Nicolò Zaniolo,it ITA,FWMF,Udinese,it Serie A,26,1999,32,2257,71,66,25.1,28,77,10,4,23,0,1.34,29,27,2,0.08,0.47,,
3498,Alessandro Zanoli,it ITA,MF,Udinese,it Serie A,24,2000,19,1280,67,37.4,14.2,16,75,1,3,26,1,1.16,16,18,-2,-0.14,-0.1,,
3499,Alessandro Zanoli,it ITA,MF,Napoli,it Serie A,24,2000,0,,,,,0,,0,0,,1,,,,,,,,
3500,Duván Zapata,co COL,FW,Torino,it Serie A,34,1991,28,1103,39,32.3,12.3,11,66,1,17,22,5,1.18,21,22,-1,-0.08,0.62,,
3501,Gabriele Zappa,it ITA,DFMF,Cagliari,it Serie A,25,1999,31,1597,52,46.7,17.7,18,77,10,13,16,4,1.03,19,27,-8,-0.45,-0.2,,
3502,Davide Zappacosta,it ITA,MF,Atalanta,it Serie A,33,1992,35,2569,73,75.1,28.5,30,79,15,5,37,3,1.54,41,24,17,0.6,0.81,,
3503,Bryan Zaragoza,es ESP,MF,Roma,it Serie A,23,2001,4,135,34,3.9,1.5,2,50,0,2,18,7,2,2,2,0,0,-0.77,,
3504,Bryan Zaragoza,es ESP,FWMF,Celta Vigo,es La Liga,23,2001,19,1131,60,33.1,12.6,13,76,4,6,24,2,1.47,16,12,4,0.32,0.28,,
3505,Oier Zarraga,es ESP,MF,Udinese,it Serie A,26,1999,24,475,20,13.9,5.3,2,83,1,22,14,14,1.71,5,10,-5,-0.95,-1.01,,
3506,Nils Zätterström,se SWE,DF,Genoa,it Serie A,20,2005,3,181,60,5.3,2,2,90,2,1,1,14,1.33,0,1,-1,-0.5,-0.25,,
3507,Aaron Zehnter,de GER,DFMF,Wolfsburg,de Bundesliga,20,2004,20,1456,73,47.6,16.2,17,85,10,3,3,8,1.1,23,29,-6,-0.37,0.64,,
3508,Bartosz Zelazowski,pl POL,GK,Nice,fr Ligue 1,20,2005,0,,,,,0,,0,0,,3,,,,,,,,
3509,Radek Żelezny,pl POL,GK,Roma,it Serie A,18,2006,0,,,,,0,,0,0,,8,,,,,,,,
3510,Jordan Zemura,zw ZIM,MFDF,Udinese,it Serie A,25,1999,17,1127,66,33,12.5,13,81,8,4,19,8,1.12,14,16,-2,-0.16,-0.12,,
3511,Robin Zentner,de GER,GK,Mainz 05,de Bundesliga,30,1994,10,876,88,28.6,9.7,10,88,9,0,,3,0.6,9,14,-5,-0.51,-0.35,,
3512,Alessio Zerbin,it ITA,MF,Cremonese,it Serie A,26,1999,32,1646,51,48.1,18.3,17,73,3,15,27,2,0.88,11,24,-13,-0.71,-0.1,,
3513,Cedric Zesiger,ch SUI,DF,Augsburg,de Bundesliga,27,1998,27,1816,67,59.3,20.2,20,85,17,7,16,4,1.38,26,40,-14,-0.69,-0.55,,
3514,Michael Zetterer,de GER,GK,Frankfurt,de Bundesliga,30,1995,22,1976,90,64.6,22,21,90,21,1,86,12,1.55,34,33,1,0.05,0.46,,
3515,Edon Zhegrova,xk KVX,MF,Lille,fr Ligue 1,26,1999,0,,,,,0,,0,0,,1,,,,,,,,
3516,Edon Zhegrova,xk KVX,MF,Juventus,it Serie A,26,1999,19,382,20,11.2,4.2,0,,0,19,20,15,1.47,10,4,6,1.41,0.79,,
3517,Sacha Ziani,fr FRA,MF,Nantes,fr Ligue 1,21,2003,0,,,,,0,,0,0,,6,,,,,,,,
3518,Ron-Robert Zieler,de GER,GK,Köln,de Bundesliga,36,1989,0,,,0,0,0,,0,0,,33,1,3,3,0,,,,
3519,Piotr Zieliński,pl POL,MF,Inter,it Serie A,31,1994,34,2045,60,59.8,22.7,22,80,11,12,23,4,2.21,55,26,29,1.28,-0.36,,
3520,Oleksandr Zinchenko,ua UKR,DF,Nottingham,eng Premier League,28,1996,5,353,71,10.3,3.9,4,86,3,1,10,3,0.2,1,6,-5,-1.27,-1.33,,
3521,Melvin Zinga,fr FRA,GK,Angers,fr Ligue 1,23,2002,3,222,74,7.3,2.5,2,90,2,1,42,21,0.33,3,5,-2,-0.81,-0.27,,
3522,Leopold Zingerle,de GER,GK,RB Leipzig,de Bundesliga,31,1994,0,,,,,0,,0,0,,5,,,,,,,,
3523,Jan Ziółkowski,pl POL,DF,Roma,it Serie A,20,2005,18,517,29,15.1,5.7,5,72,3,13,12,18,2,10,5,5,0.87,0.16,,
3524,Joshua Zirkzee,nl NED,FWMF,Manchester Utd,eng Premier League,24,2001,24,626,26,18.3,7,5,73,2,19,14,12,1.79,9,8,1,0.14,-0.44,,
3525,Budu Zivzivadze,ge GEO,FW,Heidenheim,de Bundesliga,31,1994,20,1142,57,37.3,12.7,14,70,3,6,28,0,0.7,19,30,-11,-0.87,0.07,,
3526,Luck Zogbé,ci CIV,DF,Brest,fr Ligue 1,20,2005,9,288,32,9.4,3.2,3,90,3,6,3,20,1.33,4,7,-3,-0.94,-0.65,,
3527,Guy Zohouri,fr FRA,MF,Le Havre,fr Ligue 1,18,2007,0,,,,,0,,0,0,,1,,,,,,,,
3528,Nadir Zortea,it ITA,DF,Bologna,it Serie A,26,1999,32,1819,57,53.2,20.2,16,87,11,16,27,6,1.31,20,27,-7,-0.35,-0.91,,
3529,Yanis Zouaoui,dz ALG,DFMF,Le Havre,fr Ligue 1,27,1998,30,2338,78,76.4,26,28,82,14,2,25,0,0.93,24,37,-13,-0.5,-0.63,,
3530,Igor Zubeldia,es ESP,DF,Real Sociedad,es La Liga,28,1997,25,2082,83,60.9,23.1,23,88,22,2,25,3,1.28,34,37,-3,-0.13,-0.2,,
3531,Martín Zubimendi,es ESP,MF,Arsenal,eng Premier League,26,1999,38,2992,79,87.5,33.2,34,84,22,4,32,0,2.24,57,25,32,0.96,-1.56,,
3532,Martin Ødegaard,no NOR,MF,Arsenal,eng Premier League,26,1998,24,1369,57,40,15.2,16,72,7,8,26,1,2.17,29,13,16,1.05,-0.18,,
3533,Leo Østigård,no NOR,DF,Genoa,it Serie A,25,1999,30,2622,87,76.7,29.1,30,87,28,0,,2,1.13,31,38,-7,-0.24,0.1,,
3534,Luka Đurić,rs SRB,MF,Hoffenheim,de Bundesliga,22,2003,1,10,10,0.3,0.1,0,,0,1,10,5,0,0,1,-1,-9,-9.41,,
3535,Milan Đurić,ba BIH,FW,Cremonese,it Serie A,35,1990,11,386,35,11.3,4.3,3,69,1,8,22,4,0.42,4,12,-8,-1.87,-1.36,,
3536,Milan Đurić,ba BIH,FW,Parma,it Serie A,35,1990,12,74,6,2.2,0.8,0,,0,12,6,10,0.83,1,2,-1,-1.22,-0.76,,
